{"type":"FeatureCollection","attribution":"Kejadian gerakan tanah: PVMBG, Badan Geologi, Kementerian ESDM (Portal MBG dan MAGMA Indonesia), dihimpun dan dideduplikasi oleh research/01_inventaris.py","generated_at":"2026-10-01T01:17:35+00:00","features":[{"type":"Feature","geometry":{"type":"Point","coordinates":[107.4174,-6.6951]},"properties":{"id":"pvmbg:2509_2018:2008-10-02:0","tanggal":"2008-10-02","presisi_tanggal":"hari","waktu_utc":null,"sumber":"pvmbg-lapangan","tipe":null,"desa":null,"kecamatan":"Cikalon","kab_kode":"32.17","kab_nama":"Kabupaten Bandung Barat","provinsi":"Jawa Barat"}},{"type":"Feature","geometry":{"type":"Point","coordinates":[109.7909,-7.4775]},"properties":{"id":"pvmbg:214_2019:2012-12-30:0","tanggal":"2012-12-30","presisi_tanggal":"hari","waktu_utc":null,"sumber":"pvmbg-lapangan","tipe":null,"desa":null,"kecamatan":null,"kab_kode":"33.07","kab_nama":"Kabupaten Wonosobo","provinsi":"Jawa Tengah"}},{"type":"Feature","geometry":{"type":"Point","coordinates":[109.7875,-7.4768]},"properties":{"id":"pvmbg:214_2019:2014-12-31:0","tanggal":"2014-12-31","presisi_tanggal":"tahun","waktu_utc":null,"sumber":"pvmbg-lapangan","tipe":null,"desa":null,"kecamatan":null,"kab_kode":"33.07","kab_nama":"Kabupaten Wonosobo","provinsi":"Jawa Tengah"}},{"type":"Feature","geometry":{"type":"Point","coordinates":[106.4547,-6.6406]},"properties":{"id":"magma:CRS20170429085015","tanggal":"2016-03-20","presisi_tanggal":"hari","waktu_utc":"2016-03-20T04:30:00+00:00","sumber":"magma-tanggapan","tipe":null,"desa":"Cisarua","kecamatan":"Sukajaya","kab_kode":"32.01","kab_nama":"Kabupaten Bogor","provinsi":"Jawa Barat"}},{"type":"Feature","geometry":{"type":"Point","coordinates":[108.9884,-7.2204]},"properties":{"id":"magma:CRS20170306090108","tanggal":"2016-09-17","presisi_tanggal":"hari","waktu_utc":"2016-09-17T10:58:00+00:00","sumber":"magma-tanggapan","tipe":null,"desa":"Kalijurang","kecamatan":"Tonjong","kab_kode":"33.29","kab_nama":"Kabupaten Brebes","provinsi":"Jawa Tengah"}},{"type":"Feature","geometry":{"type":"Point","coordinates":[103.5167,-4.4667]},"properties":{"id":"magma:CRS20170125183622","tanggal":"2016-12-03","presisi_tanggal":"hari","waktu_utc":"2016-12-03T00:30:00+00:00","sumber":"magma-tanggapan","tipe":null,"desa":"Cukoh Nau","kecamatan":"Sungai Are","kab_kode":"16.09","kab_nama":"Kabupaten Ogan Komering Ulu Selatan","provinsi":"Sumatera Selatan"}},{"type":"Feature","geometry":{"type":"Point","coordinates":[109.1865,-7.4788]},"properties":{"id":"magma:CRS20170126085756","tanggal":"2016-12-08","presisi_tanggal":"hari","waktu_utc":"2016-12-08T06:00:00+00:00","sumber":"magma-tanggapan","tipe":null,"desa":"Karangendep","kecamatan":"Patikraja","kab_kode":"33.02","kab_nama":"Kabupaten Banyumas","provinsi":"Jawa Tengah"}},{"type":"Feature","geometry":{"type":"Point","coordinates":[106.538,-6.5106]},"properties":{"id":"magma:CRS20170504112115","tanggal":"2017-01-04","presisi_tanggal":"hari","waktu_utc":"2017-01-04T07:00:00+00:00","sumber":"magma-tanggapan","tipe":null,"desa":"Cintamanik","kecamatan":"Cigudeg","kab_kode":"32.01","kab_nama":"Kabupaten Bogor","provinsi":"Jawa Barat"}},{"type":"Feature","geometry":{"type":"Point","coordinates":[108.8315,-7.1962]},"properties":{"id":"magma:CRS20170306085156","tanggal":"2017-01-06","presisi_tanggal":"hari","waktu_utc":"2017-01-06T02:47:00+00:00","sumber":"magma-tanggapan","tipe":null,"desa":"Gunung Larang","kecamatan":"Salem","kab_kode":"33.29","kab_nama":"Kabupaten Brebes","provinsi":"Jawa Tengah"}},{"type":"Feature","geometry":{"type":"Point","coordinates":[140.6597,-2.609]},"properties":{"id":"magma:CRS20170109204836","tanggal":"2017-01-08","presisi_tanggal":"hari","waktu_utc":"2017-01-08T14:00:00+00:00","sumber":"magma-tanggapan","tipe":null,"desa":"Kota Baru","kecamatan":"Abepura","kab_kode":"91.71","kab_nama":"Kota Jayapura","provinsi":"Papua"}},{"type":"Feature","geometry":{"type":"Point","coordinates":[115.0908,-8.3882]},"properties":{"id":"magma:CRS20170109205400","tanggal":"2017-01-08","presisi_tanggal":"hari","waktu_utc":"2017-01-08T12:00:00+00:00","sumber":"magma-tanggapan","tipe":null,"desa":"Wongaya Gede","kecamatan":"Penebel","kab_kode":"51.02","kab_nama":"Kabupaten Tabanan","provinsi":"Bali"}},{"type":"Feature","geometry":{"type":"Point","coordinates":[108.5303,-7.0096]},"properties":{"id":"magma:CRS20170111081625","tanggal":"2017-01-09","presisi_tanggal":"hari","waktu_utc":"2017-01-09T09:30:00+00:00","sumber":"magma-tanggapan","tipe":null,"desa":"Pakembangan","kecamatan":"Garawangi","kab_kode":"32.08","kab_nama":"Kabupaten Kuningan","provinsi":"Jawa Barat"}},{"type":"Feature","geometry":{"type":"Point","coordinates":[108.0261,-6.9066]},"properties":{"id":"magma:CRS20170111160103","tanggal":"2017-01-10","presisi_tanggal":"hari","waktu_utc":"2017-01-09T18:00:00+00:00","sumber":"magma-tanggapan","tipe":null,"desa":"Cimarga","kecamatan":"Cisitu","kab_kode":"32.11","kab_nama":"Kabupaten Sumedang","provinsi":"Jawa Barat"}},{"type":"Feature","geometry":{"type":"Point","coordinates":[110.456,-7.1009]},"properties":{"id":"magma:CRS20170303103647","tanggal":"2017-01-15","presisi_tanggal":"hari","waktu_utc":"2017-01-15T03:36:00+00:00","sumber":"magma-tanggapan","tipe":null,"desa":"Mluweh","kecamatan":"Ungaran Timur","kab_kode":"33.22","kab_nama":"Kabupaten Semarang","provinsi":"Jawa Tengah"}},{"type":"Feature","geometry":{"type":"Point","coordinates":[112.6169,-7.6905]},"properties":{"id":"magma:CRS20170303105156","tanggal":"2017-01-15","presisi_tanggal":"hari","waktu_utc":"2017-01-15T00:50:00+00:00","sumber":"magma-tanggapan","tipe":null,"desa":"Lumbang Rejo","kecamatan":"Prigen","kab_kode":"35.14","kab_nama":"Kabupaten Pasuruan","provinsi":"Jawa Timur"}},{"type":"Feature","geometry":{"type":"Point","coordinates":[110.4322,-7.102]},"properties":{"id":"magma:CRS20170303153814","tanggal":"2017-01-15","presisi_tanggal":"hari","waktu_utc":"2017-01-15T10:00:00+00:00","sumber":"magma-tanggapan","tipe":null,"desa":"Susukan","kecamatan":"Ungaran Timur","kab_kode":"33.22","kab_nama":"Kabupaten Semarang","provinsi":"Jawa Tengah"}},{"type":"Feature","geometry":{"type":"Point","coordinates":[110.09,-7.3072]},"properties":{"id":"magma:CRS20170117213414","tanggal":"2017-01-16","presisi_tanggal":"hari","waktu_utc":"2017-01-15T19:00:00+00:00","sumber":"magma-tanggapan","tipe":null,"desa":"Gandurejo","kecamatan":"Bulu","kab_kode":"33.23","kab_nama":"Kabupaten Temanggung","provinsi":"Jawa Tengah"}},{"type":"Feature","geometry":{"type":"Point","coordinates":[117.2265,-0.4297]},"properties":{"id":"magma:CRS20170303104253","tanggal":"2017-01-16","presisi_tanggal":"hari","waktu_utc":"2017-01-16T00:25:00+00:00","sumber":"magma-tanggapan","tipe":null,"desa":"Tanah Merah","kecamatan":"Samarinda Utara","kab_kode":"64.72","kab_nama":"Kota Samarinda","provinsi":"Kalimantan Timur"}},{"type":"Feature","geometry":{"type":"Point","coordinates":[115.2926,-8.5259]},"properties":{"id":"magma:CRS20170303104717","tanggal":"2017-01-16","presisi_tanggal":"hari","waktu_utc":"2017-01-16T00:05:00+00:00","sumber":"magma-tanggapan","tipe":null,"desa":"Bedulu","kecamatan":"Blahbatuh","kab_kode":"51.04","kab_nama":"Kabupaten Gianyar","provinsi":"Bali"}},{"type":"Feature","geometry":{"type":"Point","coordinates":[113.6949,-7.8412]},"properties":{"id":"magma:CRS20170303113237","tanggal":"2017-01-16","presisi_tanggal":"hari","waktu_utc":"2017-01-16T01:30:00+00:00","sumber":"magma-tanggapan","tipe":null,"desa":"Taman","kecamatan":"Sumbermalang","kab_kode":"35.12","kab_nama":"Kabupaten Situbondo","provinsi":"Jawa Timur"}},{"type":"Feature","geometry":{"type":"Point","coordinates":[110.1099,-7.7839]},"properties":{"id":"magma:CRS20170118154510","tanggal":"2017-01-17","presisi_tanggal":"hari","waktu_utc":"2017-01-17T07:30:00+00:00","sumber":"magma-tanggapan","tipe":null,"desa":"Hargotirto","kecamatan":"Kokap","kab_kode":"34.01","kab_nama":"Kabupaten Kulon Progo","provinsi":"Daerah Istimewa Yogyakarta"}},{"type":"Feature","geometry":{"type":"Point","coordinates":[106.632,-7.3576]},"properties":{"id":"magma:CRS20170118160743","tanggal":"2017-01-18","presisi_tanggal":"hari","waktu_utc":"2017-01-18T00:15:00+00:00","sumber":"magma-tanggapan","tipe":null,"desa":"Cibitung","kecamatan":"Sagaranten","kab_kode":"32.02","kab_nama":"Kabupaten Sukabumi","provinsi":"Jawa Barat"}},{"type":"Feature","geometry":{"type":"Point","coordinates":[109.0114,-7.4545]},"properties":{"id":"magma:CRS20170126090233","tanggal":"2017-01-18","presisi_tanggal":"hari","waktu_utc":"2017-01-18T12:00:00+00:00","sumber":"magma-tanggapan","tipe":null,"desa":"Karangkemojing","kecamatan":"Gumelar","kab_kode":"33.02","kab_nama":"Kabupaten Banyumas","provinsi":"Jawa Tengah"}},{"type":"Feature","geometry":{"type":"Point","coordinates":[109.0037,-7.4429]},"properties":{"id":"magma:CRS20170303130637","tanggal":"2017-01-24","presisi_tanggal":"hari","waktu_utc":"2017-01-24T16:15:00+00:00","sumber":"magma-tanggapan","tipe":null,"desa":"Karangkemojing","kecamatan":"Gumelar","kab_kode":"33.02","kab_nama":"Kabupaten Banyumas","provinsi":"Jawa Tengah"}},{"type":"Feature","geometry":{"type":"Point","coordinates":[112.3725,-7.8157]},"properties":{"id":"magma:CRS20170303133730","tanggal":"2017-01-30","presisi_tanggal":"hari","waktu_utc":"2017-01-30T03:05:00+00:00","sumber":"magma-tanggapan","tipe":null,"desa":"Jombok","kecamatan":"Ngantang","kab_kode":"35.07","kab_nama":"Kabupaten Malang","provinsi":"Jawa Timur"}},{"type":"Feature","geometry":{"type":"Point","coordinates":[113.5478,-6.9432]},"properties":{"id":"magma:CRS20170303152103","tanggal":"2017-01-31","presisi_tanggal":"hari","waktu_utc":"2017-01-31T02:45:00+00:00","sumber":"magma-tanggapan","tipe":null,"desa":"Waru","kecamatan":"Waru","kab_kode":"35.28","kab_nama":"Kabupaten Pamekasan","provinsi":"Jawa Timur"}},{"type":"Feature","geometry":{"type":"Point","coordinates":[110.4083,-7.4911]},"properties":{"id":"magma:CRS20170303114208","tanggal":"2017-02-01","presisi_tanggal":"hari","waktu_utc":"2017-02-01T03:00:00+00:00","sumber":"magma-tanggapan","tipe":null,"desa":"Wonolelo","kecamatan":"Sawangan","kab_kode":"33.08","kab_nama":"Kabupaten Magelang","provinsi":"Jawa Tengah"}},{"type":"Feature","geometry":{"type":"Point","coordinates":[112.894,-8.0379]},"properties":{"id":"magma:CRS20170303114453","tanggal":"2017-02-02","presisi_tanggal":"hari","waktu_utc":"2017-02-02T01:00:00+00:00","sumber":"magma-tanggapan","tipe":null,"desa":"Ngadas","kecamatan":"Poncokusumo","kab_kode":"35.07","kab_nama":"Kabupaten Malang","provinsi":"Jawa Timur"}},{"type":"Feature","geometry":{"type":"Point","coordinates":[115.2215,-8.5763]},"properties":{"id":"magma:CRS20170303114839","tanggal":"2017-02-02","presisi_tanggal":"hari","waktu_utc":"2017-02-02T01:00:00+00:00","sumber":"magma-tanggapan","tipe":null,"desa":"Sibang Gede","kecamatan":"Abiansemal","kab_kode":"51.03","kab_nama":"Kabupaten Badung","provinsi":"Bali"}},{"type":"Feature","geometry":{"type":"Point","coordinates":[110.5364,-7.8055]},"properties":{"id":"magma:CRS20170303115049","tanggal":"2017-02-02","presisi_tanggal":"hari","waktu_utc":"2017-02-02T02:50:00+00:00","sumber":"magma-tanggapan","tipe":null,"desa":"Gayam Harjo","kecamatan":"Prambanan","kab_kode":"34.04","kab_nama":"Kabupaten Sleman","provinsi":"Daerah Istimewa Yogyakarta"}},{"type":"Feature","geometry":{"type":"Point","coordinates":[110.5066,-7.7813]},"properties":{"id":"magma:CRS20170303115236","tanggal":"2017-02-02","presisi_tanggal":"hari","waktu_utc":"2017-02-01T22:00:00+00:00","sumber":"magma-tanggapan","tipe":null,"desa":"Sambi Rejo","kecamatan":"Prambanan","kab_kode":"34.04","kab_nama":"Kabupaten Sleman","provinsi":"Daerah Istimewa Yogyakarta"}},{"type":"Feature","geometry":{"type":"Point","coordinates":[110.5186,-7.8167]},"properties":{"id":"magma:CRS20170303115410","tanggal":"2017-02-02","presisi_tanggal":"hari","waktu_utc":"2017-02-02T01:00:00+00:00","sumber":"magma-tanggapan","tipe":null,"desa":"Wukir Harjo","kecamatan":"Prambanan","kab_kode":"34.04","kab_nama":"Kabupaten Sleman","provinsi":"Daerah Istimewa Yogyakarta"}},{"type":"Feature","geometry":{"type":"Point","coordinates":[110.2743,-7.2852]},"properties":{"id":"magma:CRS20170303115514","tanggal":"2017-02-02","presisi_tanggal":"hari","waktu_utc":"2017-02-02T02:00:00+00:00","sumber":"magma-tanggapan","tipe":null,"desa":"Tleter","kecamatan":"Kaloran","kab_kode":"33.23","kab_nama":"Kabupaten Temanggung","provinsi":"Jawa Tengah"}},{"type":"Feature","geometry":{"type":"Point","coordinates":[115.3001,-8.4611]},"properties":{"id":"magma:CRS20170303152313","tanggal":"2017-02-02","presisi_tanggal":"hari","waktu_utc":"2017-02-01T23:00:00+00:00","sumber":"magma-tanggapan","tipe":null,"desa":"Sanding","kecamatan":"Tampaksiring","kab_kode":"51.04","kab_nama":"Kabupaten Gianyar","provinsi":"Bali"}},{"type":"Feature","geometry":{"type":"Point","coordinates":[114.918,-8.3394]},"properties":{"id":"magma:CRS20170303155637","tanggal":"2017-02-02","presisi_tanggal":"hari","waktu_utc":"2017-02-02T04:30:00+00:00","sumber":"magma-tanggapan","tipe":null,"desa":"Sepang","kecamatan":"Busungbiu","kab_kode":"51.08","kab_nama":"Kabupaten Buleleng","provinsi":"Bali"}},{"type":"Feature","geometry":{"type":"Point","coordinates":[106.3853,-6.622]},"properties":{"id":"magma:CRS20170206103427","tanggal":"2017-02-04","presisi_tanggal":"hari","waktu_utc":"2017-02-04T04:30:00+00:00","sumber":"magma-tanggapan","tipe":null,"desa":"Lebakgedong","kecamatan":"Lebakgedong","kab_kode":"36.02","kab_nama":"Kabupaten Lebak","provinsi":"Banten"}},{"type":"Feature","geometry":{"type":"Point","coordinates":[119.716,-5.2676]},"properties":{"id":"magma:CRS20170206104144","tanggal":"2017-02-04","presisi_tanggal":"hari","waktu_utc":"2017-02-03T22:00:00+00:00","sumber":"magma-tanggapan","tipe":null,"desa":"Lonjoboko","kecamatan":"Parangloe","kab_kode":"73.06","kab_nama":"Kabupaten Gowa","provinsi":"Sulawesi Selatan"}},{"type":"Feature","geometry":{"type":"Point","coordinates":[107.2603,-7.198]},"properties":{"id":"magma:CRS20170306091240","tanggal":"2017-02-05","presisi_tanggal":"hari","waktu_utc":"2017-02-05T10:10:00+00:00","sumber":"magma-tanggapan","tipe":null,"desa":"Cipelah","kecamatan":"Rancabali","kab_kode":"32.04","kab_nama":"Kabupaten Bandung","provinsi":"Jawa Barat"}},{"type":"Feature","geometry":{"type":"Point","coordinates":[106.7156,-6.9911]},"properties":{"id":"magma:CRS20170207204244","tanggal":"2017-02-06","presisi_tanggal":"hari","waktu_utc":"2017-02-06T09:15:00+00:00","sumber":"magma-tanggapan","tipe":null,"desa":"Bantarkalong","kecamatan":"Warung Kiara","kab_kode":"32.02","kab_nama":"Kabupaten Sukabumi","provinsi":"Jawa Barat"}},{"type":"Feature","geometry":{"type":"Point","coordinates":[115.4167,-8.2171]},"properties":{"id":"magma:CRS20170210155007","tanggal":"2017-02-09","presisi_tanggal":"hari","waktu_utc":"2017-02-09T15:00:00+00:00","sumber":"magma-tanggapan","tipe":null,"desa":"Songan B","kecamatan":"Kintamani","kab_kode":"51.06","kab_nama":"Kabupaten Bangli","provinsi":"Bali"}},{"type":"Feature","geometry":{"type":"Point","coordinates":[111.2428,-7.9615]},"properties":{"id":"magma:CRS20170303110442","tanggal":"2017-02-11","presisi_tanggal":"hari","waktu_utc":"2017-02-11T02:00:00+00:00","sumber":"magma-tanggapan","tipe":null,"desa":"Jeruk","kecamatan":"Bandar","kab_kode":"35.01","kab_nama":"Kabupaten Pacitan","provinsi":"Jawa Timur"}},{"type":"Feature","geometry":{"type":"Point","coordinates":[113.6621,-7.876]},"properties":{"id":"magma:CRS20170303132137","tanggal":"2017-02-11","presisi_tanggal":"hari","waktu_utc":"2017-02-11T16:11:00+00:00","sumber":"magma-tanggapan","tipe":null,"desa":"Alas Tengah","kecamatan":"Sumbermalang","kab_kode":"35.12","kab_nama":"Kabupaten Situbondo","provinsi":"Jawa Timur"}},{"type":"Feature","geometry":{"type":"Point","coordinates":[106.9475,-6.6927]},"properties":{"id":"magma:CRS20170303154014","tanggal":"2017-02-11","presisi_tanggal":"hari","waktu_utc":"2017-02-11T03:00:00+00:00","sumber":"magma-tanggapan","tipe":null,"desa":"Tugumukti","kecamatan":"Cisarua","kab_kode":"32.01","kab_nama":"Kabupaten Bogor","provinsi":"Jawa Barat"}},{"type":"Feature","geometry":{"type":"Point","coordinates":[106.9475,-6.6927]},"properties":{"id":"magma:CRS20170303105754","tanggal":"2017-02-12","presisi_tanggal":"hari","waktu_utc":"2017-02-12T01:00:00+00:00","sumber":"magma-tanggapan","tipe":null,"desa":"Tugumukti","kecamatan":"Cisarua","kab_kode":"32.01","kab_nama":"Kabupaten Bogor","provinsi":"Jawa Barat"}},{"type":"Feature","geometry":{"type":"Point","coordinates":[111.5975,-8.0424]},"properties":{"id":"magma:CRS20170303120204","tanggal":"2017-02-12","presisi_tanggal":"hari","waktu_utc":"2017-02-12T03:00:00+00:00","sumber":"magma-tanggapan","tipe":null,"desa":"Nglinggis","kecamatan":"Tugu","kab_kode":"35.03","kab_nama":"Kabupaten Trenggalek","provinsi":"Jawa Timur"}},{"type":"Feature","geometry":{"type":"Point","coordinates":[111.5458,-8.0466]},"properties":{"id":"magma:CRS20170303151901","tanggal":"2017-02-12","presisi_tanggal":"hari","waktu_utc":"2017-02-12T01:25:00+00:00","sumber":"magma-tanggapan","tipe":null,"desa":"Jrakah","kecamatan":"Sambit","kab_kode":"35.02","kab_nama":"Kabupaten Ponorogo","provinsi":"Jawa Timur"}},{"type":"Feature","geometry":{"type":"Point","coordinates":[125.205,1.4493]},"properties":{"id":"magma:CRS20170303154310","tanggal":"2017-02-12","presisi_tanggal":"hari","waktu_utc":"2017-02-12T01:00:00+00:00","sumber":"magma-tanggapan","tipe":null,"desa":"Aertembaga Satu","kecamatan":"Aertembaga","kab_kode":"71.72","kab_nama":"Kota Bitung","provinsi":"Sulawesi Utara"}},{"type":"Feature","geometry":{"type":"Point","coordinates":[125.1908,1.4539]},"properties":{"id":"magma:CRS20170303154536","tanggal":"2017-02-12","presisi_tanggal":"hari","waktu_utc":"2017-02-12T00:45:00+00:00","sumber":"magma-tanggapan","tipe":null,"desa":"Pateten Tiga","kecamatan":"Maesa","kab_kode":"71.72","kab_nama":"Kota Bitung","provinsi":"Sulawesi Utara"}},{"type":"Feature","geometry":{"type":"Point","coordinates":[125.2396,1.4386]},"properties":{"id":"magma:CRS20170303154742","tanggal":"2017-02-12","presisi_tanggal":"hari","waktu_utc":"2017-02-12T07:00:00+00:00","sumber":"magma-tanggapan","tipe":null,"desa":"Mawali","kecamatan":"Lembeh Utara","kab_kode":"71.72","kab_nama":"Kota Bitung","provinsi":"Sulawesi Utara"}},{"type":"Feature","geometry":{"type":"Point","coordinates":[108.3925,-7.01]},"properties":{"id":"magma:CRS20170306090743","tanggal":"2017-02-17","presisi_tanggal":"hari","waktu_utc":"2017-02-16T22:30:00+00:00","sumber":"magma-tanggapan","tipe":null,"desa":"Kawahmanuk","kecamatan":"Darma","kab_kode":"32.08","kab_nama":"Kabupaten Kuningan","provinsi":"Jawa Barat"}},{"type":"Feature","geometry":{"type":"Point","coordinates":[109.4557,-7.2173]},"properties":{"id":"magma:CRS20170303111247","tanggal":"2017-02-19","presisi_tanggal":"hari","waktu_utc":"2017-02-19T00:00:00+00:00","sumber":"magma-tanggapan","tipe":null,"desa":"Sirau","kecamatan":"Karangmoncol","kab_kode":"33.03","kab_nama":"Kabupaten Purbalingga","provinsi":"Jawa Tengah"}},{"type":"Feature","geometry":{"type":"Point","coordinates":[107.0097,-6.2546]},"properties":{"id":"magma:CRS20170303111445","tanggal":"2017-02-19","presisi_tanggal":"hari","waktu_utc":"2017-02-19T01:10:00+00:00","sumber":"magma-tanggapan","tipe":null,"desa":"Margahayu","kecamatan":"Bekasi Timur","kab_kode":"32.75","kab_nama":"Kota Bekasi","provinsi":"Jawa Barat"}},{"type":"Feature","geometry":{"type":"Point","coordinates":[107.9384,-7.3411]},"properties":{"id":"magma:CRS20170303111004","tanggal":"2017-02-20","presisi_tanggal":"hari","waktu_utc":"2017-02-20T02:00:00+00:00","sumber":"magma-tanggapan","tipe":null,"desa":"Tenjowaringin","kecamatan":"Salawu","kab_kode":"32.06","kab_nama":"Kabupaten Tasikmalaya","provinsi":"Jawa Barat"}},{"type":"Feature","geometry":{"type":"Point","coordinates":[109.1791,-7.3862]},"properties":{"id":"magma:CRS20170303112013","tanggal":"2017-02-20","presisi_tanggal":"hari","waktu_utc":"2017-02-20T04:03:00+00:00","sumber":"magma-tanggapan","tipe":null,"desa":"Babakan","kecamatan":"Karanglewas","kab_kode":"33.02","kab_nama":"Kabupaten Banyumas","provinsi":"Jawa Tengah"}},{"type":"Feature","geometry":{"type":"Point","coordinates":[106.6156,-6.5281]},"properties":{"id":"magma:CRS20170504092408","tanggal":"2017-02-21","presisi_tanggal":"hari","waktu_utc":"2017-02-20T21:00:00+00:00","sumber":"magma-tanggapan","tipe":null,"desa":"Leuwibatu","kecamatan":"Rumpin","kab_kode":"32.01","kab_nama":"Kabupaten Bogor","provinsi":"Jawa Barat"}},{"type":"Feature","geometry":{"type":"Point","coordinates":[106.9221,-6.4647]},"properties":{"id":"magma:CRS20170504111645","tanggal":"2017-02-23","presisi_tanggal":"hari","waktu_utc":"2017-02-23T10:00:00+00:00","sumber":"magma-tanggapan","tipe":null,"desa":"Nambo","kecamatan":"Kelapa Nunggal","kab_kode":"32.01","kab_nama":"Kabupaten Bogor","provinsi":"Jawa Barat"}},{"type":"Feature","geometry":{"type":"Point","coordinates":[107.3738,-7.0083]},"properties":{"id":"magma:CRS20170504110622","tanggal":"2017-02-25","presisi_tanggal":"hari","waktu_utc":"2017-02-25T09:30:00+00:00","sumber":"magma-tanggapan","tipe":null,"desa":"Cicangkang Girang","kecamatan":"Sindangkerta","kab_kode":"32.17","kab_nama":"Kabupaten Bandung Barat","provinsi":"Jawa Barat"}},{"type":"Feature","geometry":{"type":"Point","coordinates":[109.9274,-7.2027]},"properties":{"id":"magma:CRS20170227113334","tanggal":"2017-02-26","presisi_tanggal":"hari","waktu_utc":"2017-02-26T09:10:00+00:00","sumber":"magma-tanggapan","tipe":null,"desa":"Patakbanteng","kecamatan":"Kejajar","kab_kode":"33.07","kab_nama":"Kabupaten Wonosobo","provinsi":"Jawa Tengah"}},{"type":"Feature","geometry":{"type":"Point","coordinates":[110.2773,-7.2723]},"properties":{"id":"magma:CRS20170305101022","tanggal":"2017-02-28","presisi_tanggal":"hari","waktu_utc":"2017-02-27T23:00:00+00:00","sumber":"magma-tanggapan","tipe":null,"desa":"Getas","kecamatan":"Kaloran","kab_kode":"33.23","kab_nama":"Kabupaten Temanggung","provinsi":"Jawa Tengah"}},{"type":"Feature","geometry":{"type":"Point","coordinates":[108.084,-6.7891]},"properties":{"id":"magma:CRS20170307104102","tanggal":"2017-03-06","presisi_tanggal":"hari","waktu_utc":"2017-03-06T12:30:00+00:00","sumber":"magma-tanggapan","tipe":null,"desa":"Bugel","kecamatan":"Tomo","kab_kode":"32.11","kab_nama":"Kabupaten Sumedang","provinsi":"Jawa Barat"}},{"type":"Feature","geometry":{"type":"Point","coordinates":[107.5845,-7.1065]},"properties":{"id":"magma:CRS20170331095752","tanggal":"2017-03-07","presisi_tanggal":"hari","waktu_utc":"2017-03-06T19:00:00+00:00","sumber":"magma-tanggapan","tipe":null,"desa":"Campakamulya","kecamatan":"Cimaung","kab_kode":"32.04","kab_nama":"Kabupaten Bandung","provinsi":"Jawa Barat"}},{"type":"Feature","geometry":{"type":"Point","coordinates":[107.5845,-7.1065]},"properties":{"id":"magma:CRS20170331095755","tanggal":"2017-03-07","presisi_tanggal":"hari","waktu_utc":"2017-03-06T19:00:00+00:00","sumber":"magma-tanggapan","tipe":null,"desa":"Campakamulya","kecamatan":"Cimaung","kab_kode":"32.04","kab_nama":"Kabupaten Bandung","provinsi":"Jawa Barat"}},{"type":"Feature","geometry":{"type":"Point","coordinates":[107.5845,-7.1065]},"properties":{"id":"magma:CRS20170331095756","tanggal":"2017-03-07","presisi_tanggal":"hari","waktu_utc":"2017-03-06T19:00:00+00:00","sumber":"magma-tanggapan","tipe":null,"desa":"Campakamulya","kecamatan":"Cimaung","kab_kode":"32.04","kab_nama":"Kabupaten Bandung","provinsi":"Jawa Barat"}},{"type":"Feature","geometry":{"type":"Point","coordinates":[107.4361,-6.9835]},"properties":{"id":"magma:CRS20170312191415","tanggal":"2017-03-10","presisi_tanggal":"hari","waktu_utc":"2017-03-10T15:00:00+00:00","sumber":"magma-tanggapan","tipe":null,"desa":"Cililin","kecamatan":"Cililin","kab_kode":"32.17","kab_nama":"Kabupaten Bandung Barat","provinsi":"Jawa Barat"}},{"type":"Feature","geometry":{"type":"Point","coordinates":[107.4998,-7.3308]},"properties":{"id":"magma:CRS20170331100348","tanggal":"2017-03-18","presisi_tanggal":"hari","waktu_utc":"2017-03-18T05:00:00+00:00","sumber":"magma-tanggapan","tipe":null,"desa":"Sukajaya","kecamatan":"Cisewu","kab_kode":"32.05","kab_nama":"Kabupaten Garut","provinsi":"Jawa Barat"}},{"type":"Feature","geometry":{"type":"Point","coordinates":[111.7078,-7.824]},"properties":{"id":"magma:CRS20170401192415","tanggal":"2017-04-01","presisi_tanggal":"hari","waktu_utc":"2017-03-31T23:00:00+00:00","sumber":"magma-tanggapan","tipe":null,"desa":"Banaran","kecamatan":"Pulung","kab_kode":"35.02","kab_nama":"Kabupaten Ponorogo","provinsi":"Jawa Timur"}},{"type":"Feature","geometry":{"type":"Point","coordinates":[111.7075,-7.8225]},"properties":{"id":"magma:CRS20170410094254","tanggal":"2017-04-01","presisi_tanggal":"hari","waktu_utc":"2017-04-01T00:30:00+00:00","sumber":"magma-tanggapan","tipe":null,"desa":"Banaran","kecamatan":"Pulung","kab_kode":"35.02","kab_nama":"Kabupaten Ponorogo","provinsi":"Jawa Timur"}},{"type":"Feature","geometry":{"type":"Point","coordinates":[111.7078,-7.824]},"properties":{"id":"magma:CRS20170421090151","tanggal":"2017-04-01","presisi_tanggal":"hari","waktu_utc":"2017-04-01T00:30:00+00:00","sumber":"magma-tanggapan","tipe":null,"desa":"Banaran","kecamatan":"Pulung","kab_kode":"35.02","kab_nama":"Kabupaten Ponorogo","provinsi":"Jawa Timur"}},{"type":"Feature","geometry":{"type":"Point","coordinates":[120.2223,-3.3823]},"properties":{"id":"magma:CRS20170406150037","tanggal":"2017-04-05","presisi_tanggal":"hari","waktu_utc":"2017-04-05T01:58:00+00:00","sumber":"magma-tanggapan","tipe":null,"desa":"Saronda","kecamatan":"Bajo Barat","kab_kode":"73.17","kab_nama":"Kabupaten Luwu","provinsi":"Sulawesi Selatan"}},{"type":"Feature","geometry":{"type":"Point","coordinates":[111.8034,-7.7856]},"properties":{"id":"magma:CRS20170410093041","tanggal":"2017-04-09","presisi_tanggal":"hari","waktu_utc":"2017-04-09T07:00:00+00:00","sumber":"magma-tanggapan","tipe":null,"desa":"Kepel","kecamatan":"Ngetos","kab_kode":"35.18","kab_nama":"Kabupaten Nganjuk","provinsi":"Jawa Timur"}},{"type":"Feature","geometry":{"type":"Point","coordinates":[111.2848,-7.9201]},"properties":{"id":"magma:CRS20170410104758","tanggal":"2017-04-09","presisi_tanggal":"hari","waktu_utc":"2017-04-09T04:45:00+00:00","sumber":"magma-tanggapan","tipe":null,"desa":"Dayakan","kecamatan":"Badegan","kab_kode":"35.02","kab_nama":"Kabupaten Ponorogo","provinsi":"Jawa Timur"}},{"type":"Feature","geometry":{"type":"Point","coordinates":[111.2994,-7.9098]},"properties":{"id":"magma:CRS20170421091358","tanggal":"2017-04-09","presisi_tanggal":"hari","waktu_utc":"2017-04-08T17:00:00+00:00","sumber":"magma-tanggapan","tipe":null,"desa":"Dayakan","kecamatan":"Badegan","kab_kode":"35.02","kab_nama":"Kabupaten Ponorogo","provinsi":"Jawa Timur"}},{"type":"Feature","geometry":{"type":"Point","coordinates":[112.2214,-7.815]},"properties":{"id":"magma:CRS20170427105349","tanggal":"2017-04-24","presisi_tanggal":"hari","waktu_utc":"2017-04-24T06:00:00+00:00","sumber":"magma-tanggapan","tipe":null,"desa":"Manggis","kecamatan":"Puncu","kab_kode":"35.06","kab_nama":"Kabupaten Kediri","provinsi":"Jawa Timur"}},{"type":"Feature","geometry":{"type":"Point","coordinates":[110.7382,-7.8693]},"properties":{"id":"magma:CRS20170427110010","tanggal":"2017-04-26","presisi_tanggal":"hari","waktu_utc":"2017-04-26T04:00:00+00:00","sumber":"magma-tanggapan","tipe":null,"desa":"Semin","kecamatan":"Semin","kab_kode":"34.03","kab_nama":"Kabupaten Gunungkidul","provinsi":"Daerah Istimewa Yogyakarta"}},{"type":"Feature","geometry":{"type":"Point","coordinates":[98.9356,2.7148]},"properties":{"id":"magma:CRS20170429184555","tanggal":"2017-04-28","presisi_tanggal":"hari","waktu_utc":"2017-04-28T09:00:00+00:00","sumber":"magma-tanggapan","tipe":null,"desa":"Sibaganding","kecamatan":"Girsang Sipangan Bolon","kab_kode":"12.08","kab_nama":"Kabupaten Simalungun","provinsi":"Sumatera Utara"}},{"type":"Feature","geometry":{"type":"Point","coordinates":[108.8796,-7.4597]},"properties":{"id":"magma:CRS20170429185249","tanggal":"2017-04-28","presisi_tanggal":"hari","waktu_utc":"2017-04-28T10:00:00+00:00","sumber":"magma-tanggapan","tipe":null,"desa":"Cinangsi","kecamatan":"Gandrungmangu","kab_kode":"33.01","kab_nama":"Kabupaten Cilacap","provinsi":"Jawa Tengah"}},{"type":"Feature","geometry":{"type":"Point","coordinates":[106.8282,-6.5874]},"properties":{"id":"magma:CRS20170429185620","tanggal":"2017-04-28","presisi_tanggal":"hari","waktu_utc":"2017-04-28T11:00:00+00:00","sumber":"magma-tanggapan","tipe":null,"desa":"Cimahpar","kecamatan":"Bogor Utara","kab_kode":"32.71","kab_nama":"Kota Bogor","provinsi":"Jawa Barat"}},{"type":"Feature","geometry":{"type":"Point","coordinates":[108.8622,-7.4703]},"properties":{"id":"magma:CRS20170502174827","tanggal":"2017-04-30","presisi_tanggal":"hari","waktu_utc":"2017-04-29T23:00:00+00:00","sumber":"magma-tanggapan","tipe":null,"desa":"Cinangsi","kecamatan":"Gandrungmangu","kab_kode":"33.01","kab_nama":"Kabupaten Cilacap","provinsi":"Jawa Tengah"}},{"type":"Feature","geometry":{"type":"Point","coordinates":[112.3946,-7.7251]},"properties":{"id":"magma:CRS20170502145244","tanggal":"2017-05-01","presisi_tanggal":"hari","waktu_utc":"2017-05-01T09:00:00+00:00","sumber":"magma-tanggapan","tipe":null,"desa":"Jarak","kecamatan":"Wonosalam","kab_kode":"35.17","kab_nama":"Kabupaten Jombang","provinsi":"Jawa Timur"}},{"type":"Feature","geometry":{"type":"Point","coordinates":[111.1015,-7.5916]},"properties":{"id":"magma:CRS20170502175223","tanggal":"2017-05-01","presisi_tanggal":"hari","waktu_utc":"2017-05-01T05:40:00+00:00","sumber":"magma-tanggapan","tipe":null,"desa":"Ngargoyoso","kecamatan":"Ngargoyoso","kab_kode":"33.13","kab_nama":"Kabupaten Karanganyar","provinsi":"Jawa Tengah"}},{"type":"Feature","geometry":{"type":"Point","coordinates":[111.6994,-8.0207]},"properties":{"id":"magma:CRS20170502174124","tanggal":"2017-05-02","presisi_tanggal":"hari","waktu_utc":"2017-05-01T19:00:00+00:00","sumber":"magma-tanggapan","tipe":null,"desa":"Ngares","kecamatan":"Trenggalek","kab_kode":"35.03","kab_nama":"Kabupaten Trenggalek","provinsi":"Jawa Timur"}},{"type":"Feature","geometry":{"type":"Point","coordinates":[107.4618,-7.1455]},"properties":{"id":"magma:CRS20170503212749","tanggal":"2017-05-03","presisi_tanggal":"hari","waktu_utc":"2017-05-03T08:24:00+00:00","sumber":"magma-tanggapan","tipe":null,"desa":"Margamulya","kecamatan":"Pasirjambu","kab_kode":"32.04","kab_nama":"Kabupaten Bandung","provinsi":"Jawa Barat"}},{"type":"Feature","geometry":{"type":"Point","coordinates":[111.1366,-7.5521]},"properties":{"id":"magma:CRS20170505085212","tanggal":"2017-05-03","presisi_tanggal":"hari","waktu_utc":"2017-05-03T09:00:00+00:00","sumber":"magma-tanggapan","tipe":null,"desa":"Sidomukti","kecamatan":"Jenawi","kab_kode":"33.13","kab_nama":"Kabupaten Karanganyar","provinsi":"Jawa Tengah"}},{"type":"Feature","geometry":{"type":"Point","coordinates":[102.3993,-3.2772]},"properties":{"id":"magma:CRS20170505090029","tanggal":"2017-05-03","presisi_tanggal":"hari","waktu_utc":"2017-05-02T17:30:00+00:00","sumber":"magma-tanggapan","tipe":null,"desa":"Talang Ratu","kecamatan":"Rimbo Pengadang","kab_kode":"17.07","kab_nama":"Kabupaten Lebong","provinsi":"Bengkulu"}},{"type":"Feature","geometry":{"type":"Point","coordinates":[110.167,-7.7342]},"properties":{"id":"magma:CRS20170505090643","tanggal":"2017-05-03","presisi_tanggal":"hari","waktu_utc":"2017-05-03T10:00:00+00:00","sumber":"magma-tanggapan","tipe":null,"desa":"Purwosari","kecamatan":"Girimulyo","kab_kode":"34.01","kab_nama":"Kabupaten Kulon Progo","provinsi":"Daerah Istimewa Yogyakarta"}},{"type":"Feature","geometry":{"type":"Point","coordinates":[100.7591,-0.7109]},"properties":{"id":"magma:CRS20170505162658","tanggal":"2017-05-03","presisi_tanggal":"hari","waktu_utc":"2017-05-03T12:30:00+00:00","sumber":"magma-tanggapan","tipe":null,"desa":"Pasar Kubang","kecamatan":"Lembah Segar","kab_kode":"13.73","kab_nama":"Kota Sawahlunto","provinsi":"Sumatera Barat"}},{"type":"Feature","geometry":{"type":"Point","coordinates":[110.6467,-7.8077]},"properties":{"id":"magma:CRS20170505161327","tanggal":"2017-05-04","presisi_tanggal":"hari","waktu_utc":"2017-05-04T08:00:00+00:00","sumber":"magma-tanggapan","tipe":null,"desa":"Tegalrejo","kecamatan":"Gedang Sari","kab_kode":"34.03","kab_nama":"Kabupaten Gunungkidul","provinsi":"Daerah Istimewa Yogyakarta"}},{"type":"Feature","geometry":{"type":"Point","coordinates":[109.8976,-7.4015]},"properties":{"id":"magma:CRS20170505162005","tanggal":"2017-05-04","presisi_tanggal":"hari","waktu_utc":"2017-05-04T10:00:00+00:00","sumber":"magma-tanggapan","tipe":null,"desa":"Wilayu","kecamatan":"Selomerto","kab_kode":"33.07","kab_nama":"Kabupaten Wonosobo","provinsi":"Jawa Tengah"}},{"type":"Feature","geometry":{"type":"Point","coordinates":[111.6601,-7.8163]},"properties":{"id":"magma:CRS20170506182615","tanggal":"2017-05-04","presisi_tanggal":"hari","waktu_utc":"2017-05-04T11:26:00+00:00","sumber":"magma-tanggapan","tipe":null,"desa":"Talun","kecamatan":"Ngebel","kab_kode":"35.02","kab_nama":"Kabupaten Ponorogo","provinsi":"Jawa Timur"}},{"type":"Feature","geometry":{"type":"Point","coordinates":[110.453,-7.6094]},"properties":{"id":"magma:CRS20170506173851","tanggal":"2017-05-05","presisi_tanggal":"hari","waktu_utc":"2017-05-05T04:30:00+00:00","sumber":"magma-tanggapan","tipe":null,"desa":"Kepuh Harjo","kecamatan":"Cangkringan","kab_kode":"34.04","kab_nama":"Kabupaten Sleman","provinsi":"Daerah Istimewa Yogyakarta"}},{"type":"Feature","geometry":{"type":"Point","coordinates":[102.3664,-3.2444]},"properties":{"id":"magma:CRS20170506174100","tanggal":"2017-05-05","presisi_tanggal":"hari","waktu_utc":"2017-05-05T10:40:00+00:00","sumber":"magma-tanggapan","tipe":null,"desa":"Suka Sari","kecamatan":"Lebong Selatan","kab_kode":"17.07","kab_nama":"Kabupaten Lebong","provinsi":"Bengkulu"}},{"type":"Feature","geometry":{"type":"Point","coordinates":[100.3638,-0.9825]},"properties":{"id":"magma:CRS20170506181444","tanggal":"2017-05-05","presisi_tanggal":"hari","waktu_utc":"2017-05-05T09:00:00+00:00","sumber":"magma-tanggapan","tipe":null,"desa":"Air Manis","kecamatan":"Padang Selatan","kab_kode":"13.71","kab_nama":"Kota Padang","provinsi":"Sumatera Barat"}},{"type":"Feature","geometry":{"type":"Point","coordinates":[106.8697,-6.8732]},"properties":{"id":"magma:CRS20170506181715","tanggal":"2017-05-05","presisi_tanggal":"hari","waktu_utc":"2017-05-05T09:00:00+00:00","sumber":"magma-tanggapan","tipe":null,"desa":"Caringin","kecamatan":"Caringin","kab_kode":"32.02","kab_nama":"Kabupaten Sukabumi","provinsi":"Jawa Barat"}},{"type":"Feature","geometry":{"type":"Point","coordinates":[110.2862,-7.3051]},"properties":{"id":"magma:CRS20170506182038","tanggal":"2017-05-05","presisi_tanggal":"hari","waktu_utc":"2017-05-05T11:20:00+00:00","sumber":"magma-tanggapan","tipe":null,"desa":"Nglorog","kecamatan":"Pringsurat","kab_kode":"33.23","kab_nama":"Kabupaten Temanggung","provinsi":"Jawa Tengah"}},{"type":"Feature","geometry":{"type":"Point","coordinates":[110.6109,-7.83]},"properties":{"id":"magma:CRS20170506182239","tanggal":"2017-05-05","presisi_tanggal":"hari","waktu_utc":"2017-05-05T08:30:00+00:00","sumber":"magma-tanggapan","tipe":null,"desa":"Mertelu","kecamatan":"Gedang Sari","kab_kode":"34.03","kab_nama":"Kabupaten Gunungkidul","provinsi":"Daerah Istimewa Yogyakarta"}},{"type":"Feature","geometry":{"type":"Point","coordinates":[110.4649,-7.619]},"properties":{"id":"magma:CRS20170506182453","tanggal":"2017-05-05","presisi_tanggal":"hari","waktu_utc":"2017-05-05T11:24:00+00:00","sumber":"magma-tanggapan","tipe":null,"desa":"Glagah Harjo","kecamatan":"Cangkringan","kab_kode":"34.04","kab_nama":"Kabupaten Sleman","provinsi":"Daerah Istimewa Yogyakarta"}},{"type":"Feature","geometry":{"type":"Point","coordinates":[102.378,-3.2596]},"properties":{"id":"magma:CRS20170510142730","tanggal":"2017-05-05","presisi_tanggal":"hari","waktu_utc":"2017-05-05T15:00:00+00:00","sumber":"magma-tanggapan","tipe":null,"desa":"Suka Sari","kecamatan":"Lebong Selatan","kab_kode":"17.07","kab_nama":"Kabupaten Lebong","provinsi":"Bengkulu"}},{"type":"Feature","geometry":{"type":"Point","coordinates":[111.2284,-7.8622]},"properties":{"id":"magma:CRS20170508090350","tanggal":"2017-05-07","presisi_tanggal":"hari","waktu_utc":"2017-05-07T09:00:00+00:00","sumber":"magma-tanggapan","tipe":null,"desa":"Sumber","kecamatan":"Purwantoro","kab_kode":"33.12","kab_nama":"Kabupaten Wonogiri","provinsi":"Jawa Tengah"}},{"type":"Feature","geometry":{"type":"Point","coordinates":[116.8432,-1.2507]},"properties":{"id":"magma:CRS20170510142138","tanggal":"2017-05-07","presisi_tanggal":"hari","waktu_utc":"2017-05-07T14:00:00+00:00","sumber":"magma-tanggapan","tipe":null,"desa":"Gunung Sari Ulu","kecamatan":"Balikpapan Tengah","kab_kode":"64.71","kab_nama":"Kota Balikpapan","provinsi":"Kalimantan Timur"}},{"type":"Feature","geometry":{"type":"Point","coordinates":[104.3908,-4.5103]},"properties":{"id":"magma:CRS20170510143150","tanggal":"2017-05-07","presisi_tanggal":"hari","waktu_utc":"2017-05-07T16:00:00+00:00","sumber":"magma-tanggapan","tipe":null,"desa":"Tanjung Raja Sakti","kecamatan":"Blambangan Umpu","kab_kode":"18.08","kab_nama":"Kabupaten Way Kanan","provinsi":"Lampung"}},{"type":"Feature","geometry":{"type":"Point","coordinates":[108.4819,-7.2159]},"properties":{"id":"magma:CRS20170510143541","tanggal":"2017-05-08","presisi_tanggal":"hari","waktu_utc":"2017-05-07T18:00:00+00:00","sumber":"magma-tanggapan","tipe":null,"desa":"Cileungsir","kecamatan":"Rancah","kab_kode":"32.07","kab_nama":"Kabupaten Ciamis","provinsi":"Jawa Barat"}},{"type":"Feature","geometry":{"type":"Point","coordinates":[115.1069,0.8805]},"properties":{"id":"magma:CRS20170511185659","tanggal":"2017-05-09","presisi_tanggal":"hari","waktu_utc":"2017-05-08T18:00:00+00:00","sumber":"magma-tanggapan","tipe":null,"desa":"Long Bagun Ulu","kecamatan":"Long Bagun","kab_kode":"64.11","kab_nama":"Kabupaten Mahakam Ulu","provinsi":"Kalimantan Timur"}},{"type":"Feature","geometry":{"type":"Point","coordinates":[106.657,-6.34]},"properties":{"id":"magma:CRS20170512111917","tanggal":"2017-05-09","presisi_tanggal":"hari","waktu_utc":"2017-05-09T10:30:00+00:00","sumber":"magma-tanggapan","tipe":null,"desa":"Kranggan","kecamatan":"Setu","kab_kode":"36.74","kab_nama":"Kota Tangerang Selatan","provinsi":"Banten"}},{"type":"Feature","geometry":{"type":"Point","coordinates":[106.6602,-6.3453]},"properties":{"id":"magma:CRS20170512112654","tanggal":"2017-05-09","presisi_tanggal":"hari","waktu_utc":"2017-05-09T13:00:00+00:00","sumber":"magma-tanggapan","tipe":null,"desa":"Muncul","kecamatan":"Setu","kab_kode":"36.74","kab_nama":"Kota Tangerang Selatan","provinsi":"Banten"}},{"type":"Feature","geometry":{"type":"Point","coordinates":[120.9107,-2.605]},"properties":{"id":"magma:CRS20170512200230","tanggal":"2017-05-12","presisi_tanggal":"hari","waktu_utc":"2017-05-11T22:45:00+00:00","sumber":"magma-tanggapan","tipe":null,"desa":"Maliwowo","kecamatan":"Angkona","kab_kode":"73.24","kab_nama":"Kabupaten Luwu Timur","provinsi":"Sulawesi Selatan"}},{"type":"Feature","geometry":{"type":"Point","coordinates":[101.1192,-0.8449]},"properties":{"id":"magma:CRS20170514184321","tanggal":"2017-05-12","presisi_tanggal":"hari","waktu_utc":"2017-05-12T16:00:00+00:00","sumber":"magma-tanggapan","tipe":null,"desa":"Pulasan","kecamatan":"Tanjung Gadang","kab_kode":"13.03","kab_nama":"Kabupaten Sijunjung","provinsi":"Sumatera Barat"}},{"type":"Feature","geometry":{"type":"Point","coordinates":[100.8661,0.0949]},"properties":{"id":"magma:CRS20170514184639","tanggal":"2017-05-12","presisi_tanggal":"hari","waktu_utc":"2017-05-12T15:30:00+00:00","sumber":"magma-tanggapan","tipe":null,"desa":"Balung","kecamatan":"Xiii Koto Kampar","kab_kode":"14.01","kab_nama":"Kabupaten Kampar","provinsi":"Riau"}},{"type":"Feature","geometry":{"type":"Point","coordinates":[122.5857,-3.9584]},"properties":{"id":"magma:CRS20170514183947","tanggal":"2017-05-14","presisi_tanggal":"hari","waktu_utc":"2017-05-13T22:30:00+00:00","sumber":"magma-tanggapan","tipe":null,"desa":"Gunung Jati","kecamatan":"Kendari","kab_kode":"74.71","kab_nama":"Kota Kendari","provinsi":"Sulawesi Tenggara"}},{"type":"Feature","geometry":{"type":"Point","coordinates":[124.901,1.3548]},"properties":{"id":"magma:CRS20170527104332","tanggal":"2017-05-23","presisi_tanggal":"hari","waktu_utc":"2017-05-22T19:30:00+00:00","sumber":"magma-tanggapan","tipe":null,"desa":"Suluan","kecamatan":"Tombulu","kab_kode":"71.02","kab_nama":"Kabupaten Minahasa","provinsi":"Sulawesi Utara"}},{"type":"Feature","geometry":{"type":"Point","coordinates":[116.9264,-1.2095]},"properties":{"id":"magma:CRS20170527095750","tanggal":"2017-05-24","presisi_tanggal":"hari","waktu_utc":"2017-05-23T20:00:00+00:00","sumber":"magma-tanggapan","tipe":null,"desa":"Manggar","kecamatan":"Balikpapan Timur","kab_kode":"64.71","kab_nama":"Kota Balikpapan","provinsi":"Kalimantan Timur"}},{"type":"Feature","geometry":{"type":"Point","coordinates":[116.8586,-1.2598]},"properties":{"id":"magma:CRS20170527101559","tanggal":"2017-05-24","presisi_tanggal":"hari","waktu_utc":"2017-05-23T21:30:00+00:00","sumber":"magma-tanggapan","tipe":null,"desa":"Damai","kecamatan":"Balikpapan Kota","kab_kode":"64.71","kab_nama":"Kota Balikpapan","provinsi":"Kalimantan Timur"}},{"type":"Feature","geometry":{"type":"Point","coordinates":[116.9042,-1.2578]},"properties":{"id":"magma:CRS20170530093944","tanggal":"2017-05-24","presisi_tanggal":"hari","waktu_utc":"2017-05-24T02:38:00+00:00","sumber":"magma-tanggapan","tipe":null,"desa":"Sepinggan Raya","kecamatan":"Balikpapan Selatan","kab_kode":"64.71","kab_nama":"Kota Balikpapan","provinsi":"Kalimantan Timur"}},{"type":"Feature","geometry":{"type":"Point","coordinates":[115.5622,-2.2439]},"properties":{"id":"magma:CRS20170527204425","tanggal":"2017-05-26","presisi_tanggal":"hari","waktu_utc":"2017-05-25T21:00:00+00:00","sumber":"magma-tanggapan","tipe":null,"desa":"Buntu Karau","kecamatan":"Juai","kab_kode":"63.11","kab_nama":"Kabupaten Balangan","provinsi":"Kalimantan Selatan"}},{"type":"Feature","geometry":{"type":"Point","coordinates":[104.0363,1.1433]},"properties":{"id":"magma:CRS20170528212504","tanggal":"2017-05-27","presisi_tanggal":"hari","waktu_utc":"2017-05-27T14:00:00+00:00","sumber":"magma-tanggapan","tipe":null,"desa":"Sadai","kecamatan":"Bengkong","kab_kode":"21.71","kab_nama":"Kota Batam","provinsi":"Kepulauan Riau"}},{"type":"Feature","geometry":{"type":"Point","coordinates":[110.7686,-8.1964]},"properties":{"id":"magma:CRS20170528213222","tanggal":"2017-05-27","presisi_tanggal":"hari","waktu_utc":"2017-05-27T15:30:00+00:00","sumber":"magma-tanggapan","tipe":null,"desa":"Kemadang","kecamatan":"Tanjungsari","kab_kode":"34.03","kab_nama":"Kabupaten Gunungkidul","provinsi":"Daerah Istimewa Yogyakarta"}},{"type":"Feature","geometry":{"type":"Point","coordinates":[115.346,-8.4249]},"properties":{"id":"magma:CRS20170528214237","tanggal":"2017-05-27","presisi_tanggal":"hari","waktu_utc":"2017-05-26T17:00:00+00:00","sumber":"magma-tanggapan","tipe":null,"desa":"Susut","kecamatan":"Susut","kab_kode":"51.06","kab_nama":"Kabupaten Bangli","provinsi":"Bali"}},{"type":"Feature","geometry":{"type":"Point","coordinates":[115.346,-8.4164]},"properties":{"id":"magma:CRS20170528214711","tanggal":"2017-05-27","presisi_tanggal":"hari","waktu_utc":"2017-05-26T19:00:00+00:00","sumber":"magma-tanggapan","tipe":null,"desa":"Sulahan","kecamatan":"Susut","kab_kode":"51.06","kab_nama":"Kabupaten Bangli","provinsi":"Bali"}},{"type":"Feature","geometry":{"type":"Point","coordinates":[117.1162,-0.5006]},"properties":{"id":"magma:CRS20170530093635","tanggal":"2017-05-27","presisi_tanggal":"hari","waktu_utc":"2017-05-27T02:33:00+00:00","sumber":"magma-tanggapan","tipe":null,"desa":"Karang Anyar","kecamatan":"Sungai Kunjang","kab_kode":"64.72","kab_nama":"Kota Samarinda","provinsi":"Kalimantan Timur"}},{"type":"Feature","geometry":{"type":"Point","coordinates":[107.5683,-7.4521]},"properties":{"id":"magma:CRS20170529145343","tanggal":"2017-05-28","presisi_tanggal":"hari","waktu_utc":"2017-05-27T17:00:00+00:00","sumber":"magma-tanggapan","tipe":null,"desa":"Mekarjaya","kecamatan":"Bungbulang","kab_kode":"32.05","kab_nama":"Kabupaten Garut","provinsi":"Jawa Barat"}},{"type":"Feature","geometry":{"type":"Point","coordinates":[103.3348,-0.4902]},"properties":{"id":"magma:CRS20170530092848","tanggal":"2017-05-28","presisi_tanggal":"hari","waktu_utc":"2017-05-28T02:28:00+00:00","sumber":"magma-tanggapan","tipe":null,"desa":"Tanah Merah Dajah","kecamatan":"Tanah Merah","kab_kode":"14.04","kab_nama":"Kabupaten Indragiri Hilir","provinsi":"Riau"}},{"type":"Feature","geometry":{"type":"Point","coordinates":[106.5632,-7.0359]},"properties":{"id":"magma:CRS20170531062017","tanggal":"2017-05-28","presisi_tanggal":"hari","waktu_utc":"2017-05-27T21:00:00+00:00","sumber":"magma-tanggapan","tipe":null,"desa":"Loji","kecamatan":"Simpenan","kab_kode":"32.02","kab_nama":"Kabupaten Sukabumi","provinsi":"Jawa Barat"}},{"type":"Feature","geometry":{"type":"Point","coordinates":[106.9753,-6.5762]},"properties":{"id":"magma:CRS20171031104907","tanggal":"2017-05-28","presisi_tanggal":"hari","waktu_utc":"2017-05-28T03:48:00+00:00","sumber":"magma-tanggapan","tipe":null,"desa":"Sukamakmur","kecamatan":"Sukamakmur","kab_kode":"32.01","kab_nama":"Kabupaten Bogor","provinsi":"Jawa Barat"}},{"type":"Feature","geometry":{"type":"Point","coordinates":[120.1647,-5.2099]},"properties":{"id":"magma:CRS20170530094258","tanggal":"2017-05-29","presisi_tanggal":"hari","waktu_utc":"2017-05-29T02:42:00+00:00","sumber":"magma-tanggapan","tipe":null,"desa":"Talle","kecamatan":"Sinjai Selatan","kab_kode":"73.07","kab_nama":"Kabupaten Sinjai","provinsi":"Sulawesi Selatan"}},{"type":"Feature","geometry":{"type":"Point","coordinates":[120.1358,-2.4892]},"properties":{"id":"magma:CRS20170530094537","tanggal":"2017-05-29","presisi_tanggal":"hari","waktu_utc":"2017-05-28T17:30:00+00:00","sumber":"magma-tanggapan","tipe":null,"desa":"Malimbu","kecamatan":"Sabbang","kab_kode":"73.22","kab_nama":"Kabupaten Luwu Utara","provinsi":"Sulawesi Selatan"}},{"type":"Feature","geometry":{"type":"Point","coordinates":[115.0407,-8.3238]},"properties":{"id":"magma:CRS20170531104944","tanggal":"2017-05-29","presisi_tanggal":"hari","waktu_utc":"2017-05-28T16:00:00+00:00","sumber":"magma-tanggapan","tipe":null,"desa":"Pujungan","kecamatan":"Pupuan","kab_kode":"51.02","kab_nama":"Kabupaten Tabanan","provinsi":"Bali"}},{"type":"Feature","geometry":{"type":"Point","coordinates":[115.1394,-8.195]},"properties":{"id":"magma:CRS20170601135134","tanggal":"2017-05-30","presisi_tanggal":"hari","waktu_utc":"2017-05-30T10:00:00+00:00","sumber":"magma-tanggapan","tipe":null,"desa":"Gitgit","kecamatan":"Sukasada","kab_kode":"51.08","kab_nama":"Kabupaten Buleleng","provinsi":"Bali"}},{"type":"Feature","geometry":{"type":"Point","coordinates":[117.0814,-0.5247]},"properties":{"id":"magma:CRS20170601135612","tanggal":"2017-05-30","presisi_tanggal":"hari","waktu_utc":"2017-05-29T16:00:00+00:00","sumber":"magma-tanggapan","tipe":null,"desa":"Loa Bakung","kecamatan":"Sungai Kunjang","kab_kode":"64.72","kab_nama":"Kota Samarinda","provinsi":"Kalimantan Timur"}},{"type":"Feature","geometry":{"type":"Point","coordinates":[122.5755,-3.955]},"properties":{"id":"magma:CRS20170604072851","tanggal":"2017-05-31","presisi_tanggal":"hari","waktu_utc":"2017-05-31T02:00:00+00:00","sumber":"magma-tanggapan","tipe":null,"desa":"Sanua","kecamatan":"Kendari Barat","kab_kode":"74.71","kab_nama":"Kota Kendari","provinsi":"Sulawesi Tenggara"}},{"type":"Feature","geometry":{"type":"Point","coordinates":[116.867,-1.2069]},"properties":{"id":"magma:CRS20170605165623","tanggal":"2017-06-04","presisi_tanggal":"hari","waktu_utc":"2017-06-03T17:00:00+00:00","sumber":"magma-tanggapan","tipe":null,"desa":"Batu Ampar","kecamatan":"Balikpapan Utara","kab_kode":"64.71","kab_nama":"Kota Balikpapan","provinsi":"Kalimantan Timur"}},{"type":"Feature","geometry":{"type":"Point","coordinates":[119.7758,-3.4703]},"properties":{"id":"magma:CRS20170605170245","tanggal":"2017-06-05","presisi_tanggal":"hari","waktu_utc":"2017-06-04T18:00:00+00:00","sumber":"magma-tanggapan","tipe":null,"desa":"Tindallun","kecamatan":"Anggeraja","kab_kode":"73.16","kab_nama":"Kabupaten Enrekang","provinsi":"Sulawesi Selatan"}},{"type":"Feature","geometry":{"type":"Point","coordinates":[124.4213,0.6769]},"properties":{"id":"magma:CRS20170707115316","tanggal":"2017-07-06","presisi_tanggal":"hari","waktu_utc":"2017-07-05T17:30:00+00:00","sumber":"magma-tanggapan","tipe":null,"desa":"Badaro","kecamatan":"Modayag","kab_kode":"71.10","kab_nama":"Kabupaten Bolaang Mongondow Timur","provinsi":"Sulawesi Utara"}},{"type":"Feature","geometry":{"type":"Point","coordinates":[115.3964,-8.4643]},"properties":{"id":"magma:CRS20170708080904","tanggal":"2017-07-06","presisi_tanggal":"hari","waktu_utc":"2017-07-06T04:10:00+00:00","sumber":"magma-tanggapan","tipe":null,"desa":"Nyanglan","kecamatan":"Banjarangkan","kab_kode":"51.05","kab_nama":"Kabupaten Klungkung","provinsi":"Bali"}},{"type":"Feature","geometry":{"type":"Point","coordinates":[99.5344,0.7509]},"properties":{"id":"magma:CRS20170709134557","tanggal":"2017-07-07","presisi_tanggal":"hari","waktu_utc":"2017-07-07T02:45:00+00:00","sumber":"magma-tanggapan","tipe":null,"desa":"Pagaran Gala-Gala","kecamatan":"Panyabungan Selatan","kab_kode":"12.13","kab_nama":"Kabupaten Mandailing Natal","provinsi":"Sumatera Utara"}},{"type":"Feature","geometry":{"type":"Point","coordinates":[115.4141,-3.7601]},"properties":{"id":"magma:CRS20170721205045","tanggal":"2017-07-07","presisi_tanggal":"hari","waktu_utc":"2017-07-07T03:00:00+00:00","sumber":"magma-tanggapan","tipe":null,"desa":"Sungai Danau","kecamatan":"Satui","kab_kode":"63.10","kab_nama":"Kabupaten Tanah Bumbu","provinsi":"Kalimantan Selatan"}},{"type":"Feature","geometry":{"type":"Point","coordinates":[97.6861,1.102]},"properties":{"id":"magma:CRS20170709133531","tanggal":"2017-07-08","presisi_tanggal":"hari","waktu_utc":"2017-07-08T13:00:00+00:00","sumber":"magma-tanggapan","tipe":null,"desa":"Lahemo","kecamatan":"Gido","kab_kode":"12.04","kab_nama":"Kabupaten Nias","provinsi":"Sumatera Utara"}},{"type":"Feature","geometry":{"type":"Point","coordinates":[115.449,-8.373]},"properties":{"id":"magma:CRS20170710140358","tanggal":"2017-07-08","presisi_tanggal":"hari","waktu_utc":"2017-07-08T12:00:00+00:00","sumber":"magma-tanggapan","tipe":null,"desa":"Besakih","kecamatan":"Rendang","kab_kode":"51.07","kab_nama":"Kabupaten Karangasem","provinsi":"Bali"}},{"type":"Feature","geometry":{"type":"Point","coordinates":[97.686,1.1025]},"properties":{"id":"magma:CRS20170717133500","tanggal":"2017-07-08","presisi_tanggal":"hari","waktu_utc":"2017-07-08T13:00:00+00:00","sumber":"magma-tanggapan","tipe":null,"desa":"Lahemo","kecamatan":"Gido","kab_kode":"12.04","kab_nama":"Kabupaten Nias","provinsi":"Sumatera Utara"}},{"type":"Feature","geometry":{"type":"Point","coordinates":[106.8019,-6.577]},"properties":{"id":"magma:CRS20170710135742","tanggal":"2017-07-09","presisi_tanggal":"hari","waktu_utc":"2017-07-09T11:00:00+00:00","sumber":"magma-tanggapan","tipe":null,"desa":"Bantarjati","kecamatan":"Bogor Utara","kab_kode":"32.71","kab_nama":"Kota Bogor","provinsi":"Jawa Barat"}},{"type":"Feature","geometry":{"type":"Point","coordinates":[116.8204,1.8969]},"properties":{"id":"magma:CRS20170717132809","tanggal":"2017-07-10","presisi_tanggal":"hari","waktu_utc":"2017-07-10T06:28:00+00:00","sumber":"magma-tanggapan","tipe":null,"desa":"Long Keluh","kecamatan":"Kelay","kab_kode":"64.03","kab_nama":"Kabupaten Berau","provinsi":"Kalimantan Timur"}},{"type":"Feature","geometry":{"type":"Point","coordinates":[120.0781,-1.5094]},"properties":{"id":"magma:CRS20170717132144","tanggal":"2017-07-11","presisi_tanggal":"hari","waktu_utc":"2017-07-11T10:30:00+00:00","sumber":"magma-tanggapan","tipe":null,"desa":"Toro","kecamatan":"Kulawi","kab_kode":"72.10","kab_nama":"Kabupaten Sigi","provinsi":"Sulawesi Tengah"}},{"type":"Feature","geometry":{"type":"Point","coordinates":[120.4882,0.5052]},"properties":{"id":"magma:CRS20170716214751","tanggal":"2017-07-15","presisi_tanggal":"hari","waktu_utc":"2017-07-14T22:00:00+00:00","sumber":"magma-tanggapan","tipe":null,"desa":"Palasa Lambori","kecamatan":"Palasa","kab_kode":"72.08","kab_nama":"Kabupaten Parigi Moutong","provinsi":"Sulawesi Tengah"}},{"type":"Feature","geometry":{"type":"Point","coordinates":[107.7613,-3.175]},"properties":{"id":"magma:CRS20170716215608","tanggal":"2017-07-16","presisi_tanggal":"hari","waktu_utc":"2017-07-16T05:30:00+00:00","sumber":"magma-tanggapan","tipe":null,"desa":"Mentigi","kecamatan":"Membalong","kab_kode":"19.02","kab_nama":"Kabupaten Belitung","provinsi":"Kepulauan Bangka Belitung"}},{"type":"Feature","geometry":{"type":"Point","coordinates":[128.1897,-3.683]},"properties":{"id":"magma:CRS20170720202506","tanggal":"2017-07-16","presisi_tanggal":"hari","waktu_utc":"2017-07-16T11:00:00+00:00","sumber":"magma-tanggapan","tipe":null,"desa":"Batu Merah","kecamatan":"Sirimau","kab_kode":"81.71","kab_nama":"Kota Ambon","provinsi":"Maluku"}},{"type":"Feature","geometry":{"type":"Point","coordinates":[128.2375,-3.6637]},"properties":{"id":"magma:CRS20170720202830","tanggal":"2017-07-16","presisi_tanggal":"hari","waktu_utc":"2017-07-16T11:00:00+00:00","sumber":"magma-tanggapan","tipe":null,"desa":"Halong","kecamatan":"Teluk Ambon Baguala","kab_kode":"81.71","kab_nama":"Kota Ambon","provinsi":"Maluku"}},{"type":"Feature","geometry":{"type":"Point","coordinates":[119.6383,-0.0406]},"properties":{"id":"magma:CRS20170720203431","tanggal":"2017-07-16","presisi_tanggal":"hari","waktu_utc":"2017-07-15T23:30:00+00:00","sumber":"magma-tanggapan","tipe":null,"desa":"Ketong","kecamatan":"Balaesang Tanjung","kab_kode":"72.03","kab_nama":"Kabupaten Donggala","provinsi":"Sulawesi Tengah"}},{"type":"Feature","geometry":{"type":"Point","coordinates":[124.6272,0.7925]},"properties":{"id":"magma:CRS20170719180446","tanggal":"2017-07-17","presisi_tanggal":"hari","waktu_utc":"2017-07-17T00:00:00+00:00","sumber":"magma-tanggapan","tipe":null,"desa":"Kotabunan Selatan","kecamatan":"Kotabunan","kab_kode":"71.10","kab_nama":"Kabupaten Bolaang Mongondow Timur","provinsi":"Sulawesi Utara"}},{"type":"Feature","geometry":{"type":"Point","coordinates":[128.1669,-3.6513]},"properties":{"id":"magma:CRS20170719181544","tanggal":"2017-07-17","presisi_tanggal":"hari","waktu_utc":"2017-07-17T01:00:00+00:00","sumber":"magma-tanggapan","tipe":null,"desa":"Rumah Tiga","kecamatan":"Teluk Ambon","kab_kode":"81.71","kab_nama":"Kota Ambon","provinsi":"Maluku"}},{"type":"Feature","geometry":{"type":"Point","coordinates":[124.6283,0.793]},"properties":{"id":"magma:CRS20170719182235","tanggal":"2017-07-17","presisi_tanggal":"hari","waktu_utc":"2017-07-17T00:30:00+00:00","sumber":"magma-tanggapan","tipe":null,"desa":"Paret","kecamatan":"Kotabunan","kab_kode":"71.10","kab_nama":"Kabupaten Bolaang Mongondow Timur","provinsi":"Sulawesi Utara"}},{"type":"Feature","geometry":{"type":"Point","coordinates":[124.6359,0.8199]},"properties":{"id":"magma:CRS20170720203203","tanggal":"2017-07-17","presisi_tanggal":"hari","waktu_utc":"2017-07-17T02:30:00+00:00","sumber":"magma-tanggapan","tipe":null,"desa":"Kotabunan Selatan","kecamatan":"Kotabunan","kab_kode":"71.10","kab_nama":"Kabupaten Bolaang Mongondow Timur","provinsi":"Sulawesi Utara"}},{"type":"Feature","geometry":{"type":"Point","coordinates":[107.902,-7.2157]},"properties":{"id":"magma:CRS20170718130308","tanggal":"2017-07-18","presisi_tanggal":"hari","waktu_utc":"2017-07-18T06:03:00+00:00","sumber":"magma-tanggapan","tipe":null,"desa":"Pakuwon","kecamatan":"Garut Kota","kab_kode":"32.05","kab_nama":"Kabupaten Garut","provinsi":"Jawa Barat"}},{"type":"Feature","geometry":{"type":"Point","coordinates":[125.0223,-9.3715]},"properties":{"id":"magma:CRS20170721190437","tanggal":"2017-07-18","presisi_tanggal":"hari","waktu_utc":"2017-07-18T02:00:00+00:00","sumber":"magma-tanggapan","tipe":null,"desa":"Kotabiru","kecamatan":"Kobalima Timur","kab_kode":"53.21","kab_nama":"Kabupaten Malaka","provinsi":"Nusa Tenggara Timur"}},{"type":"Feature","geometry":{"type":"Point","coordinates":[112.3497,-7.3278]},"properties":{"id":"magma:CRS20170721214307","tanggal":"2017-07-18","presisi_tanggal":"hari","waktu_utc":"2017-07-18T15:00:00+00:00","sumber":"magma-tanggapan","tipe":null,"desa":"Kreteranggon","kecamatan":"Sambeng","kab_kode":"35.24","kab_nama":"Kabupaten Lamongan","provinsi":"Jawa Timur"}},{"type":"Feature","geometry":{"type":"Point","coordinates":[122.5288,-3.9515]},"properties":{"id":"magma:CRS20170721105335","tanggal":"2017-07-19","presisi_tanggal":"hari","waktu_utc":"2017-07-19T07:00:00+00:00","sumber":"magma-tanggapan","tipe":null,"desa":"Kemaraya","kecamatan":"Kendari Barat","kab_kode":"74.71","kab_nama":"Kota Kendari","provinsi":"Sulawesi Tenggara"}},{"type":"Feature","geometry":{"type":"Point","coordinates":[99.2323,2.7888]},"properties":{"id":"magma:CRS20170721212831","tanggal":"2017-07-19","presisi_tanggal":"hari","waktu_utc":"2017-07-19T14:00:00+00:00","sumber":"magma-tanggapan","tipe":null,"desa":"Huta Padang","kecamatan":"Bandar Pasir Mandoge","kab_kode":"12.09","kab_nama":"Kabupaten Asahan","provinsi":"Sumatera Utara"}},{"type":"Feature","geometry":{"type":"Point","coordinates":[123.8746,0.4915]},"properties":{"id":"magma:CRS20170720104519","tanggal":"2017-07-20","presisi_tanggal":"hari","waktu_utc":"2017-07-19T19:00:00+00:00","sumber":"magma-tanggapan","tipe":null,"desa":"Uuwan","kecamatan":"Dumoga Barat","kab_kode":"71.01","kab_nama":"Kabupaten Bolaang Mongondow","provinsi":"Sulawesi Utara"}},{"type":"Feature","geometry":{"type":"Point","coordinates":[123.9774,0.4856]},"properties":{"id":"magma:CRS20170721213501","tanggal":"2017-07-20","presisi_tanggal":"hari","waktu_utc":"2017-07-20T12:00:00+00:00","sumber":"magma-tanggapan","tipe":null,"desa":"Uuwan","kecamatan":"Dumoga Barat","kab_kode":"71.01","kab_nama":"Kabupaten Bolaang Mongondow","provinsi":"Sulawesi Utara"}},{"type":"Feature","geometry":{"type":"Point","coordinates":[110.5469,-7.624]},"properties":{"id":"magma:CRS20170722190956","tanggal":"2017-07-22","presisi_tanggal":"hari","waktu_utc":"2017-07-22T10:30:00+00:00","sumber":"magma-tanggapan","tipe":null,"desa":"Bandungan","kecamatan":"Jatinom","kab_kode":"33.10","kab_nama":"Kabupaten Klaten","provinsi":"Jawa Tengah"}},{"type":"Feature","geometry":{"type":"Point","coordinates":[110.0244,-7.2353]},"properties":{"id":"magma:CRS20170724145726","tanggal":"2017-07-22","presisi_tanggal":"hari","waktu_utc":"2017-07-22T10:00:00+00:00","sumber":"magma-tanggapan","tipe":null,"desa":"Kentengsari","kecamatan":"Candiroto","kab_kode":"33.23","kab_nama":"Kabupaten Temanggung","provinsi":"Jawa Tengah"}},{"type":"Feature","geometry":{"type":"Point","coordinates":[124.6524,0.8048]},"properties":{"id":"magma:CRS20170726150855","tanggal":"2017-07-26","presisi_tanggal":"hari","waktu_utc":"2017-07-26T09:08:00+00:00","sumber":"magma-tanggapan","tipe":null,"desa":"Kotabunan Selatan","kecamatan":"Kotabunan","kab_kode":"71.10","kab_nama":"Kabupaten Bolaang Mongondow Timur","provinsi":"Sulawesi Utara"}},{"type":"Feature","geometry":{"type":"Point","coordinates":[107.8021,-7.2949]},"properties":{"id":"magma:CRS20170728144503","tanggal":"2017-07-26","presisi_tanggal":"hari","waktu_utc":"2017-07-26T13:45:00+00:00","sumber":"magma-tanggapan","tipe":null,"desa":"Tambakbaya","kecamatan":"Cisurupan","kab_kode":"32.05","kab_nama":"Kabupaten Garut","provinsi":"Jawa Barat"}},{"type":"Feature","geometry":{"type":"Point","coordinates":[106.7205,-6.6696]},"properties":{"id":"magma:CRS20170731134713","tanggal":"2017-07-28","presisi_tanggal":"hari","waktu_utc":"2017-07-28T12:00:00+00:00","sumber":"magma-tanggapan","tipe":null,"desa":"Gunung Malang","kecamatan":"Tenjolaya","kab_kode":"32.01","kab_nama":"Kabupaten Bogor","provinsi":"Jawa Barat"}},{"type":"Feature","geometry":{"type":"Point","coordinates":[106.7972,-6.6618]},"properties":{"id":"magma:CRS20170731135220","tanggal":"2017-07-28","presisi_tanggal":"hari","waktu_utc":"2017-07-28T11:30:00+00:00","sumber":"magma-tanggapan","tipe":null,"desa":"Palasari","kecamatan":"Cijeruk","kab_kode":"32.01","kab_nama":"Kabupaten Bogor","provinsi":"Jawa Barat"}},{"type":"Feature","geometry":{"type":"Point","coordinates":[107.7725,-7.3272]},"properties":{"id":"magma:CRS20170729105506","tanggal":"2017-07-29","presisi_tanggal":"hari","waktu_utc":"2017-07-28T22:30:00+00:00","sumber":"magma-tanggapan","tipe":null,"desa":"Cidatar","kecamatan":"Cisurupan","kab_kode":"32.05","kab_nama":"Kabupaten Garut","provinsi":"Jawa Barat"}},{"type":"Feature","geometry":{"type":"Point","coordinates":[137.0,-4.3333]},"properties":{"id":"magma:CRS20170731133757","tanggal":"2017-07-29","presisi_tanggal":"hari","waktu_utc":"2017-07-28T15:30:00+00:00","sumber":"magma-tanggapan","tipe":null,"desa":"Tembagapura","kecamatan":"Tembagapura","kab_kode":"94.04","kab_nama":"Kabupaten Mimika","provinsi":"Papua Tengah"}},{"type":"Feature","geometry":{"type":"Point","coordinates":[107.7725,-7.3272]},"properties":{"id":"magma:CRS20170731135458","tanggal":"2017-07-29","presisi_tanggal":"hari","waktu_utc":"2017-07-28T22:30:00+00:00","sumber":"magma-tanggapan","tipe":null,"desa":"Cidatar","kecamatan":"Cisurupan","kab_kode":"32.05","kab_nama":"Kabupaten Garut","provinsi":"Jawa Barat"}},{"type":"Feature","geometry":{"type":"Point","coordinates":[124.6691,0.8431]},"properties":{"id":"magma:CRS20170802063442","tanggal":"2017-07-31","presisi_tanggal":"hari","waktu_utc":"2017-07-30T17:00:00+00:00","sumber":"magma-tanggapan","tipe":null,"desa":"Buyat","kecamatan":"Kotabunan","kab_kode":"71.10","kab_nama":"Kabupaten Bolaang Mongondow Timur","provinsi":"Sulawesi Utara"}},{"type":"Feature","geometry":{"type":"Point","coordinates":[113.8378,-7.8942]},"properties":{"id":"magma:CRS20170802165213","tanggal":"2017-07-31","presisi_tanggal":"hari","waktu_utc":"2017-07-31T06:00:00+00:00","sumber":"magma-tanggapan","tipe":null,"desa":"Sekarputih","kecamatan":"Tegalampel","kab_kode":"35.11","kab_nama":"Kabupaten Bondowoso","provinsi":"Jawa Timur"}},{"type":"Feature","geometry":{"type":"Point","coordinates":[101.0995,-2.158]},"properties":{"id":"magma:CRS20170802063031","tanggal":"2017-08-01","presisi_tanggal":"hari","waktu_utc":"2017-07-31T22:00:00+00:00","sumber":"magma-tanggapan","tipe":null,"desa":"Batang Arah Tapan","kecamatan":"Basa Ampek Balai Tapan","kab_kode":"13.01","kab_nama":"Kabupaten Pesisir Selatan","provinsi":"Sumatera Barat"}},{"type":"Feature","geometry":{"type":"Point","coordinates":[115.6558,-3.1129]},"properties":{"id":"magma:CRS20170915085526","tanggal":"2017-08-01","presisi_tanggal":"hari","waktu_utc":"2017-08-01T13:00:00+00:00","sumber":"magma-tanggapan","tipe":null,"desa":"Emil Baru","kecamatan":"Mantewe","kab_kode":"63.10","kab_nama":"Kabupaten Tanah Bumbu","provinsi":"Kalimantan Selatan"}},{"type":"Feature","geometry":{"type":"Point","coordinates":[124.6359,0.8199]},"properties":{"id":"magma:CRS20170802195639","tanggal":"2017-08-02","presisi_tanggal":"hari","waktu_utc":"2017-08-02T05:00:00+00:00","sumber":"magma-tanggapan","tipe":null,"desa":"Kotabunan Selatan","kecamatan":"Kotabunan","kab_kode":"71.10","kab_nama":"Kabupaten Bolaang Mongondow Timur","provinsi":"Sulawesi Utara"}},{"type":"Feature","geometry":{"type":"Point","coordinates":[110.3696,-7.5929]},"properties":{"id":"magma:CRS20170804155243","tanggal":"2017-08-03","presisi_tanggal":"hari","waktu_utc":"2017-08-03T13:54:00+00:00","sumber":"magma-tanggapan","tipe":null,"desa":"Kemiren","kecamatan":"Srumbung","kab_kode":"33.08","kab_nama":"Kabupaten Magelang","provinsi":"Jawa Tengah"}},{"type":"Feature","geometry":{"type":"Point","coordinates":[102.5023,-2.142]},"properties":{"id":"magma:CRS20170804154826","tanggal":"2017-08-04","presisi_tanggal":"hari","waktu_utc":"2017-08-04T12:50:00+00:00","sumber":"magma-tanggapan","tipe":null,"desa":"Mohoni","kecamatan":"Petasia Timur","kab_kode":"15.02","kab_nama":"Kabupaten Merangin","provinsi":"Jambi"}},{"type":"Feature","geometry":{"type":"Point","coordinates":[99.701,0.388]},"properties":{"id":"magma:CRS20170804155504","tanggal":"2017-08-04","presisi_tanggal":"hari","waktu_utc":"2017-08-04T10:25:00+00:00","sumber":"magma-tanggapan","tipe":null,"desa":"Rabi Jongor","kecamatan":"Gunung Tuleh","kab_kode":"13.12","kab_nama":"Kabupaten Pasaman Barat","provinsi":"Sumatera Barat"}},{"type":"Feature","geometry":{"type":"Point","coordinates":[111.6457,-2.6846]},"properties":{"id":"magma:CRS20170807091102","tanggal":"2017-08-04","presisi_tanggal":"hari","waktu_utc":"2017-08-04T15:00:00+00:00","sumber":"magma-tanggapan","tipe":null,"desa":"Sidorejo","kecamatan":"Arut Selatan","kab_kode":"62.01","kab_nama":"Kabupaten Kotawaringin Barat","provinsi":"Kalimantan Tengah"}},{"type":"Feature","geometry":{"type":"Point","coordinates":[97.7515,1.0089]},"properties":{"id":"magma:CRS20170807091702","tanggal":"2017-08-05","presisi_tanggal":"hari","waktu_utc":"2017-08-04T23:00:00+00:00","sumber":"magma-tanggapan","tipe":null,"desa":"Hililawae","kecamatan":"Idano Gawo","kab_kode":"12.04","kab_nama":"Kabupaten Nias","provinsi":"Sumatera Utara"}},{"type":"Feature","geometry":{"type":"Point","coordinates":[120.2167,-3.7042]},"properties":{"id":"magma:CRS20170811085536","tanggal":"2017-08-07","presisi_tanggal":"hari","waktu_utc":"2017-08-07T00:54:00+00:00","sumber":"magma-tanggapan","tipe":null,"desa":"Dengeng-Dengeng","kecamatan":"Pitu Riase","kab_kode":"73.13","kab_nama":"Kabupaten Wajo","provinsi":"Sulawesi Selatan"}},{"type":"Feature","geometry":{"type":"Point","coordinates":[123.8076,-9.9323]},"properties":{"id":"magma:CRS20170811084325","tanggal":"2017-08-08","presisi_tanggal":"hari","waktu_utc":"2017-08-08T03:41:00+00:00","sumber":"magma-tanggapan","tipe":null,"desa":"Oelbiteno","kecamatan":"Fatuleu Tengah","kab_kode":"53.01","kab_nama":"Kabupaten Kupang","provinsi":"Nusa Tenggara Timur"}},{"type":"Feature","geometry":{"type":"Point","coordinates":[99.1179,1.8328]},"properties":{"id":"magma:CRS20170814090205","tanggal":"2017-08-09","presisi_tanggal":"hari","waktu_utc":"2017-08-09T15:01:00+00:00","sumber":"magma-tanggapan","tipe":null,"desa":"Silangkitang","kecamatan":"Pahae Jae","kab_kode":"12.02","kab_nama":"Kabupaten Tapanuli Utara","provinsi":"Sumatera Utara"}},{"type":"Feature","geometry":{"type":"Point","coordinates":[97.6562,1.2097]},"properties":{"id":"magma:CRS20170814090649","tanggal":"2017-08-10","presisi_tanggal":"hari","waktu_utc":"2017-08-10T10:05:00+00:00","sumber":"magma-tanggapan","tipe":null,"desa":"Hilimbawadesolo","kecamatan":"Gunungsitoli Idanoi","kab_kode":"12.78","kab_nama":"Kota Gunungsitoli","provinsi":"Sumatera Utara"}},{"type":"Feature","geometry":{"type":"Point","coordinates":[98.8262,2.9729]},"properties":{"id":"magma:CRS20170814105911","tanggal":"2017-08-11","presisi_tanggal":"hari","waktu_utc":"2017-08-11T09:00:00+00:00","sumber":"magma-tanggapan","tipe":null,"desa":"Pematang Raya","kecamatan":"Raya","kab_kode":"12.08","kab_nama":"Kabupaten Simalungun","provinsi":"Sumatera Utara"}},{"type":"Feature","geometry":{"type":"Point","coordinates":[117.1624,-0.3783]},"properties":{"id":"magma:CRS20170818081809","tanggal":"2017-08-13","presisi_tanggal":"hari","waktu_utc":"2017-08-13T00:16:00+00:00","sumber":"magma-tanggapan","tipe":null,"desa":"Sempaja Utara","kecamatan":"Samarinda Utara","kab_kode":"64.72","kab_nama":"Kota Samarinda","provinsi":"Kalimantan Timur"}},{"type":"Feature","geometry":{"type":"Point","coordinates":[124.2778,0.5806]},"properties":{"id":"magma:CRS20170823084721","tanggal":"2017-08-22","presisi_tanggal":"hari","waktu_utc":"2017-08-22T04:30:00+00:00","sumber":"magma-tanggapan","tipe":null,"desa":"Matali Baru","kecamatan":"Lolayan","kab_kode":"71.01","kab_nama":"Kabupaten Bolaang Mongondow","provinsi":"Sulawesi Utara"}},{"type":"Feature","geometry":{"type":"Point","coordinates":[103.5718,-4.9204]},"properties":{"id":"magma:CRS20170823085327","tanggal":"2017-08-22","presisi_tanggal":"hari","waktu_utc":"2017-08-22T00:00:00+00:00","sumber":"magma-tanggapan","tipe":null,"desa":"Tebing Rambutan","kecamatan":"Nasal","kab_kode":"17.04","kab_nama":"Kabupaten Kaur","provinsi":"Bengkulu"}},{"type":"Feature","geometry":{"type":"Point","coordinates":[116.8512,1.1797]},"properties":{"id":"magma:CRS20170915102231","tanggal":"2017-08-24","presisi_tanggal":"hari","waktu_utc":"2017-08-23T22:21:00+00:00","sumber":"magma-tanggapan","tipe":null,"desa":"Kariangau","kecamatan":"Balikpapan Barat","kab_kode":"64.08","kab_nama":"Kabupaten Kutai Timur","provinsi":"Kalimantan Timur"}},{"type":"Feature","geometry":{"type":"Point","coordinates":[100.8113,-0.3404]},"properties":{"id":"magma:CRS20170919090336","tanggal":"2017-08-24","presisi_tanggal":"hari","waktu_utc":"2017-08-23T18:00:00+00:00","sumber":"magma-tanggapan","tipe":null,"desa":"Halaban","kecamatan":"Lareh Sago Halaban","kab_kode":"13.07","kab_nama":"Kabupaten Lima Puluh Kota","provinsi":"Sumatera Barat"}},{"type":"Feature","geometry":{"type":"Point","coordinates":[98.8902,2.9898]},"properties":{"id":"magma:CRS20170915083336","tanggal":"2017-08-26","presisi_tanggal":"hari","waktu_utc":"2017-08-26T13:00:00+00:00","sumber":"magma-tanggapan","tipe":null,"desa":"Pematang Raya","kecamatan":"Raya","kab_kode":"12.08","kab_nama":"Kabupaten Simalungun","provinsi":"Sumatera Utara"}},{"type":"Feature","geometry":{"type":"Point","coordinates":[106.7382,-6.8598]},"properties":{"id":"magma:CRS20170915080827","tanggal":"2017-08-29","presisi_tanggal":"hari","waktu_utc":"2017-08-29T12:45:00+00:00","sumber":"magma-tanggapan","tipe":null,"desa":"Palasari Hilir","kecamatan":"Parung Kuda","kab_kode":"32.02","kab_nama":"Kabupaten Sukabumi","provinsi":"Jawa Barat"}},{"type":"Feature","geometry":{"type":"Point","coordinates":[114.031,-7.0828]},"properties":{"id":"magma:CRS20170915081319","tanggal":"2017-08-29","presisi_tanggal":"hari","waktu_utc":"2017-08-29T15:05:00+00:00","sumber":"magma-tanggapan","tipe":null,"desa":"Palasa","kecamatan":"Talango","kab_kode":"35.29","kab_nama":"Kabupaten Sumenep","provinsi":"Jawa Timur"}},{"type":"Feature","geometry":{"type":"Point","coordinates":[116.8366,-1.259]},"properties":{"id":"magma:CRS20170919090642","tanggal":"2017-08-29","presisi_tanggal":"hari","waktu_utc":"2017-08-29T02:58:00+00:00","sumber":"magma-tanggapan","tipe":null,"desa":"Karang Jati","kecamatan":"Balikpapan Tengah","kab_kode":"64.71","kab_nama":"Kota Balikpapan","provinsi":"Kalimantan Timur"}},{"type":"Feature","geometry":{"type":"Point","coordinates":[128.2221,-3.6875]},"properties":{"id":"magma:CRS20170915090828","tanggal":"2017-09-02","presisi_tanggal":"hari","waktu_utc":"2017-09-01T16:00:00+00:00","sumber":"magma-tanggapan","tipe":null,"desa":"Batu Merah","kecamatan":"Sirimau","kab_kode":"81.71","kab_nama":"Kota Ambon","provinsi":"Maluku"}},{"type":"Feature","geometry":{"type":"Point","coordinates":[110.7313,-7.662]},"properties":{"id":"magma:CRS20170915085555","tanggal":"2017-09-06","presisi_tanggal":"hari","waktu_utc":"2017-09-06T00:00:00+00:00","sumber":"magma-tanggapan","tipe":null,"desa":"Jetis","kecamatan":"Juwiring","kab_kode":"33.10","kab_nama":"Kabupaten Klaten","provinsi":"Jawa Tengah"}},{"type":"Feature","geometry":{"type":"Point","coordinates":[97.7987,2.2836]},"properties":{"id":"magma:CRS20170910163639","tanggal":"2017-09-09","presisi_tanggal":"hari","waktu_utc":"2017-09-08T20:00:00+00:00","sumber":"magma-tanggapan","tipe":null,"desa":"Pangkalan Sulampi","kecamatan":"Suro","kab_kode":"11.10","kab_nama":"Kabupaten Aceh Singkil","provinsi":"Aceh"}},{"type":"Feature","geometry":{"type":"Point","coordinates":[100.3933,-0.2958]},"properties":{"id":"magma:CRS20170910164954","tanggal":"2017-09-09","presisi_tanggal":"hari","waktu_utc":"2017-09-09T13:30:00+00:00","sumber":"magma-tanggapan","tipe":null,"desa":"Garegeh","kecamatan":"Mandiangin Koto Selayan","kab_kode":"13.75","kab_nama":"Kota Bukittinggi","provinsi":"Sumatera Barat"}},{"type":"Feature","geometry":{"type":"Point","coordinates":[100.4326,-0.9553]},"properties":{"id":"magma:CRS20170910164235","tanggal":"2017-09-10","presisi_tanggal":"hari","waktu_utc":"2017-09-10T01:00:00+00:00","sumber":"magma-tanggapan","tipe":null,"desa":"Koto Lalang","kecamatan":"Lubuk Kilangan","kab_kode":"13.71","kab_nama":"Kota Padang","provinsi":"Sumatera Barat"}},{"type":"Feature","geometry":{"type":"Point","coordinates":[101.4548,-2.9603]},"properties":{"id":"magma:CRS20170915082133","tanggal":"2017-09-10","presisi_tanggal":"hari","waktu_utc":"2017-09-09T20:00:00+00:00","sumber":"magma-tanggapan","tipe":null,"desa":"Pasar Ipuh","kecamatan":"Ipuh","kab_kode":"17.06","kab_nama":"Kabupaten Mukomuko","provinsi":"Bengkulu"}},{"type":"Feature","geometry":{"type":"Point","coordinates":[109.1345,0.2431]},"properties":{"id":"magma:CRS20170919090923","tanggal":"2017-09-13","presisi_tanggal":"hari","waktu_utc":"2017-09-12T17:00:00+00:00","sumber":"magma-tanggapan","tipe":null,"desa":"Peniraman","kecamatan":"Sungai Pinyuh","kab_kode":"61.02","kab_nama":"Kabupaten Mempawah","provinsi":"Kalimantan Barat"}},{"type":"Feature","geometry":{"type":"Point","coordinates":[112.5282,-7.5246]},"properties":{"id":"magma:CRS20170915084301","tanggal":"2017-09-14","presisi_tanggal":"hari","waktu_utc":"2017-09-13T23:00:00+00:00","sumber":"magma-tanggapan","tipe":null,"desa":"Sumbertanggul","kecamatan":"Mojosari","kab_kode":"35.16","kab_nama":"Kabupaten Mojokerto","provinsi":"Jawa Timur"}},{"type":"Feature","geometry":{"type":"Point","coordinates":[100.9787,-1.437]},"properties":{"id":"magma:CRS20170922163130","tanggal":"2017-09-14","presisi_tanggal":"hari","waktu_utc":"2017-09-14T13:30:00+00:00","sumber":"magma-tanggapan","tipe":null,"desa":"Pakan Rabaa Tengah","kecamatan":"Koto Parik Gadang Diateh","kab_kode":"13.11","kab_nama":"Kabupaten Solok Selatan","provinsi":"Sumatera Barat"}},{"type":"Feature","geometry":{"type":"Point","coordinates":[108.0665,-7.2494]},"properties":{"id":"magma:CRS20170917161035","tanggal":"2017-09-16","presisi_tanggal":"hari","waktu_utc":"2017-09-16T07:48:00+00:00","sumber":"magma-tanggapan","tipe":null,"desa":"Linggajati","kecamatan":"Sukaratu","kab_kode":"32.06","kab_nama":"Kabupaten Tasikmalaya","provinsi":"Jawa Barat"}},{"type":"Feature","geometry":{"type":"Point","coordinates":[106.7549,-6.2704]},"properties":{"id":"magma:CRS20171005152503","tanggal":"2017-09-20","presisi_tanggal":"hari","waktu_utc":"2017-09-19T17:05:00+00:00","sumber":"magma-tanggapan","tipe":null,"desa":"Bintaro","kecamatan":"Pesanggrahan","kab_kode":"31.74","kab_nama":"Kota Administrasi Jakarta Selatan","provinsi":"Daerah Khusus Ibukota Jakarta"}},{"type":"Feature","geometry":{"type":"Point","coordinates":[100.4509,-1.0882]},"properties":{"id":"magma:CRS20171005152829","tanggal":"2017-09-20","presisi_tanggal":"hari","waktu_utc":"2017-09-20T12:28:00+00:00","sumber":"magma-tanggapan","tipe":null,"desa":"Siguntur","kecamatan":"Koto Xi Tarusan","kab_kode":"13.01","kab_nama":"Kabupaten Pesisir Selatan","provinsi":"Sumatera Barat"}},{"type":"Feature","geometry":{"type":"Point","coordinates":[113.8555,-7.0848]},"properties":{"id":"magma:CRS20171001222243","tanggal":"2017-09-21","presisi_tanggal":"hari","waktu_utc":"2017-09-21T15:21:00+00:00","sumber":"magma-tanggapan","tipe":null,"desa":"Kebundadap Barat","kecamatan":"Saronggi","kab_kode":"35.29","kab_nama":"Kabupaten Sumenep","provinsi":"Jawa Timur"}},{"type":"Feature","geometry":{"type":"Point","coordinates":[107.4681,-7.0826]},"properties":{"id":"magma:CRS20171031104610","tanggal":"2017-09-25","presisi_tanggal":"hari","waktu_utc":"2017-09-25T02:00:00+00:00","sumber":"magma-tanggapan","tipe":null,"desa":"Sukawening","kecamatan":"Ciwidey","kab_kode":"32.04","kab_nama":"Kabupaten Bandung","provinsi":"Jawa Barat"}},{"type":"Feature","geometry":{"type":"Point","coordinates":[119.7309,-3.3413]},"properties":{"id":"magma:CRS20170929083537","tanggal":"2017-09-27","presisi_tanggal":"hari","waktu_utc":"2017-09-27T00:00:00+00:00","sumber":"magma-tanggapan","tipe":null,"desa":"Buntu Sarong","kecamatan":"Masalle","kab_kode":"73.16","kab_nama":"Kabupaten Enrekang","provinsi":"Sulawesi Selatan"}},{"type":"Feature","geometry":{"type":"Point","coordinates":[112.8046,-8.0686]},"properties":{"id":"magma:CRS20170929103205","tanggal":"2017-09-28","presisi_tanggal":"hari","waktu_utc":"2017-09-27T20:00:00+00:00","sumber":"magma-tanggapan","tipe":null,"desa":"Pandansari","kecamatan":"Poncokusumo","kab_kode":"35.07","kab_nama":"Kabupaten Malang","provinsi":"Jawa Timur"}},{"type":"Feature","geometry":{"type":"Point","coordinates":[108.0108,-7.4083]},"properties":{"id":"magma:CRS20171005233307","tanggal":"2017-10-01","presisi_tanggal":"hari","waktu_utc":"2017-10-01T09:00:00+00:00","sumber":"magma-tanggapan","tipe":null,"desa":"Puspasari","kecamatan":"Puspahiang","kab_kode":"32.06","kab_nama":"Kabupaten Tasikmalaya","provinsi":"Jawa Barat"}},{"type":"Feature","geometry":{"type":"Point","coordinates":[100.524,-0.9421]},"properties":{"id":"magma:CRS20171005085859","tanggal":"2017-10-04","presisi_tanggal":"hari","waktu_utc":"2017-10-04T00:58:00+00:00","sumber":"magma-tanggapan","tipe":null,"desa":"Indarung","kecamatan":"Lubuk Kilangan","kab_kode":"13.71","kab_nama":"Kota Padang","provinsi":"Sumatera Barat"}},{"type":"Feature","geometry":{"type":"Point","coordinates":[109.6604,-7.1432]},"properties":{"id":"magma:CRS20171006094316","tanggal":"2017-10-04","presisi_tanggal":"hari","waktu_utc":"2017-10-03T23:27:00+00:00","sumber":"magma-tanggapan","tipe":null,"desa":"Sidomulyo","kecamatan":"Lebakbarang","kab_kode":"33.26","kab_nama":"Kabupaten Pekalongan","provinsi":"Jawa Tengah"}},{"type":"Feature","geometry":{"type":"Point","coordinates":[110.3824,-7.5902]},"properties":{"id":"magma:CRS20171006095055","tanggal":"2017-10-04","presisi_tanggal":"hari","waktu_utc":"2017-10-04T01:45:00+00:00","sumber":"magma-tanggapan","tipe":null,"desa":"Kaliurang","kecamatan":"Srumbung","kab_kode":"33.08","kab_nama":"Kabupaten Magelang","provinsi":"Jawa Tengah"}},{"type":"Feature","geometry":{"type":"Point","coordinates":[104.1945,-5.0216]},"properties":{"id":"magma:CRS20171006100325","tanggal":"2017-10-04","presisi_tanggal":"hari","waktu_utc":"2017-10-04T02:02:00+00:00","sumber":"magma-tanggapan","tipe":null,"desa":"Bedudu","kecamatan":"Belalau","kab_kode":"18.04","kab_nama":"Kabupaten Lampung Barat","provinsi":"Lampung"}},{"type":"Feature","geometry":{"type":"Point","coordinates":[112.7392,-7.797]},"properties":{"id":"magma:CRS20171009141315","tanggal":"2017-10-07","presisi_tanggal":"hari","waktu_utc":"2017-10-07T11:19:00+00:00","sumber":"magma-tanggapan","tipe":null,"desa":"Purwodadi","kecamatan":"Purwodadi","kab_kode":"35.14","kab_nama":"Kabupaten Pasuruan","provinsi":"Jawa Timur"}},{"type":"Feature","geometry":{"type":"Point","coordinates":[110.5049,-7.7809]},"properties":{"id":"magma:CRS20171009135806","tanggal":"2017-10-08","presisi_tanggal":"hari","waktu_utc":"2017-10-08T00:00:00+00:00","sumber":"magma-tanggapan","tipe":null,"desa":"Sambi Rejo","kecamatan":"Prambanan","kab_kode":"34.04","kab_nama":"Kabupaten Sleman","provinsi":"Daerah Istimewa Yogyakarta"}},{"type":"Feature","geometry":{"type":"Point","coordinates":[114.0829,-8.3498]},"properties":{"id":"magma:CRS20171009174245","tanggal":"2017-10-08","presisi_tanggal":"hari","waktu_utc":"2017-10-08T10:00:00+00:00","sumber":"magma-tanggapan","tipe":null,"desa":"Tulungrejo","kecamatan":"Glenmore","kab_kode":"35.10","kab_nama":"Kabupaten Banyuwangi","provinsi":"Jawa Timur"}},{"type":"Feature","geometry":{"type":"Point","coordinates":[104.7772,-5.6038]},"properties":{"id":"magma:CRS20171009175044","tanggal":"2017-10-08","presisi_tanggal":"hari","waktu_utc":"2017-10-08T10:00:00+00:00","sumber":"magma-tanggapan","tipe":null,"desa":"Tegineneng","kecamatan":"Limau","kab_kode":"18.06","kab_nama":"Kabupaten Tanggamus","provinsi":"Lampung"}},{"type":"Feature","geometry":{"type":"Point","coordinates":[107.1043,-7.4019]},"properties":{"id":"magma:CRS20171009175733","tanggal":"2017-10-08","presisi_tanggal":"hari","waktu_utc":"2017-10-08T11:00:00+00:00","sumber":"magma-tanggapan","tipe":null,"desa":"Panyindangan","kecamatan":"Cibinong","kab_kode":"32.03","kab_nama":"Kabupaten Cianjur","provinsi":"Jawa Barat"}},{"type":"Feature","geometry":{"type":"Point","coordinates":[110.1438,-7.4451]},"properties":{"id":"magma:CRS20171009180336","tanggal":"2017-10-09","presisi_tanggal":"hari","waktu_utc":"2017-10-09T03:30:00+00:00","sumber":"magma-tanggapan","tipe":null,"desa":"Balerejo","kecamatan":"Kaliangkrik","kab_kode":"33.08","kab_nama":"Kabupaten Magelang","provinsi":"Jawa Tengah"}},{"type":"Feature","geometry":{"type":"Point","coordinates":[108.4141,-7.2464]},"properties":{"id":"magma:CRS20171009180803","tanggal":"2017-10-09","presisi_tanggal":"hari","waktu_utc":"2017-10-08T18:15:00+00:00","sumber":"magma-tanggapan","tipe":null,"desa":"Mekarsari","kecamatan":"Cipaku","kab_kode":"32.07","kab_nama":"Kabupaten Ciamis","provinsi":"Jawa Barat"}},{"type":"Feature","geometry":{"type":"Point","coordinates":[123.493,-8.265]},"properties":{"id":"magma:CRS20171012091715","tanggal":"2017-10-10","presisi_tanggal":"hari","waktu_utc":"2017-10-10T16:55:00+00:00","sumber":"magma-tanggapan","tipe":null,"desa":"Bungamuda","kecamatan":"Ile Ape","kab_kode":"53.13","kab_nama":"Kabupaten Lembata","provinsi":"Nusa Tenggara Timur"}},{"type":"Feature","geometry":{"type":"Point","coordinates":[111.158,-8.238]},"properties":{"id":"pvmbg:11_2022:2017-10-28:0","tanggal":"2017-10-28","presisi_tanggal":"hari","waktu_utc":null,"sumber":"pvmbg-lapangan","tipe":"Retakan","desa":"Karanganyar","kecamatan":"Kebonagung","kab_kode":"35.01","kab_nama":"Kabupaten Pacitan","provinsi":"Jawa Timur"}},{"type":"Feature","geometry":{"type":"Point","coordinates":[110.4107,-7.9432]},"properties":{"id":"pvmbg:1025_2018:2017-11-15:0","tanggal":"2017-11-15","presisi_tanggal":"hari","waktu_utc":null,"sumber":"pvmbg-lapangan","tipe":null,"desa":null,"kecamatan":null,"kab_kode":"34.02","kab_nama":"Kabupaten Bantul","provinsi":"Daerah Istimewa Yogyakarta"}},{"type":"Feature","geometry":{"type":"Point","coordinates":[110.3941,-7.9414]},"properties":{"id":"pvmbg:1025_2018:2017-11-15:1","tanggal":"2017-11-15","presisi_tanggal":"hari","waktu_utc":null,"sumber":"pvmbg-lapangan","tipe":null,"desa":null,"kecamatan":null,"kab_kode":"34.02","kab_nama":"Kabupaten Bantul","provinsi":"Daerah Istimewa Yogyakarta"}},{"type":"Feature","geometry":{"type":"Point","coordinates":[110.4461,-7.9325]},"properties":{"id":"pvmbg:1025_2018:2017-11-15:2","tanggal":"2017-11-15","presisi_tanggal":"hari","waktu_utc":null,"sumber":"pvmbg-lapangan","tipe":null,"desa":null,"kecamatan":null,"kab_kode":"34.02","kab_nama":"Kabupaten Bantul","provinsi":"Daerah Istimewa Yogyakarta"}},{"type":"Feature","geometry":{"type":"Point","coordinates":[110.4739,-7.847]},"properties":{"id":"pvmbg:1025_2018:2017-11-15:3","tanggal":"2017-11-15","presisi_tanggal":"hari","waktu_utc":null,"sumber":"pvmbg-lapangan","tipe":null,"desa":null,"kecamatan":null,"kab_kode":"34.02","kab_nama":"Kabupaten Bantul","provinsi":"Daerah Istimewa Yogyakarta"}},{"type":"Feature","geometry":{"type":"Point","coordinates":[110.4863,-7.8373]},"properties":{"id":"pvmbg:1025_2018:2017-11-15:4","tanggal":"2017-11-15","presisi_tanggal":"hari","waktu_utc":null,"sumber":"pvmbg-lapangan","tipe":null,"desa":null,"kecamatan":null,"kab_kode":"34.02","kab_nama":"Kabupaten Bantul","provinsi":"Daerah Istimewa Yogyakarta"}},{"type":"Feature","geometry":{"type":"Point","coordinates":[110.7793,-7.8891]},"properties":{"id":"pvmbg:1248_2018:2017-11-28:0","tanggal":"2017-11-28","presisi_tanggal":"hari","waktu_utc":null,"sumber":"pvmbg-lapangan","tipe":null,"desa":null,"kecamatan":null,"kab_kode":"33.12","kab_nama":"Kabupaten Wonogiri","provinsi":"Jawa Tengah"}},{"type":"Feature","geometry":{"type":"Point","coordinates":[111.0654,-7.98]},"properties":{"id":"pvmbg:1248_2018:2017-11-28:1","tanggal":"2017-11-28","presisi_tanggal":"hari","waktu_utc":null,"sumber":"pvmbg-lapangan","tipe":null,"desa":null,"kecamatan":null,"kab_kode":"33.12","kab_nama":"Kabupaten Wonogiri","provinsi":"Jawa Tengah"}},{"type":"Feature","geometry":{"type":"Point","coordinates":[111.0674,-7.9991]},"properties":{"id":"pvmbg:1248_2018:2017-11-28:2","tanggal":"2017-11-28","presisi_tanggal":"hari","waktu_utc":null,"sumber":"pvmbg-lapangan","tipe":null,"desa":null,"kecamatan":null,"kab_kode":"33.12","kab_nama":"Kabupaten Wonogiri","provinsi":"Jawa Tengah"}},{"type":"Feature","geometry":{"type":"Point","coordinates":[111.2273,-7.8663]},"properties":{"id":"pvmbg:1248_2018:2017-11-28:3","tanggal":"2017-11-28","presisi_tanggal":"hari","waktu_utc":null,"sumber":"pvmbg-lapangan","tipe":null,"desa":null,"kecamatan":null,"kab_kode":"33.12","kab_nama":"Kabupaten Wonogiri","provinsi":"Jawa Tengah"}},{"type":"Feature","geometry":{"type":"Point","coordinates":[111.2413,-7.8659]},"properties":{"id":"pvmbg:1248_2018:2017-11-28:4","tanggal":"2017-11-28","presisi_tanggal":"hari","waktu_utc":null,"sumber":"pvmbg-lapangan","tipe":null,"desa":null,"kecamatan":null,"kab_kode":"33.12","kab_nama":"Kabupaten Wonogiri","provinsi":"Jawa Tengah"}},{"type":"Feature","geometry":{"type":"Point","coordinates":[111.0524,-7.9044]},"properties":{"id":"pvmbg:1248_2018:2017-11-28:5","tanggal":"2017-11-28","presisi_tanggal":"hari","waktu_utc":null,"sumber":"pvmbg-lapangan","tipe":null,"desa":null,"kecamatan":null,"kab_kode":"33.12","kab_nama":"Kabupaten Wonogiri","provinsi":"Jawa Tengah"}},{"type":"Feature","geometry":{"type":"Point","coordinates":[111.0634,-7.9102]},"properties":{"id":"pvmbg:1248_2018:2017-11-28:6","tanggal":"2017-11-28","presisi_tanggal":"hari","waktu_utc":null,"sumber":"pvmbg-lapangan","tipe":null,"desa":null,"kecamatan":null,"kab_kode":"33.12","kab_nama":"Kabupaten Wonogiri","provinsi":"Jawa Tengah"}},{"type":"Feature","geometry":{"type":"Point","coordinates":[110.9269,-8.0711]},"properties":{"id":"pvmbg:1248_2018:2017-11-28:7","tanggal":"2017-11-28","presisi_tanggal":"hari","waktu_utc":null,"sumber":"pvmbg-lapangan","tipe":null,"desa":null,"kecamatan":null,"kab_kode":"33.12","kab_nama":"Kabupaten Wonogiri","provinsi":"Jawa Tengah"}},{"type":"Feature","geometry":{"type":"Point","coordinates":[111.0647,-8.1221]},"properties":{"id":"pvmbg:246_2020:2017-11-28:0","tanggal":"2017-11-28","presisi_tanggal":"hari","waktu_utc":null,"sumber":"pvmbg-lapangan","tipe":null,"desa":null,"kecamatan":null,"kab_kode":"35.01","kab_nama":"Kabupaten Pacitan","provinsi":"Jawa Timur"}},{"type":"Feature","geometry":{"type":"Point","coordinates":[111.8658,-7.8579]},"properties":{"id":"magma:CRS20201123210854","tanggal":"2017-11-30","presisi_tanggal":"hari","waktu_utc":"2017-11-29T20:00:00+00:00","sumber":"magma-tanggapan","tipe":null,"desa":"Jugo","kecamatan":"Mojo","kab_kode":"35.06","kab_nama":"Kabupaten Kediri","provinsi":"Jawa Timur"}},{"type":"Feature","geometry":{"type":"Point","coordinates":[110.9271,-8.0711]},"properties":{"id":"pvmbg:3091_2018:2017-12-13:0","tanggal":"2017-12-13","presisi_tanggal":"hari","waktu_utc":null,"sumber":"pvmbg-lapangan","tipe":null,"desa":null,"kecamatan":null,"kab_kode":"33.12","kab_nama":"Kabupaten Wonogiri","provinsi":"Jawa Tengah"}},{"type":"Feature","geometry":{"type":"Point","coordinates":[109.794,-7.3181]},"properties":{"id":"pvmbg:1033_2018:2017-12-15:0","tanggal":"2017-12-15","presisi_tanggal":"hari","waktu_utc":null,"sumber":"pvmbg-lapangan","tipe":null,"desa":null,"kecamatan":"P","kab_kode":"33.04","kab_nama":"Kabupaten Banjarnegara","provinsi":"Jawa Tengah"}},{"type":"Feature","geometry":{"type":"Point","coordinates":[110.7622,-8.0073]},"properties":{"id":"pvmbg:3092_2018:2017-12-18:0","tanggal":"2017-12-18","presisi_tanggal":"hari","waktu_utc":null,"sumber":"pvmbg-lapangan","tipe":null,"desa":null,"kecamatan":null,"kab_kode":"33.12","kab_nama":"Kabupaten Wonogiri","provinsi":"Jawa Tengah"}},{"type":"Feature","geometry":{"type":"Point","coordinates":[110.8841,-8.1442]},"properties":{"id":"pvmbg:3093_2018:2017-12-20:0","tanggal":"2017-12-20","presisi_tanggal":"hari","waktu_utc":null,"sumber":"pvmbg-lapangan","tipe":null,"desa":null,"kecamatan":null,"kab_kode":"33.12","kab_nama":"Kabupaten Wonogiri","provinsi":"Jawa Tengah"}},{"type":"Feature","geometry":{"type":"Point","coordinates":[110.8756,-8.1357]},"properties":{"id":"pvmbg:3093_2018:2017-12-20:1","tanggal":"2017-12-20","presisi_tanggal":"hari","waktu_utc":null,"sumber":"pvmbg-lapangan","tipe":null,"desa":null,"kecamatan":null,"kab_kode":"33.12","kab_nama":"Kabupaten Wonogiri","provinsi":"Jawa Tengah"}},{"type":"Feature","geometry":{"type":"Point","coordinates":[109.794,-7.3181]},"properties":{"id":"magma:CRS20180914080139","tanggal":"2017-12-22","presisi_tanggal":"hari","waktu_utc":"2017-12-22T13:00:00+00:00","sumber":"magma-tanggapan","tipe":null,"desa":"Metawana","kecamatan":"Pagentan","kab_kode":"33.04","kab_nama":"Kabupaten Banjarnegara","provinsi":"Jawa Tengah"}},{"type":"Feature","geometry":{"type":"Point","coordinates":[110.8069,-8.1122]},"properties":{"id":"pvmbg:3094_2018:2017-12-22:0","tanggal":"2017-12-22","presisi_tanggal":"hari","waktu_utc":null,"sumber":"pvmbg-lapangan","tipe":null,"desa":null,"kecamatan":null,"kab_kode":"33.12","kab_nama":"Kabupaten Wonogiri","provinsi":"Jawa Tengah"}},{"type":"Feature","geometry":{"type":"Point","coordinates":[110.8058,-8.0112]},"properties":{"id":"pvmbg:3094_2018:2017-12-22:1","tanggal":"2017-12-22","presisi_tanggal":"hari","waktu_utc":null,"sumber":"pvmbg-lapangan","tipe":null,"desa":null,"kecamatan":null,"kab_kode":"33.12","kab_nama":"Kabupaten Wonogiri","provinsi":"Jawa Tengah"}},{"type":"Feature","geometry":{"type":"Point","coordinates":[110.8117,-8.0032]},"properties":{"id":"pvmbg:3094_2018:2017-12-22:2","tanggal":"2017-12-22","presisi_tanggal":"hari","waktu_utc":null,"sumber":"pvmbg-lapangan","tipe":null,"desa":null,"kecamatan":null,"kab_kode":"33.12","kab_nama":"Kabupaten Wonogiri","provinsi":"Jawa Tengah"}},{"type":"Feature","geometry":{"type":"Point","coordinates":[109.8464,-7.4919]},"properties":{"id":"pvmbg:214_2019:2017-12-28:0","tanggal":"2017-12-28","presisi_tanggal":"hari","waktu_utc":null,"sumber":"pvmbg-lapangan","tipe":null,"desa":null,"kecamatan":null,"kab_kode":"33.07","kab_nama":"Kabupaten Wonosobo","provinsi":"Jawa Tengah"}},{"type":"Feature","geometry":{"type":"Point","coordinates":[109.7939,-7.4677]},"properties":{"id":"pvmbg:214_2019:2017-12-28:1","tanggal":"2017-12-28","presisi_tanggal":"hari","waktu_utc":null,"sumber":"pvmbg-lapangan","tipe":null,"desa":null,"kecamatan":null,"kab_kode":"33.07","kab_nama":"Kabupaten Wonosobo","provinsi":"Jawa Tengah"}},{"type":"Feature","geometry":{"type":"Point","coordinates":[113.9912,-8.5029]},"properties":{"id":"pvmbg:1094_2018:2018-01-01:0","tanggal":"2018-01-01","presisi_tanggal":"tahun","waktu_utc":null,"sumber":"pvmbg-lapangan","tipe":null,"desa":null,"kecamatan":null,"kab_kode":"35.10","kab_nama":"Kabupaten Banyuwangi","provinsi":"Jawa Timur"}},{"type":"Feature","geometry":{"type":"Point","coordinates":[114.131,-8.1157]},"properties":{"id":"pvmbg:1095_2018:2018-01-01:0","tanggal":"2018-01-01","presisi_tanggal":"tahun","waktu_utc":null,"sumber":"pvmbg-lapangan","tipe":null,"desa":null,"kecamatan":"Pasanggaran Kec. Songgon Kab. Banyuwangi","kab_kode":"35.10","kab_nama":"Kabupaten Banyuwangi","provinsi":"Jawa Timur"}},{"type":"Feature","geometry":{"type":"Point","coordinates":[114.155,-8.1834]},"properties":{"id":"pvmbg:1095_2018:2018-01-01:1","tanggal":"2018-01-01","presisi_tanggal":"tahun","waktu_utc":null,"sumber":"pvmbg-lapangan","tipe":null,"desa":null,"kecamatan":"Pasanggaran Kec. Songgon Kab. Banyuwangi","kab_kode":"35.10","kab_nama":"Kabupaten Banyuwangi","provinsi":"Jawa Timur"}},{"type":"Feature","geometry":{"type":"Point","coordinates":[109.7148,-7.3086]},"properties":{"id":"pvmbg:1128_2018:2018-01-01:0","tanggal":"2018-01-01","presisi_tanggal":"tahun","waktu_utc":null,"sumber":"pvmbg-lapangan","tipe":null,"desa":null,"kecamatan":null,"kab_kode":"33.04","kab_nama":"Kabupaten Banjarnegara","provinsi":"Jawa Tengah"}},{"type":"Feature","geometry":{"type":"Point","coordinates":[108.5113,-7.0627]},"properties":{"id":"pvmbg:1178_2018:2018-01-01:0","tanggal":"2018-01-01","presisi_tanggal":"tahun","waktu_utc":null,"sumber":"pvmbg-lapangan","tipe":null,"desa":null,"kecamatan":null,"kab_kode":"32.08","kab_nama":"Kabupaten Kuningan","provinsi":"Jawa Barat"}},{"type":"Feature","geometry":{"type":"Point","coordinates":[100.5946,-0.6614]},"properties":{"id":"pvmbg:1188_2019:2018-01-01:0","tanggal":"2018-01-01","presisi_tanggal":"tahun","waktu_utc":null,"sumber":"pvmbg-lapangan","tipe":null,"desa":null,"kecamatan":"X Koto S","kab_kode":"13.02","kab_nama":"Kabupaten Solok","provinsi":"Sumatera Barat"}},{"type":"Feature","geometry":{"type":"Point","coordinates":[108.7258,-7.0225]},"properties":{"id":"pvmbg:1220_2018:2018-01-01:0","tanggal":"2018-01-01","presisi_tanggal":"tahun","waktu_utc":null,"sumber":"pvmbg-lapangan","tipe":null,"desa":null,"kecamatan":null,"kab_kode":"32.08","kab_nama":"Kabupaten Kuningan","provinsi":"Jawa Barat"}},{"type":"Feature","geometry":{"type":"Point","coordinates":[108.4625,-6.9635]},"properties":{"id":"pvmbg:1221_2018:2018-01-01:0","tanggal":"2018-01-01","presisi_tanggal":"tahun","waktu_utc":null,"sumber":"pvmbg-lapangan","tipe":null,"desa":null,"kecamatan":null,"kab_kode":"32.08","kab_nama":"Kabupaten Kuningan","provinsi":"Jawa Barat"}},{"type":"Feature","geometry":{"type":"Point","coordinates":[116.3953,-8.3497]},"properties":{"id":"pvmbg:928_2019:2018-01-01:0","tanggal":"2018-01-01","presisi_tanggal":"tahun","waktu_utc":null,"sumber":"pvmbg-lapangan","tipe":null,"desa":null,"kecamatan":null,"kab_kode":"52.08","kab_nama":"Kabupaten Lombok Utara","provinsi":"Nusa Tenggara Barat"}},{"type":"Feature","geometry":{"type":"Point","coordinates":[116.3983,-8.3656]},"properties":{"id":"pvmbg:928_2019:2018-01-01:1","tanggal":"2018-01-01","presisi_tanggal":"tahun","waktu_utc":null,"sumber":"pvmbg-lapangan","tipe":null,"desa":null,"kecamatan":null,"kab_kode":"52.08","kab_nama":"Kabupaten Lombok Utara","provinsi":"Nusa Tenggara Barat"}},{"type":"Feature","geometry":{"type":"Point","coordinates":[110.4267,-7.9499]},"properties":{"id":"pvmbg:1025_2018:2018-01-15:0","tanggal":"2018-01-15","presisi_tanggal":"hari","waktu_utc":null,"sumber":"pvmbg-lapangan","tipe":null,"desa":null,"kecamatan":null,"kab_kode":"34.02","kab_nama":"Kabupaten Bantul","provinsi":"Daerah Istimewa Yogyakarta"}},{"type":"Feature","geometry":{"type":"Point","coordinates":[106.9477,-7.1911]},"properties":{"id":"magma:CRS20200428144953","tanggal":"2018-01-23","presisi_tanggal":"hari","waktu_utc":"2018-01-23T06:35:00+00:00","sumber":"magma-tanggapan","tipe":null,"desa":"Curugkembar","kecamatan":"Curugkembar","kab_kode":"32.02","kab_nama":"Kabupaten Sukabumi","provinsi":"Jawa Barat"}},{"type":"Feature","geometry":{"type":"Point","coordinates":[109.6071,-7.2281]},"properties":{"id":"magma:CRS20180913083518","tanggal":"2018-02-10","presisi_tanggal":"hari","waktu_utc":"2018-02-10T13:00:00+00:00","sumber":"magma-tanggapan","tipe":null,"desa":"Sirongge","kecamatan":"Pandanarum","kab_kode":"33.04","kab_nama":"Kabupaten Banjarnegara","provinsi":"Jawa Tengah"}},{"type":"Feature","geometry":{"type":"Point","coordinates":[108.7098,-7.0596]},"properties":{"id":"pvmbg:1254_2018:2018-02-15:0","tanggal":"2018-02-15","presisi_tanggal":"hari","waktu_utc":null,"sumber":"pvmbg-lapangan","tipe":null,"desa":null,"kecamatan":null,"kab_kode":"32.08","kab_nama":"Kabupaten Kuningan","provinsi":"Jawa Barat"}},{"type":"Feature","geometry":{"type":"Point","coordinates":[108.7068,-7.0989]},"properties":{"id":"pvmbg:1254_2018:2018-02-23:0","tanggal":"2018-02-23","presisi_tanggal":"hari","waktu_utc":null,"sumber":"pvmbg-lapangan","tipe":null,"desa":null,"kecamatan":null,"kab_kode":"32.08","kab_nama":"Kabupaten Kuningan","provinsi":"Jawa Barat"}},{"type":"Feature","geometry":{"type":"Point","coordinates":[106.5453,-6.7221]},"properties":{"id":"pvmbg:1038_2018:2018-03-08:0","tanggal":"2018-03-08","presisi_tanggal":"hari","waktu_utc":null,"sumber":"pvmbg-lapangan","tipe":null,"desa":null,"kecamatan":null,"kab_kode":"32.01","kab_nama":"Kabupaten Bogor","provinsi":"Jawa Barat"}},{"type":"Feature","geometry":{"type":"Point","coordinates":[108.428,-6.7719]},"properties":{"id":"pvmbg:1045_2018:2018-03-15:0","tanggal":"2018-03-15","presisi_tanggal":"hari","waktu_utc":null,"sumber":"pvmbg-lapangan","tipe":null,"desa":null,"kecamatan":null,"kab_kode":"32.09","kab_nama":"Kabupaten Cirebon","provinsi":"Jawa Barat"}},{"type":"Feature","geometry":{"type":"Point","coordinates":[107.0344,-6.6588]},"properties":{"id":"pvmbg:1047_2018:2018-03-18:0","tanggal":"2018-03-18","presisi_tanggal":"hari","waktu_utc":null,"sumber":"pvmbg-lapangan","tipe":null,"desa":null,"kecamatan":null,"kab_kode":"32.01","kab_nama":"Kabupaten Bogor","provinsi":"Jawa Barat"}},{"type":"Feature","geometry":{"type":"Point","coordinates":[108.1178,-6.9167]},"properties":{"id":"pvmbg:1048_2018:2018-03-18:0","tanggal":"2018-03-18","presisi_tanggal":"hari","waktu_utc":null,"sumber":"pvmbg-lapangan","tipe":null,"desa":null,"kecamatan":null,"kab_kode":"32.11","kab_nama":"Kabupaten Sumedang","provinsi":"Jawa Barat"}},{"type":"Feature","geometry":{"type":"Point","coordinates":[108.0892,-6.9078]},"properties":{"id":"pvmbg:1048_2018:2018-03-18:1","tanggal":"2018-03-18","presisi_tanggal":"hari","waktu_utc":null,"sumber":"pvmbg-lapangan","tipe":null,"desa":null,"kecamatan":null,"kab_kode":"32.11","kab_nama":"Kabupaten Sumedang","provinsi":"Jawa Barat"}},{"type":"Feature","geometry":{"type":"Point","coordinates":[106.9928,-6.9982]},"properties":{"id":"pvmbg:1053_2018:2018-04-01:0","tanggal":"2018-04-01","presisi_tanggal":"bulan","waktu_utc":null,"sumber":"pvmbg-lapangan","tipe":null,"desa":null,"kecamatan":"Geger","kab_kode":"32.02","kab_nama":"Kabupaten Sukabumi","provinsi":"Jawa Barat"}},{"type":"Feature","geometry":{"type":"Point","coordinates":[107.3405,-6.9643]},"properties":{"id":"pvmbg:1032_2018:2018-04-05:0","tanggal":"2018-04-05","presisi_tanggal":"hari","waktu_utc":null,"sumber":"pvmbg-lapangan","tipe":null,"desa":null,"kecamatan":null,"kab_kode":"32.17","kab_nama":"Kabupaten Bandung Barat","provinsi":"Jawa Barat"}},{"type":"Feature","geometry":{"type":"Point","coordinates":[116.6819,-1.0833]},"properties":{"id":"pvmbg:1026_2018:2018-04-11:0","tanggal":"2018-04-11","presisi_tanggal":"hari","waktu_utc":null,"sumber":"pvmbg-lapangan","tipe":null,"desa":null,"kecamatan":null,"kab_kode":"64.09","kab_nama":"Kabupaten Penajam Paser Utara","provinsi":"Kalimantan Timur"}},{"type":"Feature","geometry":{"type":"Point","coordinates":[107.5133,-7.0824]},"properties":{"id":"pvmbg:1155_2018:2018-04-24:0","tanggal":"2018-04-24","presisi_tanggal":"hari","waktu_utc":null,"sumber":"pvmbg-lapangan","tipe":null,"desa":null,"kecamatan":null,"kab_kode":"32.04","kab_nama":"Kabupaten Bandung","provinsi":"Jawa Barat"}},{"type":"Feature","geometry":{"type":"Point","coordinates":[107.4756,-6.9805]},"properties":{"id":"pvmbg:3088_2018:2018-04-27:0","tanggal":"2018-04-27","presisi_tanggal":"hari","waktu_utc":null,"sumber":"pvmbg-lapangan","tipe":null,"desa":null,"kecamatan":null,"kab_kode":"32.17","kab_nama":"Kabupaten Bandung Barat","provinsi":"Jawa Barat"}},{"type":"Feature","geometry":{"type":"Point","coordinates":[106.8301,-7.0168]},"properties":{"id":"pvmbg:2146_2018:2018-05-01:0","tanggal":"2018-05-01","presisi_tanggal":"bulan","waktu_utc":null,"sumber":"pvmbg-lapangan","tipe":null,"desa":null,"kecamatan":null,"kab_kode":"32.02","kab_nama":"Kabupaten Sukabumi","provinsi":"Jawa Barat"}},{"type":"Feature","geometry":{"type":"Point","coordinates":[109.8817,-7.4028]},"properties":{"id":"magma:CRS20180525084705","tanggal":"2018-05-21","presisi_tanggal":"hari","waktu_utc":"2018-05-21T11:00:00+00:00","sumber":"magma-tanggapan","tipe":null,"desa":"Karangsoka","kecamatan":"Kembaran","kab_kode":"33.07","kab_nama":"Kabupaten Wonosobo","provinsi":"Jawa Tengah"}},{"type":"Feature","geometry":{"type":"Point","coordinates":[109.8817,-7.3011]},"properties":{"id":"magma:CRS20180525084957","tanggal":"2018-05-21","presisi_tanggal":"hari","waktu_utc":"2018-05-21T09:00:00+00:00","sumber":"magma-tanggapan","tipe":null,"desa":"Derongisor","kecamatan":"Mojotengah","kab_kode":"33.07","kab_nama":"Kabupaten Wonosobo","provinsi":"Jawa Tengah"}},{"type":"Feature","geometry":{"type":"Point","coordinates":[101.8672,-2.18]},"properties":{"id":"magma:CRS20180525084121","tanggal":"2018-05-22","presisi_tanggal":"hari","waktu_utc":"2018-05-22T15:00:00+00:00","sumber":"magma-tanggapan","tipe":null,"desa":"Muara Hemat","kecamatan":"Batang Merangin","kab_kode":"15.02","kab_nama":"Kabupaten Merangin","provinsi":"Jambi"}},{"type":"Feature","geometry":{"type":"Point","coordinates":[102.9664,-3.7689]},"properties":{"id":"magma:CRS20180525085359","tanggal":"2018-05-22","presisi_tanggal":"hari","waktu_utc":"2018-05-22T13:00:00+00:00","sumber":"magma-tanggapan","tipe":null,"desa":"Tanjung Baru","kecamatan":"Pendopo","kab_kode":"16.11","kab_nama":"Kabupaten Empat Lawang","provinsi":"Sumatera Selatan"}},{"type":"Feature","geometry":{"type":"Point","coordinates":[119.1522,-9.6204]},"properties":{"id":"pvmbg:3097_2018:2018-06-01:0","tanggal":"2018-06-01","presisi_tanggal":"bulan","waktu_utc":null,"sumber":"pvmbg-lapangan","tipe":null,"desa":null,"kecamatan":null,"kab_kode":"53.18","kab_nama":"Kabupaten Sumba Barat Daya","provinsi":"Nusa Tenggara Timur"}},{"type":"Feature","geometry":{"type":"Point","coordinates":[105.9693,-6.3318]},"properties":{"id":"pvmbg:2378_2018:2018-07-13:0","tanggal":"2018-07-13","presisi_tanggal":"hari","waktu_utc":null,"sumber":"pvmbg-lapangan","tipe":null,"desa":null,"kecamatan":null,"kab_kode":"36.01","kab_nama":"Kabupaten Pandeglang","provinsi":"Banten"}},{"type":"Feature","geometry":{"type":"Point","coordinates":[122.3943,-3.9821]},"properties":{"id":"pvmbg:2051_2018:2018-07-18:0","tanggal":"2018-07-18","presisi_tanggal":"hari","waktu_utc":null,"sumber":"pvmbg-lapangan","tipe":null,"desa":null,"kecamatan":null,"kab_kode":"74.02","kab_nama":"Kabupaten Konawe","provinsi":"Sulawesi Tenggara"}},{"type":"Feature","geometry":{"type":"Point","coordinates":[116.4583,-8.3675]},"properties":{"id":"pvmbg:2271_2018:2018-07-30:0","tanggal":"2018-07-30","presisi_tanggal":"hari","waktu_utc":null,"sumber":"pvmbg-lapangan","tipe":null,"desa":null,"kecamatan":null,"kab_kode":"52.03","kab_nama":"Kabupaten Lombok Timur","provinsi":"Nusa Tenggara Barat"}},{"type":"Feature","geometry":{"type":"Point","coordinates":[116.5625,-8.3125]},"properties":{"id":"pvmbg:2271_2018:2018-08-05:0","tanggal":"2018-08-05","presisi_tanggal":"hari","waktu_utc":null,"sumber":"pvmbg-lapangan","tipe":null,"desa":null,"kecamatan":null,"kab_kode":"52.03","kab_nama":"Kabupaten Lombok Timur","provinsi":"Nusa Tenggara Barat"}},{"type":"Feature","geometry":{"type":"Point","coordinates":[116.4792,-8.2667]},"properties":{"id":"pvmbg:2271_2018:2018-08-05:1","tanggal":"2018-08-05","presisi_tanggal":"hari","waktu_utc":null,"sumber":"pvmbg-lapangan","tipe":null,"desa":null,"kecamatan":null,"kab_kode":"52.03","kab_nama":"Kabupaten Lombok Timur","provinsi":"Nusa Tenggara Barat"}},{"type":"Feature","geometry":{"type":"Point","coordinates":[116.2319,-8.2735]},"properties":{"id":"pvmbg:2272_2018:2018-08-05:0","tanggal":"2018-08-05","presisi_tanggal":"hari","waktu_utc":null,"sumber":"pvmbg-lapangan","tipe":null,"desa":null,"kecamatan":null,"kab_kode":"52.08","kab_nama":"Kabupaten Lombok Utara","provinsi":"Nusa Tenggara Barat"}},{"type":"Feature","geometry":{"type":"Point","coordinates":[116.2205,-8.2855]},"properties":{"id":"pvmbg:2272_2018:2018-08-05:1","tanggal":"2018-08-05","presisi_tanggal":"hari","waktu_utc":null,"sumber":"pvmbg-lapangan","tipe":null,"desa":null,"kecamatan":null,"kab_kode":"52.08","kab_nama":"Kabupaten Lombok Utara","provinsi":"Nusa Tenggara Barat"}},{"type":"Feature","geometry":{"type":"Point","coordinates":[107.1329,-6.8469]},"properties":{"id":"pvmbg:2352_2018:2018-08-29:0","tanggal":"2018-08-29","presisi_tanggal":"hari","waktu_utc":null,"sumber":"pvmbg-lapangan","tipe":null,"desa":null,"kecamatan":null,"kab_kode":"32.03","kab_nama":"Kabupaten Cianjur","provinsi":"Jawa Barat"}},{"type":"Feature","geometry":{"type":"Point","coordinates":[106.9388,-6.8319]},"properties":{"id":"magma:CRS20180908125314","tanggal":"2018-09-06","presisi_tanggal":"hari","waktu_utc":"2018-09-06T12:00:00+00:00","sumber":"magma-tanggapan","tipe":null,"desa":"Sukamaju","kecamatan":"Kadudampit","kab_kode":"32.02","kab_nama":"Kabupaten Sukabumi","provinsi":"Jawa Barat"}},{"type":"Feature","geometry":{"type":"Point","coordinates":[106.9148,-6.8738]},"properties":{"id":"pvmbg:2508_2018:2018-09-06:0","tanggal":"2018-09-06","presisi_tanggal":"hari","waktu_utc":null,"sumber":"pvmbg-lapangan","tipe":null,"desa":null,"kecamatan":null,"kab_kode":"32.02","kab_nama":"Kabupaten Sukabumi","provinsi":"Jawa Barat"}},{"type":"Feature","geometry":{"type":"Point","coordinates":[119.922,-0.93]},"properties":{"id":"magma:CRS20181014072443","tanggal":"2018-09-28","presisi_tanggal":"hari","waktu_utc":"2018-09-28T10:04:00+00:00","sumber":"magma-tanggapan","tipe":null,"desa":"Petobo","kecamatan":"Palu Selatan","kab_kode":"72.71","kab_nama":"Kota Palu","provinsi":"Sulawesi Tengah"}},{"type":"Feature","geometry":{"type":"Point","coordinates":[119.867,-1.153]},"properties":{"id":"pvmbg:2781_2018:2018-09-28:0","tanggal":"2018-09-28","presisi_tanggal":"hari","waktu_utc":null,"sumber":"pvmbg-lapangan","tipe":null,"desa":null,"kecamatan":null,"kab_kode":"72.10","kab_nama":"Kabupaten Sigi","provinsi":"Sulawesi Tengah"}},{"type":"Feature","geometry":{"type":"Point","coordinates":[119.9226,-1.1441]},"properties":{"id":"pvmbg:2914_2018:2018-09-28:0","tanggal":"2018-09-28","presisi_tanggal":"hari","waktu_utc":null,"sumber":"pvmbg-lapangan","tipe":null,"desa":null,"kecamatan":null,"kab_kode":"72.10","kab_nama":"Kabupaten Sigi","provinsi":"Sulawesi Tengah"}},{"type":"Feature","geometry":{"type":"Point","coordinates":[119.9449,-1.2178]},"properties":{"id":"pvmbg:2914_2018:2018-09-28:1","tanggal":"2018-09-28","presisi_tanggal":"hari","waktu_utc":null,"sumber":"pvmbg-lapangan","tipe":null,"desa":null,"kecamatan":null,"kab_kode":"72.10","kab_nama":"Kabupaten Sigi","provinsi":"Sulawesi Tengah"}},{"type":"Feature","geometry":{"type":"Point","coordinates":[120.0576,-1.1381]},"properties":{"id":"pvmbg:2914_2018:2018-09-28:10","tanggal":"2018-09-28","presisi_tanggal":"hari","waktu_utc":null,"sumber":"pvmbg-lapangan","tipe":null,"desa":null,"kecamatan":null,"kab_kode":"72.10","kab_nama":"Kabupaten Sigi","provinsi":"Sulawesi Tengah"}},{"type":"Feature","geometry":{"type":"Point","coordinates":[120.1766,-1.2347]},"properties":{"id":"pvmbg:2914_2018:2018-09-28:11","tanggal":"2018-09-28","presisi_tanggal":"hari","waktu_utc":null,"sumber":"pvmbg-lapangan","tipe":null,"desa":null,"kecamatan":null,"kab_kode":"72.10","kab_nama":"Kabupaten Sigi","provinsi":"Sulawesi Tengah"}},{"type":"Feature","geometry":{"type":"Point","coordinates":[120.1942,-1.2376]},"properties":{"id":"pvmbg:2914_2018:2018-09-28:12","tanggal":"2018-09-28","presisi_tanggal":"hari","waktu_utc":null,"sumber":"pvmbg-lapangan","tipe":null,"desa":null,"kecamatan":null,"kab_kode":"72.10","kab_nama":"Kabupaten Sigi","provinsi":"Sulawesi Tengah"}},{"type":"Feature","geometry":{"type":"Point","coordinates":[119.9405,-1.2443]},"properties":{"id":"pvmbg:2914_2018:2018-09-28:2","tanggal":"2018-09-28","presisi_tanggal":"hari","waktu_utc":null,"sumber":"pvmbg-lapangan","tipe":null,"desa":null,"kecamatan":null,"kab_kode":"72.10","kab_nama":"Kabupaten Sigi","provinsi":"Sulawesi Tengah"}},{"type":"Feature","geometry":{"type":"Point","coordinates":[119.9478,-1.2678]},"properties":{"id":"pvmbg:2914_2018:2018-09-28:3","tanggal":"2018-09-28","presisi_tanggal":"hari","waktu_utc":null,"sumber":"pvmbg-lapangan","tipe":null,"desa":null,"kecamatan":null,"kab_kode":"72.10","kab_nama":"Kabupaten Sigi","provinsi":"Sulawesi Tengah"}},{"type":"Feature","geometry":{"type":"Point","coordinates":[119.9459,-1.2821]},"properties":{"id":"pvmbg:2914_2018:2018-09-28:4","tanggal":"2018-09-28","presisi_tanggal":"hari","waktu_utc":null,"sumber":"pvmbg-lapangan","tipe":null,"desa":null,"kecamatan":null,"kab_kode":"72.10","kab_nama":"Kabupaten Sigi","provinsi":"Sulawesi Tengah"}},{"type":"Feature","geometry":{"type":"Point","coordinates":[119.9512,-1.3063]},"properties":{"id":"pvmbg:2914_2018:2018-09-28:5","tanggal":"2018-09-28","presisi_tanggal":"hari","waktu_utc":null,"sumber":"pvmbg-lapangan","tipe":null,"desa":null,"kecamatan":null,"kab_kode":"72.10","kab_nama":"Kabupaten Sigi","provinsi":"Sulawesi Tengah"}},{"type":"Feature","geometry":{"type":"Point","coordinates":[119.9635,-1.3354]},"properties":{"id":"pvmbg:2914_2018:2018-09-28:6","tanggal":"2018-09-28","presisi_tanggal":"hari","waktu_utc":null,"sumber":"pvmbg-lapangan","tipe":null,"desa":null,"kecamatan":null,"kab_kode":"72.10","kab_nama":"Kabupaten Sigi","provinsi":"Sulawesi Tengah"}},{"type":"Feature","geometry":{"type":"Point","coordinates":[119.9687,-1.3508]},"properties":{"id":"pvmbg:2914_2018:2018-09-28:7","tanggal":"2018-09-28","presisi_tanggal":"hari","waktu_utc":null,"sumber":"pvmbg-lapangan","tipe":null,"desa":null,"kecamatan":null,"kab_kode":"72.10","kab_nama":"Kabupaten Sigi","provinsi":"Sulawesi Tengah"}},{"type":"Feature","geometry":{"type":"Point","coordinates":[119.9693,-1.077]},"properties":{"id":"pvmbg:2914_2018:2018-09-28:8","tanggal":"2018-09-28","presisi_tanggal":"hari","waktu_utc":null,"sumber":"pvmbg-lapangan","tipe":null,"desa":null,"kecamatan":null,"kab_kode":"72.10","kab_nama":"Kabupaten Sigi","provinsi":"Sulawesi Tengah"}},{"type":"Feature","geometry":{"type":"Point","coordinates":[119.9907,-1.1048]},"properties":{"id":"pvmbg:2914_2018:2018-09-28:9","tanggal":"2018-09-28","presisi_tanggal":"hari","waktu_utc":null,"sumber":"pvmbg-lapangan","tipe":null,"desa":null,"kecamatan":null,"kab_kode":"72.10","kab_nama":"Kabupaten Sigi","provinsi":"Sulawesi Tengah"}},{"type":"Feature","geometry":{"type":"Point","coordinates":[119.8315,-0.5698]},"properties":{"id":"pvmbg:2956_2018:2018-09-28:0","tanggal":"2018-09-28","presisi_tanggal":"hari","waktu_utc":null,"sumber":"pvmbg-lapangan","tipe":null,"desa":null,"kecamatan":null,"kab_kode":"72.03","kab_nama":"Kabupaten Donggala","provinsi":"Sulawesi Tengah"}},{"type":"Feature","geometry":{"type":"Point","coordinates":[119.8271,-0.5433]},"properties":{"id":"pvmbg:2956_2018:2018-09-28:1","tanggal":"2018-09-28","presisi_tanggal":"hari","waktu_utc":null,"sumber":"pvmbg-lapangan","tipe":null,"desa":null,"kecamatan":null,"kab_kode":"72.03","kab_nama":"Kabupaten Donggala","provinsi":"Sulawesi Tengah"}},{"type":"Feature","geometry":{"type":"Point","coordinates":[119.9088,-0.7354]},"properties":{"id":"pvmbg:2956_2018:2018-09-28:2","tanggal":"2018-09-28","presisi_tanggal":"hari","waktu_utc":null,"sumber":"pvmbg-lapangan","tipe":null,"desa":null,"kecamatan":null,"kab_kode":"72.03","kab_nama":"Kabupaten Donggala","provinsi":"Sulawesi Tengah"}},{"type":"Feature","geometry":{"type":"Point","coordinates":[119.9348,-0.7212]},"properties":{"id":"pvmbg:2956_2018:2018-09-28:3","tanggal":"2018-09-28","presisi_tanggal":"hari","waktu_utc":null,"sumber":"pvmbg-lapangan","tipe":null,"desa":null,"kecamatan":null,"kab_kode":"72.03","kab_nama":"Kabupaten Donggala","provinsi":"Sulawesi Tengah"}},{"type":"Feature","geometry":{"type":"Point","coordinates":[119.7755,-0.7244]},"properties":{"id":"pvmbg:2956_2018:2018-09-28:4","tanggal":"2018-09-28","presisi_tanggal":"hari","waktu_utc":null,"sumber":"pvmbg-lapangan","tipe":null,"desa":null,"kecamatan":null,"kab_kode":"72.03","kab_nama":"Kabupaten Donggala","provinsi":"Sulawesi Tengah"}},{"type":"Feature","geometry":{"type":"Point","coordinates":[119.7701,-0.7125]},"properties":{"id":"pvmbg:2956_2018:2018-09-28:5","tanggal":"2018-09-28","presisi_tanggal":"hari","waktu_utc":null,"sumber":"pvmbg-lapangan","tipe":null,"desa":null,"kecamatan":null,"kab_kode":"72.03","kab_nama":"Kabupaten Donggala","provinsi":"Sulawesi Tengah"}},{"type":"Feature","geometry":{"type":"Point","coordinates":[119.7467,-0.6692]},"properties":{"id":"pvmbg:2956_2018:2018-09-28:6","tanggal":"2018-09-28","presisi_tanggal":"hari","waktu_utc":null,"sumber":"pvmbg-lapangan","tipe":null,"desa":null,"kecamatan":null,"kab_kode":"72.03","kab_nama":"Kabupaten Donggala","provinsi":"Sulawesi Tengah"}},{"type":"Feature","geometry":{"type":"Point","coordinates":[119.7472,-0.7008]},"properties":{"id":"pvmbg:2956_2018:2018-09-28:7","tanggal":"2018-09-28","presisi_tanggal":"hari","waktu_utc":null,"sumber":"pvmbg-lapangan","tipe":null,"desa":null,"kecamatan":null,"kab_kode":"72.03","kab_nama":"Kabupaten Donggala","provinsi":"Sulawesi Tengah"}},{"type":"Feature","geometry":{"type":"Point","coordinates":[119.6862,-0.7499]},"properties":{"id":"pvmbg:2956_2018:2018-09-28:8","tanggal":"2018-09-28","presisi_tanggal":"hari","waktu_utc":null,"sumber":"pvmbg-lapangan","tipe":null,"desa":null,"kecamatan":null,"kab_kode":"72.03","kab_nama":"Kabupaten Donggala","provinsi":"Sulawesi Tengah"}},{"type":"Feature","geometry":{"type":"Point","coordinates":[109.9554,-7.5898]},"properties":{"id":"pvmbg:3099_2018:2018-10-01:0","tanggal":"2018-10-01","presisi_tanggal":"bulan","waktu_utc":null,"sumber":"pvmbg-lapangan","tipe":null,"desa":null,"kecamatan":null,"kab_kode":"33.06","kab_nama":"Kabupaten Purworejo","provinsi":"Jawa Tengah"}},{"type":"Feature","geometry":{"type":"Point","coordinates":[107.5529,-7.1283]},"properties":{"id":"pvmbg:3129_2018:2018-10-02:0","tanggal":"2018-10-02","presisi_tanggal":"hari","waktu_utc":null,"sumber":"pvmbg-lapangan","tipe":null,"desa":null,"kecamatan":null,"kab_kode":"32.04","kab_nama":"Kabupaten Bandung","provinsi":"Jawa Barat"}},{"type":"Feature","geometry":{"type":"Point","coordinates":[119.7766,-0.5319]},"properties":{"id":"magma:CRS20181016084240","tanggal":"2018-10-06","presisi_tanggal":"hari","waktu_utc":"2018-10-06T10:00:00+00:00","sumber":"magma-tanggapan","tipe":null,"desa":"Enu","kecamatan":"Sindue","kab_kode":"72.03","kab_nama":"Kabupaten Donggala","provinsi":"Sulawesi Tengah"}},{"type":"Feature","geometry":{"type":"Point","coordinates":[100.3013,-0.6338]},"properties":{"id":"pvmbg:2754_2018:2018-10-11:0","tanggal":"2018-10-11","presisi_tanggal":"hari","waktu_utc":null,"sumber":"pvmbg-lapangan","tipe":null,"desa":null,"kecamatan":null,"kab_kode":"13.05","kab_nama":"Kabupaten Padang Pariaman","provinsi":"Sumatera Barat"}},{"type":"Feature","geometry":{"type":"Point","coordinates":[99.7484,0.5671]},"properties":{"id":"magma:CRS20181013220507","tanggal":"2018-10-12","presisi_tanggal":"hari","waktu_utc":"2018-10-12T09:00:00+00:00","sumber":"magma-tanggapan+pvmbg-lapangan","tipe":null,"desa":"Muara Saladi","kecamatan":"Ulu Pungkut","kab_kode":"12.13","kab_nama":"Kabupaten Mandailing Natal","provinsi":"Sumatera Utara"}},{"type":"Feature","geometry":{"type":"Point","coordinates":[99.9614,-0.1737]},"properties":{"id":"pvmbg:2755_2018:2018-10-12:0","tanggal":"2018-10-12","presisi_tanggal":"hari","waktu_utc":null,"sumber":"pvmbg-lapangan","tipe":null,"desa":null,"kecamatan":null,"kab_kode":"13.06","kab_nama":"Kabupaten Agam","provinsi":"Sumatera Barat"}},{"type":"Feature","geometry":{"type":"Point","coordinates":[99.9763,-0.187]},"properties":{"id":"pvmbg:2755_2018:2018-10-12:1","tanggal":"2018-10-12","presisi_tanggal":"hari","waktu_utc":null,"sumber":"pvmbg-lapangan","tipe":null,"desa":null,"kecamatan":null,"kab_kode":"13.06","kab_nama":"Kabupaten Agam","provinsi":"Sumatera Barat"}},{"type":"Feature","geometry":{"type":"Point","coordinates":[99.5421,0.7258]},"properties":{"id":"pvmbg:2896_2018:2018-10-12:0","tanggal":"2018-10-12","presisi_tanggal":"hari","waktu_utc":null,"sumber":"pvmbg-lapangan","tipe":null,"desa":null,"kecamatan":null,"kab_kode":"12.13","kab_nama":"Kabupaten Mandailing Natal","provinsi":"Sumatera Utara"}},{"type":"Feature","geometry":{"type":"Point","coordinates":[99.4931,0.7046]},"properties":{"id":"pvmbg:2896_2018:2018-10-12:1","tanggal":"2018-10-12","presisi_tanggal":"hari","waktu_utc":null,"sumber":"pvmbg-lapangan","tipe":null,"desa":null,"kecamatan":null,"kab_kode":"12.13","kab_nama":"Kabupaten Mandailing Natal","provinsi":"Sumatera Utara"}},{"type":"Feature","geometry":{"type":"Point","coordinates":[99.2599,0.5727]},"properties":{"id":"pvmbg:2896_2018:2018-10-12:10","tanggal":"2018-10-12","presisi_tanggal":"hari","waktu_utc":null,"sumber":"pvmbg-lapangan","tipe":null,"desa":null,"kecamatan":null,"kab_kode":"12.13","kab_nama":"Kabupaten Mandailing Natal","provinsi":"Sumatera Utara"}},{"type":"Feature","geometry":{"type":"Point","coordinates":[99.4642,0.6722]},"properties":{"id":"pvmbg:2896_2018:2018-10-12:11","tanggal":"2018-10-12","presisi_tanggal":"hari","waktu_utc":null,"sumber":"pvmbg-lapangan","tipe":null,"desa":null,"kecamatan":null,"kab_kode":"12.13","kab_nama":"Kabupaten Mandailing Natal","provinsi":"Sumatera Utara"}},{"type":"Feature","geometry":{"type":"Point","coordinates":[99.4087,0.6743]},"properties":{"id":"pvmbg:2896_2018:2018-10-12:2","tanggal":"2018-10-12","presisi_tanggal":"hari","waktu_utc":null,"sumber":"pvmbg-lapangan","tipe":null,"desa":null,"kecamatan":null,"kab_kode":"12.13","kab_nama":"Kabupaten Mandailing Natal","provinsi":"Sumatera Utara"}},{"type":"Feature","geometry":{"type":"Point","coordinates":[99.3968,0.6824]},"properties":{"id":"pvmbg:2896_2018:2018-10-12:3","tanggal":"2018-10-12","presisi_tanggal":"hari","waktu_utc":null,"sumber":"pvmbg-lapangan","tipe":null,"desa":null,"kecamatan":null,"kab_kode":"12.13","kab_nama":"Kabupaten Mandailing Natal","provinsi":"Sumatera Utara"}},{"type":"Feature","geometry":{"type":"Point","coordinates":[99.3855,0.6814]},"properties":{"id":"pvmbg:2896_2018:2018-10-12:4","tanggal":"2018-10-12","presisi_tanggal":"hari","waktu_utc":null,"sumber":"pvmbg-lapangan","tipe":null,"desa":null,"kecamatan":null,"kab_kode":"12.13","kab_nama":"Kabupaten Mandailing Natal","provinsi":"Sumatera Utara"}},{"type":"Feature","geometry":{"type":"Point","coordinates":[99.3476,0.69]},"properties":{"id":"pvmbg:2896_2018:2018-10-12:5","tanggal":"2018-10-12","presisi_tanggal":"hari","waktu_utc":null,"sumber":"pvmbg-lapangan","tipe":null,"desa":null,"kecamatan":null,"kab_kode":"12.13","kab_nama":"Kabupaten Mandailing Natal","provinsi":"Sumatera Utara"}},{"type":"Feature","geometry":{"type":"Point","coordinates":[99.3351,0.6922]},"properties":{"id":"pvmbg:2896_2018:2018-10-12:6","tanggal":"2018-10-12","presisi_tanggal":"hari","waktu_utc":null,"sumber":"pvmbg-lapangan","tipe":null,"desa":null,"kecamatan":null,"kab_kode":"12.13","kab_nama":"Kabupaten Mandailing Natal","provinsi":"Sumatera Utara"}},{"type":"Feature","geometry":{"type":"Point","coordinates":[99.3043,0.6457]},"properties":{"id":"pvmbg:2896_2018:2018-10-12:7","tanggal":"2018-10-12","presisi_tanggal":"hari","waktu_utc":null,"sumber":"pvmbg-lapangan","tipe":null,"desa":null,"kecamatan":null,"kab_kode":"12.13","kab_nama":"Kabupaten Mandailing Natal","provinsi":"Sumatera Utara"}},{"type":"Feature","geometry":{"type":"Point","coordinates":[99.2892,0.6134]},"properties":{"id":"pvmbg:2896_2018:2018-10-12:8","tanggal":"2018-10-12","presisi_tanggal":"hari","waktu_utc":null,"sumber":"pvmbg-lapangan","tipe":null,"desa":null,"kecamatan":null,"kab_kode":"12.13","kab_nama":"Kabupaten Mandailing Natal","provinsi":"Sumatera Utara"}},{"type":"Feature","geometry":{"type":"Point","coordinates":[99.2834,0.5979]},"properties":{"id":"pvmbg:2896_2018:2018-10-12:9","tanggal":"2018-10-12","presisi_tanggal":"hari","waktu_utc":null,"sumber":"pvmbg-lapangan","tipe":null,"desa":null,"kecamatan":null,"kab_kode":"12.13","kab_nama":"Kabupaten Mandailing Natal","provinsi":"Sumatera Utara"}},{"type":"Feature","geometry":{"type":"Point","coordinates":[107.2375,-6.8789]},"properties":{"id":"pvmbg:2957_2018:2018-10-13:0","tanggal":"2018-10-13","presisi_tanggal":"hari","waktu_utc":null,"sumber":"pvmbg-lapangan","tipe":null,"desa":null,"kecamatan":null,"kab_kode":"32.03","kab_nama":"Kabupaten Cianjur","provinsi":"Jawa Barat"}},{"type":"Feature","geometry":{"type":"Point","coordinates":[98.1031,2.3668]},"properties":{"id":"magma:CRS20181016083543","tanggal":"2018-10-14","presisi_tanggal":"hari","waktu_utc":"2018-10-13T17:00:00+00:00","sumber":"magma-tanggapan","tipe":null,"desa":"Situbuh-Tubuh","kecamatan":"Danau Paris","kab_kode":"11.10","kab_nama":"Kabupaten Aceh Singkil","provinsi":"Aceh"}},{"type":"Feature","geometry":{"type":"Point","coordinates":[106.6026,-6.3191]},"properties":{"id":"magma:CRS20181016152229","tanggal":"2018-10-15","presisi_tanggal":"hari","waktu_utc":"2018-10-15T09:30:00+00:00","sumber":"magma-tanggapan","tipe":null,"desa":"Kadu Sirung","kecamatan":"Pagedangan","kab_kode":"36.03","kab_nama":"Kabupaten Tangerang","provinsi":"Banten"}},{"type":"Feature","geometry":{"type":"Point","coordinates":[119.9047,-1.4025]},"properties":{"id":"magma:CRS20181022193425","tanggal":"2018-10-21","presisi_tanggal":"hari","waktu_utc":"2018-10-21T10:00:00+00:00","sumber":"magma-tanggapan","tipe":null,"desa":"Salua","kecamatan":"Kulawi","kab_kode":"72.10","kab_nama":"Kabupaten Sigi","provinsi":"Sulawesi Tengah"}},{"type":"Feature","geometry":{"type":"Point","coordinates":[107.3832,-6.9936]},"properties":{"id":"pvmbg:2958_2018:2018-10-31:0","tanggal":"2018-10-31","presisi_tanggal":"hari","waktu_utc":null,"sumber":"pvmbg-lapangan","tipe":null,"desa":null,"kecamatan":null,"kab_kode":"32.17","kab_nama":"Kabupaten Bandung Barat","provinsi":"Jawa Barat"}},{"type":"Feature","geometry":{"type":"Point","coordinates":[109.9148,-7.6387]},"properties":{"id":"pvmbg:3098_2018:2018-11-01:0","tanggal":"2018-11-01","presisi_tanggal":"bulan","waktu_utc":null,"sumber":"pvmbg-lapangan","tipe":null,"desa":null,"kecamatan":null,"kab_kode":"33.06","kab_nama":"Kabupaten Purworejo","provinsi":"Jawa Tengah"}},{"type":"Feature","geometry":{"type":"Point","coordinates":[107.3405,-6.9643]},"properties":{"id":"pvmbg:3088_2018:2018-11-03:0","tanggal":"2018-11-03","presisi_tanggal":"hari","waktu_utc":null,"sumber":"pvmbg-lapangan","tipe":null,"desa":null,"kecamatan":null,"kab_kode":"32.17","kab_nama":"Kabupaten Bandung Barat","provinsi":"Jawa Barat"}},{"type":"Feature","geometry":{"type":"Point","coordinates":[108.0176,-7.6235]},"properties":{"id":"pvmbg:3130_2018:2018-11-05:0","tanggal":"2018-11-05","presisi_tanggal":"hari","waktu_utc":null,"sumber":"pvmbg-lapangan","tipe":null,"desa":null,"kecamatan":null,"kab_kode":"32.06","kab_nama":"Kabupaten Tasikmalaya","provinsi":"Jawa Barat"}},{"type":"Feature","geometry":{"type":"Point","coordinates":[106.8192,-6.7053]},"properties":{"id":"pvmbg:760_2019:2018-11-10:0","tanggal":"2018-11-10","presisi_tanggal":"hari","waktu_utc":null,"sumber":"pvmbg-lapangan","tipe":null,"desa":null,"kecamatan":null,"kab_kode":"32.01","kab_nama":"Kabupaten Bogor","provinsi":"Jawa Barat"}},{"type":"Feature","geometry":{"type":"Point","coordinates":[107.0749,-6.6716]},"properties":{"id":"pvmbg:3086_2018:2018-11-11:0","tanggal":"2018-11-11","presisi_tanggal":"hari","waktu_utc":null,"sumber":"pvmbg-lapangan","tipe":null,"desa":null,"kecamatan":null,"kab_kode":"32.03","kab_nama":"Kabupaten Cianjur","provinsi":"Jawa Barat"}},{"type":"Feature","geometry":{"type":"Point","coordinates":[107.4375,-7.4026]},"properties":{"id":"pvmbg:3176_2018:2018-11-13:0","tanggal":"2018-11-13","presisi_tanggal":"hari","waktu_utc":null,"sumber":"pvmbg-lapangan","tipe":null,"desa":null,"kecamatan":null,"kab_kode":"32.03","kab_nama":"Kabupaten Cianjur","provinsi":"Jawa Barat"}},{"type":"Feature","geometry":{"type":"Point","coordinates":[107.4867,-6.6053]},"properties":{"id":"magma:CRS20181130055520","tanggal":"2018-11-25","presisi_tanggal":"hari","waktu_utc":"2018-11-25T13:00:00+00:00","sumber":"magma-tanggapan","tipe":null,"desa":"Salam Jaya","kecamatan":"Pondok Salam","kab_kode":"32.14","kab_nama":"Kabupaten Purwakarta","provinsi":"Jawa Barat"}},{"type":"Feature","geometry":{"type":"Point","coordinates":[108.5295,-7.1565]},"properties":{"id":"pvmbg:3170_2018:2018-12-03:0","tanggal":"2018-12-03","presisi_tanggal":"hari","waktu_utc":null,"sumber":"pvmbg-lapangan","tipe":null,"desa":null,"kecamatan":null,"kab_kode":"32.08","kab_nama":"Kabupaten Kuningan","provinsi":"Jawa Barat"}},{"type":"Feature","geometry":{"type":"Point","coordinates":[111.1843,-8.2345]},"properties":{"id":"magma:CRS20181209054557","tanggal":"2018-12-07","presisi_tanggal":"hari","waktu_utc":"2018-12-07T15:00:00+00:00","sumber":"magma-tanggapan","tipe":null,"desa":"Sidomulyo","kecamatan":"Kebonagung","kab_kode":"35.01","kab_nama":"Kabupaten Pacitan","provinsi":"Jawa Timur"}},{"type":"Feature","geometry":{"type":"Point","coordinates":[112.7748,-8.3716]},"properties":{"id":"magma:CRS20181209062032","tanggal":"2018-12-07","presisi_tanggal":"hari","waktu_utc":"2018-12-07T16:00:00+00:00","sumber":"magma-tanggapan","tipe":null,"desa":"Sidoasri","kecamatan":"Sumbermanjing","kab_kode":"35.07","kab_nama":"Kabupaten Malang","provinsi":"Jawa Timur"}},{"type":"Feature","geometry":{"type":"Point","coordinates":[115.2571,-8.6143]},"properties":{"id":"magma:CRS20181209060127","tanggal":"2018-12-08","presisi_tanggal":"hari","waktu_utc":"2018-12-08T00:30:00+00:00","sumber":"magma-tanggapan","tipe":null,"desa":"Batubulan","kecamatan":"Sukawati","kab_kode":"51.04","kab_nama":"Kabupaten Gianyar","provinsi":"Bali"}},{"type":"Feature","geometry":{"type":"Point","coordinates":[100.7774,-1.1341]},"properties":{"id":"magma:CRS20181209061313","tanggal":"2018-12-08","presisi_tanggal":"hari","waktu_utc":"2018-12-07T19:30:00+00:00","sumber":"magma-tanggapan","tipe":null,"desa":"Aie Dingin","kecamatan":"Lembah Gumanti","kab_kode":"13.02","kab_nama":"Kabupaten Solok","provinsi":"Sumatera Barat"}},{"type":"Feature","geometry":{"type":"Point","coordinates":[100.3849,-0.3189]},"properties":{"id":"magma:CRS20181210052836","tanggal":"2018-12-08","presisi_tanggal":"hari","waktu_utc":"2018-12-08T09:00:00+00:00","sumber":"magma-tanggapan","tipe":null,"desa":"Aur Kuning","kecamatan":"Aur Birugo Tigo Baleh","kab_kode":"13.75","kab_nama":"Kota Bukittinggi","provinsi":"Sumatera Barat"}},{"type":"Feature","geometry":{"type":"Point","coordinates":[110.173,-7.6692]},"properties":{"id":"magma:CRS20181210053014","tanggal":"2018-12-08","presisi_tanggal":"hari","waktu_utc":"2018-12-07T20:00:00+00:00","sumber":"magma-tanggapan","tipe":null,"desa":"Gerbosari","kecamatan":"Samigaluh","kab_kode":"34.01","kab_nama":"Kabupaten Kulon Progo","provinsi":"Daerah Istimewa Yogyakarta"}},{"type":"Feature","geometry":{"type":"Point","coordinates":[106.8031,-6.8471]},"properties":{"id":"magma:CRS20181210053523","tanggal":"2018-12-08","presisi_tanggal":"hari","waktu_utc":"2018-12-08T10:10:00+00:00","sumber":"magma-tanggapan","tipe":null,"desa":"Nagrak Utara","kecamatan":"Nagrak","kab_kode":"32.02","kab_nama":"Kabupaten Sukabumi","provinsi":"Jawa Barat"}},{"type":"Feature","geometry":{"type":"Point","coordinates":[107.5308,-6.9565]},"properties":{"id":"pvmbg:146_2019:2018-12-09:0","tanggal":"2018-12-09","presisi_tanggal":"hari","waktu_utc":null,"sumber":"pvmbg-lapangan","tipe":null,"desa":null,"kecamatan":null,"kab_kode":"32.04","kab_nama":"Kabupaten Bandung","provinsi":"Jawa Barat"}},{"type":"Feature","geometry":{"type":"Point","coordinates":[107.3304,-7.4221]},"properties":{"id":"pvmbg:148_2019:2018-12-09:0","tanggal":"2018-12-09","presisi_tanggal":"hari","waktu_utc":null,"sumber":"pvmbg-lapangan","tipe":null,"desa":null,"kecamatan":"Na","kab_kode":"32.03","kab_nama":"Kabupaten Cianjur","provinsi":"Jawa Barat"}},{"type":"Feature","geometry":{"type":"Point","coordinates":[109.8163,-7.3247]},"properties":{"id":"pvmbg:213_2019:2018-12-11:0","tanggal":"2018-12-11","presisi_tanggal":"hari","waktu_utc":null,"sumber":"pvmbg-lapangan","tipe":null,"desa":null,"kecamatan":null,"kab_kode":"33.07","kab_nama":"Kabupaten Wonosobo","provinsi":"Jawa Tengah"}},{"type":"Feature","geometry":{"type":"Point","coordinates":[99.2854,2.5339]},"properties":{"id":"pvmbg:240_2019:2018-12-12:0","tanggal":"2018-12-12","presisi_tanggal":"hari","waktu_utc":null,"sumber":"pvmbg-lapangan","tipe":null,"desa":null,"kecamatan":"Pintu Pohan Meranti Kab","kab_kode":"12.12","kab_nama":"Kabupaten Toba","provinsi":"Sumatera Utara"}},{"type":"Feature","geometry":{"type":"Point","coordinates":[106.6589,-6.9052]},"properties":{"id":"pvmbg:311_2019:2018-12-15:0","tanggal":"2018-12-15","presisi_tanggal":"hari","waktu_utc":null,"sumber":"pvmbg-lapangan","tipe":null,"desa":null,"kecamatan":null,"kab_kode":"32.02","kab_nama":"Kabupaten Sukabumi","provinsi":"Jawa Barat"}},{"type":"Feature","geometry":{"type":"Point","coordinates":[109.5768,-7.6063]},"properties":{"id":"pvmbg:755_2019:2018-12-15:0","tanggal":"2018-12-15","presisi_tanggal":"hari","waktu_utc":null,"sumber":"pvmbg-lapangan","tipe":null,"desa":null,"kecamatan":null,"kab_kode":"33.05","kab_nama":"Kabupaten Kebumen","provinsi":"Jawa Tengah"}},{"type":"Feature","geometry":{"type":"Point","coordinates":[109.5955,-7.5299]},"properties":{"id":"pvmbg:758_2019:2018-12-15:0","tanggal":"2018-12-15","presisi_tanggal":"hari","waktu_utc":null,"sumber":"pvmbg-lapangan","tipe":null,"desa":null,"kecamatan":null,"kab_kode":"33.05","kab_nama":"Kabupaten Kebumen","provinsi":"Jawa Tengah"}},{"type":"Feature","geometry":{"type":"Point","coordinates":[109.8046,-7.2996]},"properties":{"id":"pvmbg:215_2019:2018-12-19:0","tanggal":"2018-12-19","presisi_tanggal":"hari","waktu_utc":null,"sumber":"pvmbg-lapangan","tipe":null,"desa":null,"kecamatan":null,"kab_kode":"33.04","kab_nama":"Kabupaten Banjarnegara","provinsi":"Jawa Tengah"}},{"type":"Feature","geometry":{"type":"Point","coordinates":[108.051,-7.0567]},"properties":{"id":"magma:CRS20181225112218","tanggal":"2018-12-25","presisi_tanggal":"hari","waktu_utc":"2018-12-24T21:00:00+00:00","sumber":"magma-tanggapan","tipe":null,"desa":"Sukaratu","kecamatan":"Malangbong","kab_kode":"32.05","kab_nama":"Kabupaten Garut","provinsi":"Jawa Barat"}},{"type":"Feature","geometry":{"type":"Point","coordinates":[106.4574,-6.8156]},"properties":{"id":"magma:CRS20190105172729","tanggal":"2018-12-31","presisi_tanggal":"hari","waktu_utc":"2018-12-31T10:00:00+00:00","sumber":"magma-tanggapan+pvmbg-lapangan","tipe":null,"desa":"Sirnaresmi","kecamatan":"Cisolok","kab_kode":"32.02","kab_nama":"Kabupaten Sukabumi","provinsi":"Jawa Barat"}},{"type":"Feature","geometry":{"type":"Point","coordinates":[106.4042,-6.5569]},"properties":{"id":"pvmbg:067_2021:2019-01-01:0","tanggal":"2019-01-01","presisi_tanggal":"tahun","waktu_utc":null,"sumber":"pvmbg-lapangan","tipe":null,"desa":null,"kecamatan":null,"kab_kode":"36.02","kab_nama":"Kabupaten Lebak","provinsi":"Banten"}},{"type":"Feature","geometry":{"type":"Point","coordinates":[106.4137,-6.5742]},"properties":{"id":"pvmbg:067_2021:2019-01-01:1","tanggal":"2019-01-01","presisi_tanggal":"tahun","waktu_utc":null,"sumber":"pvmbg-lapangan","tipe":null,"desa":null,"kecamatan":null,"kab_kode":"36.02","kab_nama":"Kabupaten Lebak","provinsi":"Banten"}},{"type":"Feature","geometry":{"type":"Point","coordinates":[128.2111,-3.6818]},"properties":{"id":"pvmbg:1076_2019:2019-01-01:0","tanggal":"2019-01-01","presisi_tanggal":"tahun","waktu_utc":null,"sumber":"pvmbg-lapangan","tipe":null,"desa":null,"kecamatan":"Siri","kab_kode":"81.71","kab_nama":"Kota Ambon","provinsi":"Maluku"}},{"type":"Feature","geometry":{"type":"Point","coordinates":[107.1732,-7.1944]},"properties":{"id":"pvmbg:1187_2019:2019-01-01:0","tanggal":"2019-01-01","presisi_tanggal":"tahun","waktu_utc":null,"sumber":"pvmbg-lapangan","tipe":null,"desa":null,"kecamatan":null,"kab_kode":"32.03","kab_nama":"Kabupaten Cianjur","provinsi":"Jawa Barat"}},{"type":"Feature","geometry":{"type":"Point","coordinates":[118.6863,-8.5851]},"properties":{"id":"pvmbg:1456_2019:2019-01-01:0","tanggal":"2019-01-01","presisi_tanggal":"tahun","waktu_utc":null,"sumber":"pvmbg-lapangan","tipe":null,"desa":null,"kecamatan":null,"kab_kode":"52.06","kab_nama":"Kabupaten Bima","provinsi":"Nusa Tenggara Barat"}},{"type":"Feature","geometry":{"type":"Point","coordinates":[109.802,-7.2467]},"properties":{"id":"pvmbg:890_2019:2019-01-01:0","tanggal":"2019-01-01","presisi_tanggal":"tahun","waktu_utc":null,"sumber":"pvmbg-lapangan","tipe":null,"desa":null,"kecamatan":"Pejawaran","kab_kode":"33.04","kab_nama":"Kabupaten Banjarnegara","provinsi":"Jawa Tengah"}},{"type":"Feature","geometry":{"type":"Point","coordinates":[120.2966,-8.6302]},"properties":{"id":"pvmbg:894_2019:2019-01-01:0","tanggal":"2019-01-01","presisi_tanggal":"tahun","waktu_utc":null,"sumber":"pvmbg-lapangan","tipe":null,"desa":null,"kecamatan":null,"kab_kode":"53.10","kab_nama":"Kabupaten Manggarai","provinsi":"Nusa Tenggara Timur"}},{"type":"Feature","geometry":{"type":"Point","coordinates":[108.3337,-7.1889]},"properties":{"id":"pvmbg:968_2019:2019-01-01:0","tanggal":"2019-01-01","presisi_tanggal":"tahun","waktu_utc":null,"sumber":"pvmbg-lapangan","tipe":null,"desa":null,"kecamatan":null,"kab_kode":"32.07","kab_nama":"Kabupaten Ciamis","provinsi":"Jawa Barat"}},{"type":"Feature","geometry":{"type":"Point","coordinates":[112.4161,-8.0722]},"properties":{"id":"pvmbg:970_2019:2019-01-01:0","tanggal":"2019-01-01","presisi_tanggal":"tahun","waktu_utc":null,"sumber":"pvmbg-lapangan","tipe":null,"desa":null,"kecamatan":null,"kab_kode":"35.05","kab_nama":"Kabupaten Blitar","provinsi":"Jawa Timur"}},{"type":"Feature","geometry":{"type":"Point","coordinates":[129.1249,-2.9737]},"properties":{"id":"pvmbg:971_2019:2019-01-01:0","tanggal":"2019-01-01","presisi_tanggal":"tahun","waktu_utc":null,"sumber":"pvmbg-lapangan","tipe":null,"desa":null,"kecamatan":null,"kab_kode":"81.01","kab_nama":"Kabupaten Maluku Tengah","provinsi":"Maluku"}},{"type":"Feature","geometry":{"type":"Point","coordinates":[107.3459,-6.5825]},"properties":{"id":"pvmbg:986_2019:2019-01-01:0","tanggal":"2019-01-01","presisi_tanggal":"tahun","waktu_utc":null,"sumber":"pvmbg-lapangan","tipe":null,"desa":null,"kecamatan":null,"kab_kode":"32.14","kab_nama":"Kabupaten Purwakarta","provinsi":"Jawa Barat"}},{"type":"Feature","geometry":{"type":"Point","coordinates":[107.4803,-6.9914]},"properties":{"id":"pvmbg:987_2019:2019-01-01:0","tanggal":"2019-01-01","presisi_tanggal":"tahun","waktu_utc":null,"sumber":"pvmbg-lapangan","tipe":null,"desa":null,"kecamatan":null,"kab_kode":"32.17","kab_nama":"Kabupaten Bandung Barat","provinsi":"Jawa Barat"}},{"type":"Feature","geometry":{"type":"Point","coordinates":[127.9893,-3.3772]},"properties":{"id":"pvmbg:239_2019:2019-01-09:0","tanggal":"2019-01-09","presisi_tanggal":"hari","waktu_utc":null,"sumber":"pvmbg-lapangan","tipe":null,"desa":null,"kecamatan":null,"kab_kode":"81.06","kab_nama":"Kabupaten Seram Bagian Barat","provinsi":"Maluku"}},{"type":"Feature","geometry":{"type":"Point","coordinates":[127.9831,-3.3881]},"properties":{"id":"pvmbg:239_2019:2019-01-09:1","tanggal":"2019-01-09","presisi_tanggal":"hari","waktu_utc":null,"sumber":"pvmbg-lapangan","tipe":null,"desa":null,"kecamatan":null,"kab_kode":"81.06","kab_nama":"Kabupaten Seram Bagian Barat","provinsi":"Maluku"}},{"type":"Feature","geometry":{"type":"Point","coordinates":[118.6863,-8.5851]},"properties":{"id":"magma:CRS20200401080936","tanggal":"2019-01-10","presisi_tanggal":"hari","waktu_utc":"2019-01-10T11:00:00+00:00","sumber":"magma-tanggapan","tipe":null,"desa":"Samili","kecamatan":"Woha","kab_kode":"52.06","kab_nama":"Kabupaten Bima","provinsi":"Nusa Tenggara Barat"}},{"type":"Feature","geometry":{"type":"Point","coordinates":[107.4497,-7.3112]},"properties":{"id":"pvmbg:212_2019:2019-01-11:0","tanggal":"2019-01-11","presisi_tanggal":"hari","waktu_utc":null,"sumber":"pvmbg-lapangan","tipe":null,"desa":null,"kecamatan":null,"kab_kode":"32.03","kab_nama":"Kabupaten Cianjur","provinsi":"Jawa Barat"}},{"type":"Feature","geometry":{"type":"Point","coordinates":[106.5733,-6.7886]},"properties":{"id":"pvmbg:310_2019:2019-01-15:0","tanggal":"2019-01-15","presisi_tanggal":"hari","waktu_utc":null,"sumber":"pvmbg-lapangan","tipe":null,"desa":null,"kecamatan":null,"kab_kode":"32.02","kab_nama":"Kabupaten Sukabumi","provinsi":"Jawa Barat"}},{"type":"Feature","geometry":{"type":"Point","coordinates":[109.8006,-7.2927]},"properties":{"id":"pvmbg:290_2019:2019-01-17:0","tanggal":"2019-01-17","presisi_tanggal":"hari","waktu_utc":null,"sumber":"pvmbg-lapangan","tipe":null,"desa":null,"kecamatan":"Pagentan Kab. Banjarnegara Jawa Tengah","kab_kode":"33.04","kab_nama":"Kabupaten Banjarnegara","provinsi":"Jawa Tengah"}},{"type":"Feature","geometry":{"type":"Point","coordinates":[106.4389,-6.823]},"properties":{"id":"pvmbg:362_2019:2019-01-17:0","tanggal":"2019-01-17","presisi_tanggal":"hari","waktu_utc":null,"sumber":"pvmbg-lapangan","tipe":null,"desa":null,"kecamatan":null,"kab_kode":"32.02","kab_nama":"Kabupaten Sukabumi","provinsi":"Jawa Barat"}},{"type":"Feature","geometry":{"type":"Point","coordinates":[109.9488,-7.3491]},"properties":{"id":"pvmbg:289_2019:2019-01-19:0","tanggal":"2019-01-19","presisi_tanggal":"hari","waktu_utc":null,"sumber":"pvmbg-lapangan","tipe":null,"desa":null,"kecamatan":null,"kab_kode":"33.07","kab_nama":"Kabupaten Wonosobo","provinsi":"Jawa Tengah"}},{"type":"Feature","geometry":{"type":"Point","coordinates":[106.7273,-6.9209]},"properties":{"id":"pvmbg:308_2019:2019-01-21:0","tanggal":"2019-01-21","presisi_tanggal":"hari","waktu_utc":null,"sumber":"pvmbg-lapangan","tipe":null,"desa":null,"kecamatan":null,"kab_kode":"32.02","kab_nama":"Kabupaten Sukabumi","provinsi":"Jawa Barat"}},{"type":"Feature","geometry":{"type":"Point","coordinates":[119.8572,-5.2517]},"properties":{"id":"pvmbg:307_2019:2019-01-22:0","tanggal":"2019-01-22","presisi_tanggal":"hari","waktu_utc":null,"sumber":"pvmbg-lapangan","tipe":null,"desa":null,"kecamatan":null,"kab_kode":"73.06","kab_nama":"Kabupaten Gowa","provinsi":"Sulawesi Selatan"}},{"type":"Feature","geometry":{"type":"Point","coordinates":[119.6467,-5.325]},"properties":{"id":"pvmbg:307_2019:2019-01-22:1","tanggal":"2019-01-22","presisi_tanggal":"hari","waktu_utc":null,"sumber":"pvmbg-lapangan","tipe":null,"desa":null,"kecamatan":null,"kab_kode":"73.06","kab_nama":"Kabupaten Gowa","provinsi":"Sulawesi Selatan"}},{"type":"Feature","geometry":{"type":"Point","coordinates":[119.7294,-5.3611]},"properties":{"id":"pvmbg:307_2019:2019-01-22:2","tanggal":"2019-01-22","presisi_tanggal":"hari","waktu_utc":null,"sumber":"pvmbg-lapangan","tipe":null,"desa":null,"kecamatan":null,"kab_kode":"73.06","kab_nama":"Kabupaten Gowa","provinsi":"Sulawesi Selatan"}},{"type":"Feature","geometry":{"type":"Point","coordinates":[106.4982,-6.6572]},"properties":{"id":"pvmbg:761_2019:2019-01-23:0","tanggal":"2019-01-23","presisi_tanggal":"hari","waktu_utc":null,"sumber":"pvmbg-lapangan","tipe":null,"desa":null,"kecamatan":null,"kab_kode":"32.01","kab_nama":"Kabupaten Bogor","provinsi":"Jawa Barat"}},{"type":"Feature","geometry":{"type":"Point","coordinates":[106.2298,-6.4585]},"properties":{"id":"pvmbg:347_2019:2019-01-25:0","tanggal":"2019-01-25","presisi_tanggal":"hari","waktu_utc":null,"sumber":"pvmbg-lapangan","tipe":null,"desa":null,"kecamatan":null,"kab_kode":"36.02","kab_nama":"Kabupaten Lebak","provinsi":"Banten"}},{"type":"Feature","geometry":{"type":"Point","coordinates":[107.5484,-7.1256]},"properties":{"id":"pvmbg:406_2019:2019-02-02:0","tanggal":"2019-02-02","presisi_tanggal":"hari","waktu_utc":null,"sumber":"pvmbg-lapangan","tipe":null,"desa":null,"kecamatan":null,"kab_kode":"32.04","kab_nama":"Kabupaten Bandung","provinsi":"Jawa Barat"}},{"type":"Feature","geometry":{"type":"Point","coordinates":[109.7445,-7.5808]},"properties":{"id":"pvmbg:756_2019:2019-02-02:0","tanggal":"2019-02-02","presisi_tanggal":"hari","waktu_utc":null,"sumber":"pvmbg-lapangan","tipe":null,"desa":null,"kecamatan":null,"kab_kode":"33.05","kab_nama":"Kabupaten Kebumen","provinsi":"Jawa Tengah"}},{"type":"Feature","geometry":{"type":"Point","coordinates":[109.6265,-7.2867]},"properties":{"id":"pvmbg:363_2019:2019-02-07:0","tanggal":"2019-02-07","presisi_tanggal":"hari","waktu_utc":null,"sumber":"pvmbg-lapangan","tipe":null,"desa":null,"kecamatan":null,"kab_kode":"33.04","kab_nama":"Kabupaten Banjarnegara","provinsi":"Jawa Tengah"}},{"type":"Feature","geometry":{"type":"Point","coordinates":[109.6873,-7.4788]},"properties":{"id":"pvmbg:408_2019:2019-02-07:0","tanggal":"2019-02-07","presisi_tanggal":"hari","waktu_utc":null,"sumber":"pvmbg-lapangan","tipe":null,"desa":null,"kecamatan":null,"kab_kode":"33.04","kab_nama":"Kabupaten Banjarnegara","provinsi":"Jawa Tengah"}},{"type":"Feature","geometry":{"type":"Point","coordinates":[109.6743,-7.4924]},"properties":{"id":"pvmbg:408_2019:2019-02-07:1","tanggal":"2019-02-07","presisi_tanggal":"hari","waktu_utc":null,"sumber":"pvmbg-lapangan","tipe":null,"desa":null,"kecamatan":null,"kab_kode":"33.04","kab_nama":"Kabupaten Banjarnegara","provinsi":"Jawa Tengah"}},{"type":"Feature","geometry":{"type":"Point","coordinates":[107.6955,-6.905]},"properties":{"id":"pvmbg:306_2019:2019-02-09:0","tanggal":"2019-02-09","presisi_tanggal":"hari","waktu_utc":null,"sumber":"pvmbg-lapangan","tipe":null,"desa":null,"kecamatan":"Ci","kab_kode":"32.73","kab_nama":"Kota Bandung","provinsi":"Jawa Barat"}},{"type":"Feature","geometry":{"type":"Point","coordinates":[108.4144,-7.0858]},"properties":{"id":"magma:CRS20200430144956","tanggal":"2019-02-10","presisi_tanggal":"hari","waktu_utc":"2019-02-10T11:30:00+00:00","sumber":"magma-tanggapan","tipe":null,"desa":"Cimenga","kecamatan":"Darma","kab_kode":"32.08","kab_nama":"Kabupaten Kuningan","provinsi":"Jawa Barat"}},{"type":"Feature","geometry":{"type":"Point","coordinates":[108.5757,-7.1447]},"properties":{"id":"magma:CRS20200513151842","tanggal":"2019-02-11","presisi_tanggal":"hari","waktu_utc":"2019-02-10T18:00:00+00:00","sumber":"magma-tanggapan","tipe":null,"desa":"Legokherang","kecamatan":"Cilebak","kab_kode":"32.08","kab_nama":"Kabupaten Kuningan","provinsi":"Jawa Barat"}},{"type":"Feature","geometry":{"type":"Point","coordinates":[109.6178,-7.6037]},"properties":{"id":"pvmbg:757_2019:2019-02-14:0","tanggal":"2019-02-14","presisi_tanggal":"hari","waktu_utc":null,"sumber":"pvmbg-lapangan","tipe":null,"desa":null,"kecamatan":null,"kab_kode":"33.05","kab_nama":"Kabupaten Kebumen","provinsi":"Jawa Tengah"}},{"type":"Feature","geometry":{"type":"Point","coordinates":[106.5043,-6.5668]},"properties":{"id":"pvmbg:761_2019:2019-02-15:0","tanggal":"2019-02-15","presisi_tanggal":"hari","waktu_utc":null,"sumber":"pvmbg-lapangan","tipe":null,"desa":null,"kecamatan":null,"kab_kode":"32.01","kab_nama":"Kabupaten Bogor","provinsi":"Jawa Barat"}},{"type":"Feature","geometry":{"type":"Point","coordinates":[106.4754,-6.6532]},"properties":{"id":"pvmbg:761_2019:2019-02-15:1","tanggal":"2019-02-15","presisi_tanggal":"hari","waktu_utc":null,"sumber":"pvmbg-lapangan","tipe":null,"desa":null,"kecamatan":null,"kab_kode":"32.01","kab_nama":"Kabupaten Bogor","provinsi":"Jawa Barat"}},{"type":"Feature","geometry":{"type":"Point","coordinates":[106.4848,-6.6423]},"properties":{"id":"pvmbg:761_2019:2019-02-15:2","tanggal":"2019-02-15","presisi_tanggal":"hari","waktu_utc":null,"sumber":"pvmbg-lapangan","tipe":null,"desa":null,"kecamatan":null,"kab_kode":"32.01","kab_nama":"Kabupaten Bogor","provinsi":"Jawa Barat"}},{"type":"Feature","geometry":{"type":"Point","coordinates":[106.5138,-6.6003]},"properties":{"id":"pvmbg:761_2019:2019-02-15:3","tanggal":"2019-02-15","presisi_tanggal":"hari","waktu_utc":null,"sumber":"pvmbg-lapangan","tipe":null,"desa":null,"kecamatan":null,"kab_kode":"32.01","kab_nama":"Kabupaten Bogor","provinsi":"Jawa Barat"}},{"type":"Feature","geometry":{"type":"Point","coordinates":[106.7497,-6.6174]},"properties":{"id":"pvmbg:666_2019:2019-02-16:0","tanggal":"2019-02-16","presisi_tanggal":"hari","waktu_utc":null,"sumber":"pvmbg-lapangan","tipe":null,"desa":null,"kecamatan":null,"kab_kode":"32.01","kab_nama":"Kabupaten Bogor","provinsi":"Jawa Barat"}},{"type":"Feature","geometry":{"type":"Point","coordinates":[109.4443,-7.5275]},"properties":{"id":"pvmbg:759_2019:2019-02-16:0","tanggal":"2019-02-16","presisi_tanggal":"hari","waktu_utc":null,"sumber":"pvmbg-lapangan","tipe":null,"desa":null,"kecamatan":null,"kab_kode":"33.04","kab_nama":"Kabupaten Banjarnegara","provinsi":"Jawa Tengah"}},{"type":"Feature","geometry":{"type":"Point","coordinates":[106.5162,-6.5429]},"properties":{"id":"pvmbg:663_2019:2019-02-17:0","tanggal":"2019-02-17","presisi_tanggal":"hari","waktu_utc":null,"sumber":"pvmbg-lapangan","tipe":null,"desa":null,"kecamatan":null,"kab_kode":"32.01","kab_nama":"Kabupaten Bogor","provinsi":"Jawa Barat"}},{"type":"Feature","geometry":{"type":"Point","coordinates":[106.7539,-6.9211]},"properties":{"id":"pvmbg:650_2019:2019-02-18:0","tanggal":"2019-02-18","presisi_tanggal":"hari","waktu_utc":null,"sumber":"pvmbg-lapangan","tipe":null,"desa":null,"kecamatan":"Cibadak Sukabumi","kab_kode":"32.02","kab_nama":"Kabupaten Sukabumi","provinsi":"Jawa Barat"}},{"type":"Feature","geometry":{"type":"Point","coordinates":[106.509,-6.5796]},"properties":{"id":"pvmbg:761_2019:2019-02-22:0","tanggal":"2019-02-22","presisi_tanggal":"hari","waktu_utc":null,"sumber":"pvmbg-lapangan","tipe":null,"desa":null,"kecamatan":null,"kab_kode":"32.01","kab_nama":"Kabupaten Bogor","provinsi":"Jawa Barat"}},{"type":"Feature","geometry":{"type":"Point","coordinates":[107.4311,-6.9961]},"properties":{"id":"pvmbg:649_2019:2019-02-25:0","tanggal":"2019-02-25","presisi_tanggal":"hari","waktu_utc":null,"sumber":"pvmbg-lapangan","tipe":null,"desa":null,"kecamatan":"Cililin","kab_kode":"32.17","kab_nama":"Kabupaten Bandung Barat","provinsi":"Jawa Barat"}},{"type":"Feature","geometry":{"type":"Point","coordinates":[129.1336,-2.9717]},"properties":{"id":"magma:CRS20200416073907","tanggal":"2019-03-03","presisi_tanggal":"hari","waktu_utc":"2019-03-03T10:00:00+00:00","sumber":"magma-tanggapan","tipe":null,"desa":"Saleman","kecamatan":"Seram Utara Barat","kab_kode":"81.01","kab_nama":"Kabupaten Maluku Tengah","provinsi":"Maluku"}},{"type":"Feature","geometry":{"type":"Point","coordinates":[140.4653,-2.5331]},"properties":{"id":"pvmbg:763_2019:2019-03-16:0","tanggal":"2019-03-16","presisi_tanggal":"hari","waktu_utc":null,"sumber":"pvmbg-lapangan","tipe":null,"desa":null,"kecamatan":"S","kab_kode":"91.03","kab_nama":"Kabupaten Jayapura","provinsi":"Papua"}},{"type":"Feature","geometry":{"type":"Point","coordinates":[140.5967,-2.5861]},"properties":{"id":"pvmbg:764_2019:2019-03-16:0","tanggal":"2019-03-16","presisi_tanggal":"hari","waktu_utc":null,"sumber":"pvmbg-lapangan","tipe":null,"desa":null,"kecamatan":null,"kab_kode":"91.03","kab_nama":"Kabupaten Jayapura","provinsi":"Papua"}},{"type":"Feature","geometry":{"type":"Point","coordinates":[113.4794,-8.3566]},"properties":{"id":"pvmbg:762_2019:2019-03-25:0","tanggal":"2019-03-25","presisi_tanggal":"hari","waktu_utc":null,"sumber":"pvmbg-lapangan","tipe":null,"desa":null,"kecamatan":null,"kab_kode":"35.09","kab_nama":"Kabupaten Jember","provinsi":"Jawa Timur"}},{"type":"Feature","geometry":{"type":"Point","coordinates":[108.2423,-6.9939]},"properties":{"id":"pvmbg:765_2019:2019-04-07:0","tanggal":"2019-04-07","presisi_tanggal":"hari","waktu_utc":null,"sumber":"pvmbg-lapangan","tipe":null,"desa":null,"kecamatan":null,"kab_kode":"32.10","kab_nama":"Kabupaten Majalengka","provinsi":"Jawa Barat"}},{"type":"Feature","geometry":{"type":"Point","coordinates":[107.4292,-6.8547]},"properties":{"id":"pvmbg:969_2019:2019-04-07:0","tanggal":"2019-04-07","presisi_tanggal":"hari","waktu_utc":null,"sumber":"pvmbg-lapangan","tipe":null,"desa":null,"kecamatan":null,"kab_kode":"32.17","kab_nama":"Kabupaten Bandung Barat","provinsi":"Jawa Barat"}},{"type":"Feature","geometry":{"type":"Point","coordinates":[106.9267,-7.03]},"properties":{"id":"pvmbg:901_2019:2019-04-23:0","tanggal":"2019-04-23","presisi_tanggal":"hari","waktu_utc":null,"sumber":"pvmbg-lapangan","tipe":null,"desa":null,"kecamatan":null,"kab_kode":"32.02","kab_nama":"Kabupaten Sukabumi","provinsi":"Jawa Barat"}},{"type":"Feature","geometry":{"type":"Point","coordinates":[106.7014,-6.558]},"properties":{"id":"pvmbg:1197_2019:2019-04-25:0","tanggal":"2019-04-25","presisi_tanggal":"hari","waktu_utc":null,"sumber":"pvmbg-lapangan","tipe":null,"desa":null,"kecamatan":null,"kab_kode":"32.01","kab_nama":"Kabupaten Bogor","provinsi":"Jawa Barat"}},{"type":"Feature","geometry":{"type":"Point","coordinates":[106.6674,-6.5566]},"properties":{"id":"pvmbg:1184_2019:2019-04-26:0","tanggal":"2019-04-26","presisi_tanggal":"hari","waktu_utc":null,"sumber":"pvmbg-lapangan","tipe":null,"desa":null,"kecamatan":null,"kab_kode":"32.01","kab_nama":"Kabupaten Bogor","provinsi":"Jawa Barat"}},{"type":"Feature","geometry":{"type":"Point","coordinates":[106.6565,-6.5512]},"properties":{"id":"pvmbg:1184_2019:2019-04-26:1","tanggal":"2019-04-26","presisi_tanggal":"hari","waktu_utc":null,"sumber":"pvmbg-lapangan","tipe":null,"desa":null,"kecamatan":null,"kab_kode":"32.01","kab_nama":"Kabupaten Bogor","provinsi":"Jawa Barat"}},{"type":"Feature","geometry":{"type":"Point","coordinates":[106.658,-6.5661]},"properties":{"id":"pvmbg:1184_2019:2019-04-26:2","tanggal":"2019-04-26","presisi_tanggal":"hari","waktu_utc":null,"sumber":"pvmbg-lapangan","tipe":null,"desa":null,"kecamatan":null,"kab_kode":"32.01","kab_nama":"Kabupaten Bogor","provinsi":"Jawa Barat"}},{"type":"Feature","geometry":{"type":"Point","coordinates":[106.6422,-6.5717]},"properties":{"id":"pvmbg:1184_2019:2019-04-26:3","tanggal":"2019-04-26","presisi_tanggal":"hari","waktu_utc":null,"sumber":"pvmbg-lapangan","tipe":null,"desa":null,"kecamatan":null,"kab_kode":"32.01","kab_nama":"Kabupaten Bogor","provinsi":"Jawa Barat"}},{"type":"Feature","geometry":{"type":"Point","coordinates":[107.0562,-6.9943]},"properties":{"id":"pvmbg:1195_2019:2019-04-26:0","tanggal":"2019-04-26","presisi_tanggal":"hari","waktu_utc":null,"sumber":"pvmbg-lapangan","tipe":null,"desa":null,"kecamatan":null,"kab_kode":"32.03","kab_nama":"Kabupaten Cianjur","provinsi":"Jawa Barat"}},{"type":"Feature","geometry":{"type":"Point","coordinates":[107.5519,-6.8708]},"properties":{"id":"pvmbg:927_2019:2019-04-26:0","tanggal":"2019-04-26","presisi_tanggal":"hari","waktu_utc":null,"sumber":"pvmbg-lapangan","tipe":null,"desa":null,"kecamatan":null,"kab_kode":"32.77","kab_nama":"Kota Cimahi","provinsi":"Jawa Barat"}},{"type":"Feature","geometry":{"type":"Point","coordinates":[102.417,-3.6599]},"properties":{"id":"pvmbg:1189_2019:2019-04-27:0","tanggal":"2019-04-27","presisi_tanggal":"hari","waktu_utc":null,"sumber":"pvmbg-lapangan","tipe":null,"desa":null,"kecamatan":null,"kab_kode":"17.09","kab_nama":"Kabupaten Bengkulu Tengah","provinsi":"Bengkulu"}},{"type":"Feature","geometry":{"type":"Point","coordinates":[102.4911,-3.7033]},"properties":{"id":"pvmbg:1189_2019:2019-04-27:1","tanggal":"2019-04-27","presisi_tanggal":"hari","waktu_utc":null,"sumber":"pvmbg-lapangan","tipe":null,"desa":null,"kecamatan":null,"kab_kode":"17.09","kab_nama":"Kabupaten Bengkulu Tengah","provinsi":"Bengkulu"}},{"type":"Feature","geometry":{"type":"Point","coordinates":[102.3719,-3.6528]},"properties":{"id":"pvmbg:1189_2019:2019-04-27:2","tanggal":"2019-04-27","presisi_tanggal":"hari","waktu_utc":null,"sumber":"pvmbg-lapangan","tipe":null,"desa":null,"kecamatan":null,"kab_kode":"17.09","kab_nama":"Kabupaten Bengkulu Tengah","provinsi":"Bengkulu"}},{"type":"Feature","geometry":{"type":"Point","coordinates":[106.9271,-6.5885]},"properties":{"id":"pvmbg:1196_2019:2019-04-27:0","tanggal":"2019-04-27","presisi_tanggal":"hari","waktu_utc":null,"sumber":"pvmbg-lapangan","tipe":null,"desa":null,"kecamatan":null,"kab_kode":"32.01","kab_nama":"Kabupaten Bogor","provinsi":"Jawa Barat"}},{"type":"Feature","geometry":{"type":"Point","coordinates":[106.8995,-6.6065]},"properties":{"id":"pvmbg:1196_2019:2019-04-27:1","tanggal":"2019-04-27","presisi_tanggal":"hari","waktu_utc":null,"sumber":"pvmbg-lapangan","tipe":null,"desa":null,"kecamatan":null,"kab_kode":"32.01","kab_nama":"Kabupaten Bogor","provinsi":"Jawa Barat"}},{"type":"Feature","geometry":{"type":"Point","coordinates":[106.9147,-6.8739]},"properties":{"id":"pvmbg:900_2019:2019-04-28:0","tanggal":"2019-04-28","presisi_tanggal":"hari","waktu_utc":null,"sumber":"pvmbg-lapangan","tipe":null,"desa":null,"kecamatan":null,"kab_kode":"32.02","kab_nama":"Kabupaten Sukabumi","provinsi":"Jawa Barat"}},{"type":"Feature","geometry":{"type":"Point","coordinates":[107.2928,-6.9392]},"properties":{"id":"pvmbg:1460_2019:2019-05-15:0","tanggal":"2019-05-15","presisi_tanggal":"hari","waktu_utc":null,"sumber":"pvmbg-lapangan","tipe":null,"desa":null,"kecamatan":null,"kab_kode":"32.17","kab_nama":"Kabupaten Bandung Barat","provinsi":"Jawa Barat"}},{"type":"Feature","geometry":{"type":"Point","coordinates":[128.2276,-3.6816]},"properties":{"id":"magma:CRS20190615114127","tanggal":"2019-06-03","presisi_tanggal":"hari","waktu_utc":"2019-06-03T02:00:00+00:00","sumber":"magma-tanggapan","tipe":null,"desa":"Batu Merah","kecamatan":"Sirimau","kab_kode":"81.71","kab_nama":"Kota Ambon","provinsi":"Maluku"}},{"type":"Feature","geometry":{"type":"Point","coordinates":[122.4863,-4.2229]},"properties":{"id":"magma:CRS20190612122740","tanggal":"2019-06-12","presisi_tanggal":"hari","waktu_utc":"2019-06-12T14:10:00+00:00","sumber":"magma-tanggapan","tipe":null,"desa":"Lelekaa","kecamatan":"Wolasi","kab_kode":"74.05","kab_nama":"Kabupaten Konawe Selatan","provinsi":"Sulawesi Tenggara"}},{"type":"Feature","geometry":{"type":"Point","coordinates":[102.5441,-3.4244]},"properties":{"id":"magma:CRS20190627170448","tanggal":"2019-06-25","presisi_tanggal":"hari","waktu_utc":"2019-06-25T05:00:00+00:00","sumber":"magma-tanggapan","tipe":null,"desa":"Seguring","kecamatan":"Curup Utara","kab_kode":"17.02","kab_nama":"Kabupaten Rejang Lebong","provinsi":"Bengkulu"}},{"type":"Feature","geometry":{"type":"Point","coordinates":[106.7677,-6.5496]},"properties":{"id":"magma:CRS20190627173318","tanggal":"2019-06-25","presisi_tanggal":"hari","waktu_utc":"2019-06-25T08:30:00+00:00","sumber":"magma-tanggapan","tipe":null,"desa":"Curug","kecamatan":"Bogor Barat","kab_kode":"32.71","kab_nama":"Kota Bogor","provinsi":"Jawa Barat"}},{"type":"Feature","geometry":{"type":"Point","coordinates":[120.407,-1.0082]},"properties":{"id":"magma:CRS20190627115510","tanggal":"2019-06-26","presisi_tanggal":"hari","waktu_utc":"2019-06-25T22:00:00+00:00","sumber":"magma-tanggapan","tipe":null,"desa":"Suli","kecamatan":"Balinggi","kab_kode":"72.08","kab_nama":"Kabupaten Parigi Moutong","provinsi":"Sulawesi Tengah"}},{"type":"Feature","geometry":{"type":"Point","coordinates":[110.6944,-8.0007]},"properties":{"id":"magma:CRS20190701073452","tanggal":"2019-06-29","presisi_tanggal":"hari","waktu_utc":"2019-06-29T04:00:00+00:00","sumber":"magma-tanggapan","tipe":null,"desa":"Sidorejo","kecamatan":"Ponjong","kab_kode":"34.03","kab_nama":"Kabupaten Gunungkidul","provinsi":"Daerah Istimewa Yogyakarta"}},{"type":"Feature","geometry":{"type":"Point","coordinates":[106.8088,-6.9017]},"properties":{"id":"pvmbg:1643_2019:2019-07-01:0","tanggal":"2019-07-01","presisi_tanggal":"bulan","waktu_utc":null,"sumber":"pvmbg-lapangan","tipe":null,"desa":null,"kecamatan":null,"kab_kode":"32.02","kab_nama":"Kabupaten Sukabumi","provinsi":"Jawa Barat"}},{"type":"Feature","geometry":{"type":"Point","coordinates":[107.5733,-7.0582]},"properties":{"id":"pvmbg:1986_2019:2019-07-01:0","tanggal":"2019-07-01","presisi_tanggal":"bulan","waktu_utc":null,"sumber":"pvmbg-lapangan","tipe":null,"desa":null,"kecamatan":null,"kab_kode":"32.04","kab_nama":"Kabupaten Bandung","provinsi":"Jawa Barat"}},{"type":"Feature","geometry":{"type":"Point","coordinates":[103.7086,-4.4957]},"properties":{"id":"magma:CRS20190708054951","tanggal":"2019-07-07","presisi_tanggal":"hari","waktu_utc":"2019-07-06T22:00:00+00:00","sumber":"magma-tanggapan","tipe":null,"desa":"Kemu Ulu","kecamatan":"Pulau Beringin","kab_kode":"16.09","kab_nama":"Kabupaten Ogan Komering Ulu Selatan","provinsi":"Sumatera Selatan"}},{"type":"Feature","geometry":{"type":"Point","coordinates":[108.3742,-6.75]},"properties":{"id":"magma:CRS20190712151829","tanggal":"2019-07-09","presisi_tanggal":"hari","waktu_utc":"2019-07-08T18:30:00+00:00","sumber":"magma-tanggapan","tipe":null,"desa":"Cipanas","kecamatan":"Dukupuntang","kab_kode":"32.09","kab_nama":"Kabupaten Cirebon","provinsi":"Jawa Barat"}},{"type":"Feature","geometry":{"type":"Point","coordinates":[116.8174,-1.2689]},"properties":{"id":"magma:CRS20190714134740","tanggal":"2019-07-13","presisi_tanggal":"hari","waktu_utc":"2019-07-13T10:00:00+00:00","sumber":"magma-tanggapan","tipe":null,"desa":"Prapatan","kecamatan":"Balikpapan Kota","kab_kode":"64.71","kab_nama":"Kota Balikpapan","provinsi":"Kalimantan Timur"}},{"type":"Feature","geometry":{"type":"Point","coordinates":[115.1593,-8.8211]},"properties":{"id":"magma:CRS20190718123607","tanggal":"2019-07-16","presisi_tanggal":"hari","waktu_utc":"2019-07-16T00:20:00+00:00","sumber":"magma-tanggapan","tipe":null,"desa":"Ungasan","kecamatan":"Kuta Selatan","kab_kode":"51.03","kab_nama":"Kabupaten Badung","provinsi":"Bali"}},{"type":"Feature","geometry":{"type":"Point","coordinates":[110.7442,-6.687]},"properties":{"id":"magma:CRS20190722203926","tanggal":"2019-07-22","presisi_tanggal":"hari","waktu_utc":"2019-07-21T23:00:00+00:00","sumber":"magma-tanggapan","tipe":null,"desa":"Damarjati","kecamatan":"Kalinyamatan","kab_kode":"33.20","kab_nama":"Kabupaten Jepara","provinsi":"Jawa Tengah"}},{"type":"Feature","geometry":{"type":"Point","coordinates":[114.8746,-3.5217]},"properties":{"id":"magma:CRS20190724115814","tanggal":"2019-07-22","presisi_tanggal":"hari","waktu_utc":"2019-07-22T06:30:00+00:00","sumber":"magma-tanggapan","tipe":null,"desa":"Sungai Tiung","kecamatan":"Cempaka","kab_kode":"63.72","kab_nama":"Kota Banjarbaru","provinsi":"Kalimantan Selatan"}},{"type":"Feature","geometry":{"type":"Point","coordinates":[98.8666,2.4677]},"properties":{"id":"magma:CRS20190723220709","tanggal":"2019-07-23","presisi_tanggal":"hari","waktu_utc":"2019-07-23T05:00:00+00:00","sumber":"magma-tanggapan","tipe":null,"desa":"Pasaran Parsaoran","kecamatan":"Nainggolan","kab_kode":"12.17","kab_nama":"Kabupaten Samosir","provinsi":"Sumatera Utara"}},{"type":"Feature","geometry":{"type":"Point","coordinates":[100.6253,-0.4472]},"properties":{"id":"magma:CRS20190724215110","tanggal":"2019-07-24","presisi_tanggal":"hari","waktu_utc":"2019-07-23T20:00:00+00:00","sumber":"magma-tanggapan","tipe":null,"desa":"Pagaruyung","kecamatan":"Tanjung Emas","kab_kode":"13.04","kab_nama":"Kabupaten Tanah Datar","provinsi":"Sumatera Barat"}},{"type":"Feature","geometry":{"type":"Point","coordinates":[127.7557,0.1552]},"properties":{"id":"magma:CRS20190728234122","tanggal":"2019-07-28","presisi_tanggal":"hari","waktu_utc":"2019-07-28T09:00:00+00:00","sumber":"magma-tanggapan","tipe":null,"desa":"Sela Malofo","kecamatan":"Oba Selatan","kab_kode":"82.72","kab_nama":"Kota Tidore Kepulauan","provinsi":"Maluku Utara"}},{"type":"Feature","geometry":{"type":"Point","coordinates":[120.1185,0.2307]},"properties":{"id":"magma:CRS20190728235414","tanggal":"2019-07-28","presisi_tanggal":"hari","waktu_utc":"2019-07-28T02:00:00+00:00","sumber":"magma-tanggapan","tipe":null,"desa":"Bondoyong","kecamatan":"Sidoan","kab_kode":"72.08","kab_nama":"Kabupaten Parigi Moutong","provinsi":"Sulawesi Tengah"}},{"type":"Feature","geometry":{"type":"Point","coordinates":[100.7774,0.1653]},"properties":{"id":"magma:CRS20190808061039","tanggal":"2019-08-07","presisi_tanggal":"hari","waktu_utc":"2019-08-07T09:00:00+00:00","sumber":"magma-tanggapan","tipe":null,"desa":"Tanjuang Balik","kecamatan":"Pangkalan Koto Baru","kab_kode":"13.07","kab_nama":"Kabupaten Lima Puluh Kota","provinsi":"Sumatera Barat"}},{"type":"Feature","geometry":{"type":"Point","coordinates":[109.3902,0.5049]},"properties":{"id":"magma:CRS20190812004939","tanggal":"2019-08-09","presisi_tanggal":"hari","waktu_utc":"2019-08-09T02:00:00+00:00","sumber":"magma-tanggapan","tipe":null,"desa":"Sampuro","kecamatan":"Mempawah Hulu","kab_kode":"61.08","kab_nama":"Kabupaten Landak","provinsi":"Kalimantan Barat"}},{"type":"Feature","geometry":{"type":"Point","coordinates":[120.003,-1.3885]},"properties":{"id":"magma:CRS20190815104358","tanggal":"2019-08-13","presisi_tanggal":"hari","waktu_utc":"2019-08-13T14:46:00+00:00","sumber":"magma-tanggapan","tipe":null,"desa":"Namo","kecamatan":"Kulawi","kab_kode":"72.10","kab_nama":"Kabupaten Sigi","provinsi":"Sulawesi Tengah"}},{"type":"Feature","geometry":{"type":"Point","coordinates":[120.1461,-3.6955]},"properties":{"id":"pvmbg:1414_2019:2019-08-18:0","tanggal":"2019-08-18","presisi_tanggal":"hari","waktu_utc":null,"sumber":"pvmbg-lapangan","tipe":null,"desa":null,"kecamatan":"Pitu Riase Kab.","kab_kode":"73.14","kab_nama":"Kabupaten Sidenreng Rappang","provinsi":"Sulawesi Selatan"}},{"type":"Feature","geometry":{"type":"Point","coordinates":[117.0152,-0.577]},"properties":{"id":"magma:CRS20190822163126","tanggal":"2019-08-22","presisi_tanggal":"hari","waktu_utc":"2019-08-22T08:34:00+00:00","sumber":"magma-tanggapan","tipe":null,"desa":"Jembayan","kecamatan":"Loa Kulu","kab_kode":"64.02","kab_nama":"Kabupaten Kutai Kartanegara","provinsi":"Kalimantan Timur"}},{"type":"Feature","geometry":{"type":"Point","coordinates":[106.417,-2.7605]},"properties":{"id":"magma:CRS20190825190307","tanggal":"2019-08-24","presisi_tanggal":"hari","waktu_utc":"2019-08-24T03:00:00+00:00","sumber":"magma-tanggapan","tipe":null,"desa":"Bencah","kecamatan":"Air Gegas","kab_kode":"19.03","kab_nama":"Kabupaten Bangka Selatan","provinsi":"Kepulauan Bangka Belitung"}},{"type":"Feature","geometry":{"type":"Point","coordinates":[98.8004,1.7597]},"properties":{"id":"magma:CRS20190830210610","tanggal":"2019-08-27","presisi_tanggal":"hari","waktu_utc":"2019-08-27T05:00:00+00:00","sumber":"magma-tanggapan","tipe":null,"desa":"Simaninggir","kecamatan":"Sitahuis","kab_kode":"12.01","kab_nama":"Kabupaten Tapanuli Tengah","provinsi":"Sumatera Utara"}},{"type":"Feature","geometry":{"type":"Point","coordinates":[112.321,-8.0325]},"properties":{"id":"magma:CRS20190903160404","tanggal":"2019-08-27","presisi_tanggal":"hari","waktu_utc":"2019-08-27T11:00:00+00:00","sumber":"magma-tanggapan","tipe":null,"desa":"Ngaringan","kecamatan":"Gandusari","kab_kode":"35.05","kab_nama":"Kabupaten Blitar","provinsi":"Jawa Timur"}},{"type":"Feature","geometry":{"type":"Point","coordinates":[118.8975,-2.6885]},"properties":{"id":"magma:CRS20190903161332","tanggal":"2019-08-27","presisi_tanggal":"hari","waktu_utc":"2019-08-27T11:00:00+00:00","sumber":"magma-tanggapan","tipe":null,"desa":"Rimuku","kecamatan":"Mamuju","kab_kode":"76.02","kab_nama":"Kabupaten Mamuju","provinsi":"Sulawesi Barat"}},{"type":"Feature","geometry":{"type":"Point","coordinates":[106.7851,-6.6783]},"properties":{"id":"pvmbg:1734_2019:2019-09-01:0","tanggal":"2019-09-01","presisi_tanggal":"bulan","waktu_utc":null,"sumber":"pvmbg-lapangan","tipe":null,"desa":null,"kecamatan":null,"kab_kode":"32.01","kab_nama":"Kabupaten Bogor","provinsi":"Jawa Barat"}},{"type":"Feature","geometry":{"type":"Point","coordinates":[106.8085,-6.6932]},"properties":{"id":"pvmbg:1734_2019:2019-09-01:1","tanggal":"2019-09-01","presisi_tanggal":"bulan","waktu_utc":null,"sumber":"pvmbg-lapangan","tipe":null,"desa":null,"kecamatan":null,"kab_kode":"32.01","kab_nama":"Kabupaten Bogor","provinsi":"Jawa Barat"}},{"type":"Feature","geometry":{"type":"Point","coordinates":[106.5505,-6.6106]},"properties":{"id":"pvmbg:1737_2019:2019-09-01:0","tanggal":"2019-09-01","presisi_tanggal":"bulan","waktu_utc":null,"sumber":"pvmbg-lapangan","tipe":null,"desa":null,"kecamatan":null,"kab_kode":"32.01","kab_nama":"Kabupaten Bogor","provinsi":"Jawa Barat"}},{"type":"Feature","geometry":{"type":"Point","coordinates":[107.5843,-7.1978]},"properties":{"id":"pvmbg:1987_2019:2019-09-01:0","tanggal":"2019-09-01","presisi_tanggal":"bulan","waktu_utc":null,"sumber":"pvmbg-lapangan","tipe":null,"desa":null,"kecamatan":null,"kab_kode":"32.04","kab_nama":"Kabupaten Bandung","provinsi":"Jawa Barat"}},{"type":"Feature","geometry":{"type":"Point","coordinates":[106.8077,-6.4027]},"properties":{"id":"magma:CRS20190906213547","tanggal":"2019-09-05","presisi_tanggal":"hari","waktu_utc":"2019-09-05T14:38:00+00:00","sumber":"magma-tanggapan","tipe":null,"desa":"Pancoran Mas","kecamatan":"Pancoran Mas","kab_kode":"32.76","kab_nama":"Kota Depok","provinsi":"Jawa Barat"}},{"type":"Feature","geometry":{"type":"Point","coordinates":[112.6313,-7.1693]},"properties":{"id":"magma:CRS20190906213844","tanggal":"2019-09-05","presisi_tanggal":"hari","waktu_utc":"2019-09-05T14:41:00+00:00","sumber":"magma-tanggapan","tipe":null,"desa":"Gending","kecamatan":"Kebomas","kab_kode":"35.25","kab_nama":"Kabupaten Gresik","provinsi":"Jawa Timur"}},{"type":"Feature","geometry":{"type":"Point","coordinates":[99.0356,2.25]},"properties":{"id":"pvmbg:1413_2019:2019-09-10:0","tanggal":"2019-09-10","presisi_tanggal":"hari","waktu_utc":null,"sumber":"pvmbg-lapangan","tipe":null,"desa":null,"kecamatan":"Siborongborong K","kab_kode":"12.02","kab_nama":"Kabupaten Tapanuli Utara","provinsi":"Sumatera Utara"}},{"type":"Feature","geometry":{"type":"Point","coordinates":[128.2375,-3.6637]},"properties":{"id":"magma:CRS20191013052206","tanggal":"2019-09-12","presisi_tanggal":"hari","waktu_utc":"2019-09-11T22:00:00+00:00","sumber":"magma-tanggapan","tipe":null,"desa":"Halong","kecamatan":"Teluk Ambon Baguala","kab_kode":"81.71","kab_nama":"Kota Ambon","provinsi":"Maluku"}},{"type":"Feature","geometry":{"type":"Point","coordinates":[106.8065,-6.6078]},"properties":{"id":"magma:CRS20190921044511","tanggal":"2019-09-19","presisi_tanggal":"hari","waktu_utc":"2019-09-19T13:00:00+00:00","sumber":"magma-tanggapan","tipe":null,"desa":"Babakanpasar","kecamatan":"Bogor Tengah","kab_kode":"32.71","kab_nama":"Kota Bogor","provinsi":"Jawa Barat"}},{"type":"Feature","geometry":{"type":"Point","coordinates":[112.2742,-6.9589]},"properties":{"id":"magma:CRS20190921174847","tanggal":"2019-09-21","presisi_tanggal":"hari","waktu_utc":"2019-09-21T09:50:00+00:00","sumber":"magma-tanggapan","tipe":null,"desa":"Laren","kecamatan":"Laren","kab_kode":"35.24","kab_nama":"Kabupaten Lamongan","provinsi":"Jawa Timur"}},{"type":"Feature","geometry":{"type":"Point","coordinates":[107.5161,-6.8739]},"properties":{"id":"pvmbg:733_2020:2019-09-24:0","tanggal":"2019-09-24","presisi_tanggal":"hari","waktu_utc":null,"sumber":"pvmbg-lapangan","tipe":null,"desa":null,"kecamatan":null,"kab_kode":"32.17","kab_nama":"Kabupaten Bandung Barat","provinsi":"Jawa Barat"}},{"type":"Feature","geometry":{"type":"Point","coordinates":[128.3235,-3.5081]},"properties":{"id":"pvmbg:1901_2020:2019-09-26:0","tanggal":"2019-09-26","presisi_tanggal":"hari","waktu_utc":null,"sumber":"pvmbg-lapangan","tipe":null,"desa":null,"kecamatan":null,"kab_kode":"81.01","kab_nama":"Kabupaten Maluku Tengah","provinsi":"Maluku"}},{"type":"Feature","geometry":{"type":"Point","coordinates":[107.2106,-7.0658]},"properties":{"id":"magma:CRS20200403112907","tanggal":"2019-10-01","presisi_tanggal":"hari","waktu_utc":"2019-10-01T09:00:00+00:00","sumber":"magma-tanggapan+pvmbg-lapangan","tipe":null,"desa":"Cibanggala","kecamatan":"Campaka Mulya","kab_kode":"32.03","kab_nama":"Kabupaten Cianjur","provinsi":"Jawa Barat"}},{"type":"Feature","geometry":{"type":"Point","coordinates":[106.9664,-7.2394]},"properties":{"id":"pvmbg:1937_2019:2019-10-01:0","tanggal":"2019-10-01","presisi_tanggal":"bulan","waktu_utc":null,"sumber":"pvmbg-lapangan","tipe":null,"desa":null,"kecamatan":null,"kab_kode":"32.02","kab_nama":"Kabupaten Sukabumi","provinsi":"Jawa Barat"}},{"type":"Feature","geometry":{"type":"Point","coordinates":[107.0637,-6.9206]},"properties":{"id":"magma:CRS20200402092850","tanggal":"2019-10-08","presisi_tanggal":"hari","waktu_utc":"2019-10-08T11:20:00+00:00","sumber":"magma-tanggapan+pvmbg-lapangan","tipe":null,"desa":"Cibeber","kecamatan":"Cibeber","kab_kode":"32.03","kab_nama":"Kabupaten Cianjur","provinsi":"Jawa Barat"}},{"type":"Feature","geometry":{"type":"Point","coordinates":[106.8385,-6.6706]},"properties":{"id":"magma:CRS20191013054658","tanggal":"2019-10-10","presisi_tanggal":"hari","waktu_utc":"2019-10-10T10:00:00+00:00","sumber":"magma-tanggapan","tipe":null,"desa":"Bojongkerta","kecamatan":"Bogor Selatan","kab_kode":"32.71","kab_nama":"Kota Bogor","provinsi":"Jawa Barat"}},{"type":"Feature","geometry":{"type":"Point","coordinates":[106.3699,-6.7874]},"properties":{"id":"magma:CRS20191013055444","tanggal":"2019-10-10","presisi_tanggal":"hari","waktu_utc":"2019-10-09T19:20:00+00:00","sumber":"magma-tanggapan","tipe":null,"desa":"Cibeber","kecamatan":"Cibeber","kab_kode":"36.02","kab_nama":"Kabupaten Lebak","provinsi":"Banten"}},{"type":"Feature","geometry":{"type":"Point","coordinates":[128.3324,-3.6264]},"properties":{"id":"magma:CRS20191013053707","tanggal":"2019-10-11","presisi_tanggal":"hari","waktu_utc":"2019-10-10T16:00:00+00:00","sumber":"magma-tanggapan","tipe":null,"desa":"Tial","kecamatan":"Salahutu","kab_kode":"81.01","kab_nama":"Kabupaten Maluku Tengah","provinsi":"Maluku"}},{"type":"Feature","geometry":{"type":"Point","coordinates":[111.0413,-8.1671]},"properties":{"id":"pvmbg:246_2020:2019-10-15:0","tanggal":"2019-10-15","presisi_tanggal":"hari","waktu_utc":null,"sumber":"pvmbg-lapangan","tipe":null,"desa":null,"kecamatan":null,"kab_kode":"35.01","kab_nama":"Kabupaten Pacitan","provinsi":"Jawa Timur"}},{"type":"Feature","geometry":{"type":"Point","coordinates":[107.81,-7.2913]},"properties":{"id":"pvmbg:1946_2019:2019-10-20:0","tanggal":"2019-10-20","presisi_tanggal":"hari","waktu_utc":null,"sumber":"pvmbg-lapangan","tipe":null,"desa":null,"kecamatan":null,"kab_kode":"32.05","kab_nama":"Kabupaten Garut","provinsi":"Jawa Barat"}},{"type":"Feature","geometry":{"type":"Point","coordinates":[108.0521,-7.0696]},"properties":{"id":"pvmbg:1889_2019:2019-10-23:0","tanggal":"2019-10-23","presisi_tanggal":"hari","waktu_utc":null,"sumber":"pvmbg-lapangan","tipe":null,"desa":null,"kecamatan":null,"kab_kode":"32.05","kab_nama":"Kabupaten Garut","provinsi":"Jawa Barat"}},{"type":"Feature","geometry":{"type":"Point","coordinates":[107.8079,-7.3453]},"properties":{"id":"pvmbg:1946_2019:2019-10-23:0","tanggal":"2019-10-23","presisi_tanggal":"hari","waktu_utc":null,"sumber":"pvmbg-lapangan","tipe":null,"desa":null,"kecamatan":null,"kab_kode":"32.05","kab_nama":"Kabupaten Garut","provinsi":"Jawa Barat"}},{"type":"Feature","geometry":{"type":"Point","coordinates":[107.7469,-6.9145]},"properties":{"id":"pvmbg:1824_2019:2019-10-27:0","tanggal":"2019-10-27","presisi_tanggal":"hari","waktu_utc":null,"sumber":"pvmbg-lapangan","tipe":null,"desa":null,"kecamatan":null,"kab_kode":"32.04","kab_nama":"Kabupaten Bandung","provinsi":"Jawa Barat"}},{"type":"Feature","geometry":{"type":"Point","coordinates":[107.5531,-7.1279]},"properties":{"id":"pvmbg:1825_2019:2019-10-27:0","tanggal":"2019-10-27","presisi_tanggal":"hari","waktu_utc":null,"sumber":"pvmbg-lapangan","tipe":null,"desa":null,"kecamatan":null,"kab_kode":"32.04","kab_nama":"Kabupaten Bandung","provinsi":"Jawa Barat"}},{"type":"Feature","geometry":{"type":"Point","coordinates":[107.5417,-7.0646]},"properties":{"id":"pvmbg:1826_2019:2019-10-27:0","tanggal":"2019-10-27","presisi_tanggal":"hari","waktu_utc":null,"sumber":"pvmbg-lapangan","tipe":null,"desa":null,"kecamatan":"Cangkuang Kab. Bandung","kab_kode":"32.04","kab_nama":"Kabupaten Bandung","provinsi":"Jawa Barat"}},{"type":"Feature","geometry":{"type":"Point","coordinates":[128.2435,-3.6409]},"properties":{"id":"pvmbg:1901_2020:2019-10-27:0","tanggal":"2019-10-27","presisi_tanggal":"hari","waktu_utc":null,"sumber":"pvmbg-lapangan","tipe":null,"desa":null,"kecamatan":null,"kab_kode":"81.71","kab_nama":"Kota Ambon","provinsi":"Maluku"}},{"type":"Feature","geometry":{"type":"Point","coordinates":[107.8006,-7.3454]},"properties":{"id":"magma:CRS20200406133614","tanggal":"2019-10-28","presisi_tanggal":"hari","waktu_utc":"2019-10-28T14:30:00+00:00","sumber":"magma-tanggapan+pvmbg-lapangan","tipe":null,"desa":"Mekarsari","kecamatan":"Cikajang","kab_kode":"32.05","kab_nama":"Kabupaten Garut","provinsi":"Jawa Barat"}},{"type":"Feature","geometry":{"type":"Point","coordinates":[108.5695,-7.2104]},"properties":{"id":"pvmbg:1945_2019:2019-10-28:0","tanggal":"2019-10-28","presisi_tanggal":"hari","waktu_utc":null,"sumber":"pvmbg-lapangan","tipe":null,"desa":null,"kecamatan":null,"kab_kode":"32.07","kab_nama":"Kabupaten Ciamis","provinsi":"Jawa Barat"}},{"type":"Feature","geometry":{"type":"Point","coordinates":[108.5585,-7.2351]},"properties":{"id":"pvmbg:1945_2019:2019-10-28:1","tanggal":"2019-10-28","presisi_tanggal":"hari","waktu_utc":null,"sumber":"pvmbg-lapangan","tipe":null,"desa":null,"kecamatan":null,"kab_kode":"32.07","kab_nama":"Kabupaten Ciamis","provinsi":"Jawa Barat"}},{"type":"Feature","geometry":{"type":"Point","coordinates":[108.0891,-7.0897]},"properties":{"id":"magma:CRS20200513144311","tanggal":"2019-10-29","presisi_tanggal":"hari","waktu_utc":"2019-10-29T11:48:00+00:00","sumber":"magma-tanggapan","tipe":null,"desa":"Mekar Mulya","kecamatan":"Malangbong","kab_kode":"32.05","kab_nama":"Kabupaten Garut","provinsi":"Jawa Barat"}},{"type":"Feature","geometry":{"type":"Point","coordinates":[106.8517,-7.0794]},"properties":{"id":"pvmbg:1938_2019:2019-11-01:0","tanggal":"2019-11-01","presisi_tanggal":"bulan","waktu_utc":null,"sumber":"pvmbg-lapangan","tipe":null,"desa":null,"kecamatan":null,"kab_kode":"32.02","kab_nama":"Kabupaten Sukabumi","provinsi":"Jawa Barat"}},{"type":"Feature","geometry":{"type":"Point","coordinates":[106.8772,-7.0874]},"properties":{"id":"pvmbg:1938_2019:2019-11-01:1","tanggal":"2019-11-01","presisi_tanggal":"bulan","waktu_utc":null,"sumber":"pvmbg-lapangan","tipe":null,"desa":null,"kecamatan":null,"kab_kode":"32.02","kab_nama":"Kabupaten Sukabumi","provinsi":"Jawa Barat"}},{"type":"Feature","geometry":{"type":"Point","coordinates":[106.9316,-7.203]},"properties":{"id":"pvmbg:418_2020:2019-11-01:0","tanggal":"2019-11-01","presisi_tanggal":"bulan","waktu_utc":null,"sumber":"pvmbg-lapangan","tipe":null,"desa":null,"kecamatan":null,"kab_kode":"32.02","kab_nama":"Kabupaten Sukabumi","provinsi":"Jawa Barat"}},{"type":"Feature","geometry":{"type":"Point","coordinates":[106.9396,-7.2164]},"properties":{"id":"pvmbg:418_2020:2019-11-01:1","tanggal":"2019-11-01","presisi_tanggal":"bulan","waktu_utc":null,"sumber":"pvmbg-lapangan","tipe":null,"desa":null,"kecamatan":null,"kab_kode":"32.02","kab_nama":"Kabupaten Sukabumi","provinsi":"Jawa Barat"}},{"type":"Feature","geometry":{"type":"Point","coordinates":[106.6405,-6.7107]},"properties":{"id":"pvmbg:685_2020:2019-11-01:0","tanggal":"2019-11-01","presisi_tanggal":"bulan","waktu_utc":null,"sumber":"pvmbg-lapangan","tipe":null,"desa":null,"kecamatan":null,"kab_kode":"32.01","kab_nama":"Kabupaten Bogor","provinsi":"Jawa Barat"}},{"type":"Feature","geometry":{"type":"Point","coordinates":[106.6429,-6.7008]},"properties":{"id":"pvmbg:685_2020:2019-11-01:1","tanggal":"2019-11-01","presisi_tanggal":"bulan","waktu_utc":null,"sumber":"pvmbg-lapangan","tipe":null,"desa":null,"kecamatan":null,"kab_kode":"32.01","kab_nama":"Kabupaten Bogor","provinsi":"Jawa Barat"}},{"type":"Feature","geometry":{"type":"Point","coordinates":[108.5561,-7.2654]},"properties":{"id":"pvmbg:1945_2019:2019-11-03:0","tanggal":"2019-11-03","presisi_tanggal":"hari","waktu_utc":null,"sumber":"pvmbg-lapangan","tipe":null,"desa":null,"kecamatan":null,"kab_kode":"32.07","kab_nama":"Kabupaten Ciamis","provinsi":"Jawa Barat"}},{"type":"Feature","geometry":{"type":"Point","coordinates":[128.765,-3.6461]},"properties":{"id":"magma:CRS20191107081808","tanggal":"2019-11-04","presisi_tanggal":"hari","waktu_utc":"2019-11-03T23:21:00+00:00","sumber":"magma-tanggapan+pvmbg-lapangan","tipe":null,"desa":"Sila","kecamatan":"Nusalaut","kab_kode":"81.01","kab_nama":"Kabupaten Maluku Tengah","provinsi":"Maluku"}},{"type":"Feature","geometry":{"type":"Point","coordinates":[109.6436,-7.3058]},"properties":{"id":"magma:CRS20191107082536","tanggal":"2019-11-05","presisi_tanggal":"hari","waktu_utc":"2019-11-05T09:00:00+00:00","sumber":"magma-tanggapan+pvmbg-lapangan","tipe":null,"desa":"Mlaya","kecamatan":"Punggelan","kab_kode":"33.04","kab_nama":"Kabupaten Banjarnegara","provinsi":"Jawa Tengah"}},{"type":"Feature","geometry":{"type":"Point","coordinates":[109.3953,-7.7278]},"properties":{"id":"magma:CRS20191107101604","tanggal":"2019-11-06","presisi_tanggal":"hari","waktu_utc":"2019-11-06T15:19:00+00:00","sumber":"magma-tanggapan","tipe":null,"desa":"Ayah","kecamatan":"Ayah","kab_kode":"33.05","kab_nama":"Kabupaten Kebumen","provinsi":"Jawa Tengah"}},{"type":"Feature","geometry":{"type":"Point","coordinates":[107.586,-6.8524]},"properties":{"id":"magma:CRS20191107152151","tanggal":"2019-11-06","presisi_tanggal":"hari","waktu_utc":"2019-11-06T15:25:00+00:00","sumber":"magma-tanggapan","tipe":null,"desa":"Ciwaruga","kecamatan":"Parongpong","kab_kode":"32.17","kab_nama":"Kabupaten Bandung Barat","provinsi":"Jawa Barat"}},{"type":"Feature","geometry":{"type":"Point","coordinates":[102.1621,0.9108]},"properties":{"id":"magma:CRS20191107152503","tanggal":"2019-11-06","presisi_tanggal":"hari","waktu_utc":"2019-11-06T14:30:00+00:00","sumber":"magma-tanggapan","tipe":null,"desa":"Dosan","kecamatan":"Pusako","kab_kode":"14.08","kab_nama":"Kabupaten Siak","provinsi":"Riau"}},{"type":"Feature","geometry":{"type":"Point","coordinates":[106.7392,-6.8802]},"properties":{"id":"pvmbg:1939_2019:2019-11-07:0","tanggal":"2019-11-07","presisi_tanggal":"hari","waktu_utc":null,"sumber":"pvmbg-lapangan","tipe":null,"desa":null,"kecamatan":null,"kab_kode":"32.02","kab_nama":"Kabupaten Sukabumi","provinsi":"Jawa Barat"}},{"type":"Feature","geometry":{"type":"Point","coordinates":[107.7726,-7.082]},"properties":{"id":"pvmbg:1988_2019:2019-11-09:0","tanggal":"2019-11-09","presisi_tanggal":"hari","waktu_utc":null,"sumber":"pvmbg-lapangan","tipe":null,"desa":null,"kecamatan":null,"kab_kode":"32.04","kab_nama":"Kabupaten Bandung","provinsi":"Jawa Barat"}},{"type":"Feature","geometry":{"type":"Point","coordinates":[107.4999,-7.083]},"properties":{"id":"pvmbg:1989_2019:2019-11-09:0","tanggal":"2019-11-09","presisi_tanggal":"hari","waktu_utc":null,"sumber":"pvmbg-lapangan","tipe":null,"desa":null,"kecamatan":null,"kab_kode":"32.04","kab_nama":"Kabupaten Bandung","provinsi":"Jawa Barat"}},{"type":"Feature","geometry":{"type":"Point","coordinates":[106.6405,-6.7107]},"properties":{"id":"pvmbg:1964_2019:2019-11-15:0","tanggal":"2019-11-15","presisi_tanggal":"hari","waktu_utc":null,"sumber":"pvmbg-lapangan","tipe":null,"desa":null,"kecamatan":null,"kab_kode":"32.01","kab_nama":"Kabupaten Bogor","provinsi":"Jawa Barat"}},{"type":"Feature","geometry":{"type":"Point","coordinates":[106.6429,-6.7008]},"properties":{"id":"pvmbg:1964_2019:2019-11-15:1","tanggal":"2019-11-15","presisi_tanggal":"hari","waktu_utc":null,"sumber":"pvmbg-lapangan","tipe":null,"desa":null,"kecamatan":null,"kab_kode":"32.01","kab_nama":"Kabupaten Bogor","provinsi":"Jawa Barat"}},{"type":"Feature","geometry":{"type":"Point","coordinates":[107.6964,-7.1917]},"properties":{"id":"pvmbg:244_2020:2019-11-15:0","tanggal":"2019-11-15","presisi_tanggal":"hari","waktu_utc":null,"sumber":"pvmbg-lapangan","tipe":null,"desa":null,"kecamatan":null,"kab_kode":"32.04","kab_nama":"Kabupaten Bandung","provinsi":"Jawa Barat"}},{"type":"Feature","geometry":{"type":"Point","coordinates":[98.1796,3.0067]},"properties":{"id":"pvmbg:1934_2019:2019-11-17:0","tanggal":"2019-11-17","presisi_tanggal":"hari","waktu_utc":null,"sumber":"pvmbg-lapangan","tipe":null,"desa":null,"kecamatan":null,"kab_kode":"12.11","kab_nama":"Kabupaten Dairi","provinsi":"Sumatera Utara"}},{"type":"Feature","geometry":{"type":"Point","coordinates":[112.8116,-7.5918]},"properties":{"id":"pvmbg:177_2020:2019-11-18:0","tanggal":"2019-11-18","presisi_tanggal":"hari","waktu_utc":null,"sumber":"pvmbg-lapangan","tipe":null,"desa":null,"kecamatan":null,"kab_kode":"35.14","kab_nama":"Kabupaten Pasuruan","provinsi":"Jawa Timur"}},{"type":"Feature","geometry":{"type":"Point","coordinates":[106.9927,-7.0012]},"properties":{"id":"pvmbg:1936_2019:2019-11-19:0","tanggal":"2019-11-19","presisi_tanggal":"hari","waktu_utc":null,"sumber":"pvmbg-lapangan","tipe":null,"desa":null,"kecamatan":null,"kab_kode":"32.02","kab_nama":"Kabupaten Sukabumi","provinsi":"Jawa Barat"}},{"type":"Feature","geometry":{"type":"Point","coordinates":[106.7181,-6.631]},"properties":{"id":"pvmbg:1965_2019:2019-11-19:0","tanggal":"2019-11-19","presisi_tanggal":"hari","waktu_utc":null,"sumber":"pvmbg-lapangan","tipe":null,"desa":null,"kecamatan":null,"kab_kode":"32.01","kab_nama":"Kabupaten Bogor","provinsi":"Jawa Barat"}},{"type":"Feature","geometry":{"type":"Point","coordinates":[109.0528,-7.2206]},"properties":{"id":"pvmbg:2026_2019:2019-11-23:0","tanggal":"2019-11-23","presisi_tanggal":"hari","waktu_utc":null,"sumber":"pvmbg-lapangan","tipe":null,"desa":null,"kecamatan":"Sirampog","kab_kode":"33.29","kab_nama":"Kabupaten Brebes","provinsi":"Jawa Tengah"}},{"type":"Feature","geometry":{"type":"Point","coordinates":[106.6293,-6.9506]},"properties":{"id":"pvmbg:1956_2019:2019-11-26:0","tanggal":"2019-11-26","presisi_tanggal":"hari","waktu_utc":null,"sumber":"pvmbg-lapangan","tipe":null,"desa":null,"kecamatan":"Bantargadung dan Kec. G","kab_kode":"32.02","kab_nama":"Kabupaten Sukabumi","provinsi":"Jawa Barat"}},{"type":"Feature","geometry":{"type":"Point","coordinates":[106.8996,-6.9372]},"properties":{"id":"pvmbg:1956_2019:2019-11-26:1","tanggal":"2019-11-26","presisi_tanggal":"hari","waktu_utc":null,"sumber":"pvmbg-lapangan","tipe":null,"desa":null,"kecamatan":"Bantargadung dan Kec. G","kab_kode":"32.02","kab_nama":"Kabupaten Sukabumi","provinsi":"Jawa Barat"}},{"type":"Feature","geometry":{"type":"Point","coordinates":[109.7325,-7.2764]},"properties":{"id":"pvmbg:1833_2019:2019-11-27:0","tanggal":"2019-11-27","presisi_tanggal":"hari","waktu_utc":null,"sumber":"pvmbg-lapangan","tipe":null,"desa":null,"kecamatan":"Karangkoba","kab_kode":"33.04","kab_nama":"Kabupaten Banjarnegara","provinsi":"Jawa Tengah"}},{"type":"Feature","geometry":{"type":"Point","coordinates":[107.4553,-6.7524]},"properties":{"id":"pvmbg:1990_2019:2019-11-27:0","tanggal":"2019-11-27","presisi_tanggal":"hari","waktu_utc":null,"sumber":"pvmbg-lapangan","tipe":null,"desa":null,"kecamatan":null,"kab_kode":"32.17","kab_nama":"Kabupaten Bandung Barat","provinsi":"Jawa Barat"}},{"type":"Feature","geometry":{"type":"Point","coordinates":[107.4458,-6.7431]},"properties":{"id":"pvmbg:1990_2019:2019-11-27:1","tanggal":"2019-11-27","presisi_tanggal":"hari","waktu_utc":null,"sumber":"pvmbg-lapangan","tipe":null,"desa":null,"kecamatan":null,"kab_kode":"32.17","kab_nama":"Kabupaten Bandung Barat","provinsi":"Jawa Barat"}},{"type":"Feature","geometry":{"type":"Point","coordinates":[107.4061,-6.7288]},"properties":{"id":"pvmbg:1990_2019:2019-11-27:2","tanggal":"2019-11-27","presisi_tanggal":"hari","waktu_utc":null,"sumber":"pvmbg-lapangan","tipe":null,"desa":null,"kecamatan":null,"kab_kode":"32.17","kab_nama":"Kabupaten Bandung Barat","provinsi":"Jawa Barat"}},{"type":"Feature","geometry":{"type":"Point","coordinates":[107.4156,-6.7651]},"properties":{"id":"pvmbg:1990_2019:2019-11-27:3","tanggal":"2019-11-27","presisi_tanggal":"hari","waktu_utc":null,"sumber":"pvmbg-lapangan","tipe":null,"desa":null,"kecamatan":null,"kab_kode":"32.17","kab_nama":"Kabupaten Bandung Barat","provinsi":"Jawa Barat"}},{"type":"Feature","geometry":{"type":"Point","coordinates":[107.2392,-7.0325]},"properties":{"id":"pvmbg:094_2021:2019-12-06:0","tanggal":"2019-12-06","presisi_tanggal":"hari","waktu_utc":null,"sumber":"pvmbg-lapangan","tipe":null,"desa":null,"kecamatan":null,"kab_kode":"32.17","kab_nama":"Kabupaten Bandung Barat","provinsi":"Jawa Barat"}},{"type":"Feature","geometry":{"type":"Point","coordinates":[107.2484,-7.0415]},"properties":{"id":"pvmbg:094_2021:2019-12-06:1","tanggal":"2019-12-06","presisi_tanggal":"hari","waktu_utc":null,"sumber":"pvmbg-lapangan","tipe":null,"desa":null,"kecamatan":null,"kab_kode":"32.17","kab_nama":"Kabupaten Bandung Barat","provinsi":"Jawa Barat"}},{"type":"Feature","geometry":{"type":"Point","coordinates":[108.334,-7.2659]},"properties":{"id":"pvmbg:1967_2019:2019-12-11:0","tanggal":"2019-12-11","presisi_tanggal":"hari","waktu_utc":null,"sumber":"pvmbg-lapangan","tipe":null,"desa":null,"kecamatan":null,"kab_kode":"32.07","kab_nama":"Kabupaten Ciamis","provinsi":"Jawa Barat"}},{"type":"Feature","geometry":{"type":"Point","coordinates":[108.0628,-7.4475]},"properties":{"id":"pvmbg:1967_2019:2019-12-11:1","tanggal":"2019-12-11","presisi_tanggal":"hari","waktu_utc":null,"sumber":"pvmbg-lapangan","tipe":null,"desa":null,"kecamatan":null,"kab_kode":"32.06","kab_nama":"Kabupaten Tasikmalaya","provinsi":"Jawa Barat"}},{"type":"Feature","geometry":{"type":"Point","coordinates":[108.5547,-7.2071]},"properties":{"id":"pvmbg:1945_2019:2019-12-12:0","tanggal":"2019-12-12","presisi_tanggal":"hari","waktu_utc":null,"sumber":"pvmbg-lapangan","tipe":null,"desa":null,"kecamatan":null,"kab_kode":"32.07","kab_nama":"Kabupaten Ciamis","provinsi":"Jawa Barat"}},{"type":"Feature","geometry":{"type":"Point","coordinates":[107.8116,-7.3063]},"properties":{"id":"pvmbg:1946_2019:2019-12-12:0","tanggal":"2019-12-12","presisi_tanggal":"hari","waktu_utc":null,"sumber":"pvmbg-lapangan","tipe":null,"desa":null,"kecamatan":null,"kab_kode":"32.05","kab_nama":"Kabupaten Garut","provinsi":"Jawa Barat"}},{"type":"Feature","geometry":{"type":"Point","coordinates":[107.5331,-6.9117]},"properties":{"id":"pvmbg:245_2020:2019-12-15:0","tanggal":"2019-12-15","presisi_tanggal":"hari","waktu_utc":null,"sumber":"pvmbg-lapangan","tipe":null,"desa":null,"kecamatan":null,"kab_kode":"32.77","kab_nama":"Kota Cimahi","provinsi":"Jawa Barat"}},{"type":"Feature","geometry":{"type":"Point","coordinates":[109.7488,-7.3952]},"properties":{"id":"magma:CRS20191218132147","tanggal":"2019-12-16","presisi_tanggal":"hari","waktu_utc":"2019-12-16T06:25:00+00:00","sumber":"magma-tanggapan","tipe":null,"desa":"Sigaluh","kecamatan":"Sigaluh","kab_kode":"33.04","kab_nama":"Kabupaten Banjarnegara","provinsi":"Jawa Tengah"}},{"type":"Feature","geometry":{"type":"Point","coordinates":[107.891,-6.8532]},"properties":{"id":"magma:CRS20191218133324","tanggal":"2019-12-16","presisi_tanggal":"hari","waktu_utc":"2019-12-16T09:30:00+00:00","sumber":"magma-tanggapan","tipe":null,"desa":"Girimukti","kecamatan":"Sumedang Utara","kab_kode":"32.11","kab_nama":"Kabupaten Sumedang","provinsi":"Jawa Barat"}},{"type":"Feature","geometry":{"type":"Point","coordinates":[107.5039,-7.045]},"properties":{"id":"magma:CRS20191217213900","tanggal":"2019-12-17","presisi_tanggal":"hari","waktu_utc":"2019-12-17T08:30:00+00:00","sumber":"magma-tanggapan","tipe":null,"desa":"Watang Soreang","kecamatan":"Soreang","kab_kode":"32.04","kab_nama":"Kabupaten Bandung","provinsi":"Jawa Barat"}},{"type":"Feature","geometry":{"type":"Point","coordinates":[110.1581,-7.6571]},"properties":{"id":"magma:CRS20191218134439","tanggal":"2019-12-17","presisi_tanggal":"hari","waktu_utc":"2019-12-17T09:00:00+00:00","sumber":"magma-tanggapan","tipe":null,"desa":"Ngargosari","kecamatan":"Samigaluh","kab_kode":"34.01","kab_nama":"Kabupaten Kulon Progo","provinsi":"Daerah Istimewa Yogyakarta"}},{"type":"Feature","geometry":{"type":"Point","coordinates":[105.6471,-6.817]},"properties":{"id":"magma:CRS20191218135700","tanggal":"2019-12-17","presisi_tanggal":"hari","waktu_utc":"2019-12-17T09:00:00+00:00","sumber":"magma-tanggapan","tipe":null,"desa":"Batuhideung","kecamatan":"Cimanggu","kab_kode":"36.01","kab_nama":"Kabupaten Pandeglang","provinsi":"Banten"}},{"type":"Feature","geometry":{"type":"Point","coordinates":[108.4662,-7.2109]},"properties":{"id":"magma:CRS20191218140744","tanggal":"2019-12-17","presisi_tanggal":"hari","waktu_utc":"2019-12-17T06:00:00+00:00","sumber":"magma-tanggapan","tipe":null,"desa":"Kiarapayung","kecamatan":"Rancah","kab_kode":"32.07","kab_nama":"Kabupaten Ciamis","provinsi":"Jawa Barat"}},{"type":"Feature","geometry":{"type":"Point","coordinates":[107.6057,-6.833]},"properties":{"id":"magma:CRS20191219051414","tanggal":"2019-12-17","presisi_tanggal":"hari","waktu_utc":"2019-12-17T10:00:00+00:00","sumber":"magma-tanggapan","tipe":null,"desa":"Pangaparang","kecamatan":"Lembang","kab_kode":"32.17","kab_nama":"Kabupaten Bandung Barat","provinsi":"Jawa Barat"}},{"type":"Feature","geometry":{"type":"Point","coordinates":[105.8349,-6.3668]},"properties":{"id":"magma:CRS20191219052342","tanggal":"2019-12-18","presisi_tanggal":"hari","waktu_utc":"2019-12-18T07:30:00+00:00","sumber":"magma-tanggapan","tipe":null,"desa":"Labuan","kecamatan":"Labuan","kab_kode":"36.01","kab_nama":"Kabupaten Pandeglang","provinsi":"Banten"}},{"type":"Feature","geometry":{"type":"Point","coordinates":[110.8311,-7.8521]},"properties":{"id":"pvmbg:243_2020:2019-12-18:0","tanggal":"2019-12-18","presisi_tanggal":"hari","waktu_utc":null,"sumber":"pvmbg-lapangan","tipe":null,"desa":null,"kecamatan":"Manyara","kab_kode":"33.12","kab_nama":"Kabupaten Wonogiri","provinsi":"Jawa Tengah"}},{"type":"Feature","geometry":{"type":"Point","coordinates":[111.0724,-7.5948]},"properties":{"id":"pvmbg:242_2020:2019-12-23:0","tanggal":"2019-12-23","presisi_tanggal":"hari","waktu_utc":null,"sumber":"pvmbg-lapangan","tipe":null,"desa":null,"kecamatan":"Ngargoyoso dan Jenawi Ka","kab_kode":"33.13","kab_nama":"Kabupaten Karanganyar","provinsi":"Jawa Tengah"}},{"type":"Feature","geometry":{"type":"Point","coordinates":[111.1129,-7.6138]},"properties":{"id":"pvmbg:242_2020:2019-12-23:1","tanggal":"2019-12-23","presisi_tanggal":"hari","waktu_utc":null,"sumber":"pvmbg-lapangan","tipe":null,"desa":null,"kecamatan":"Ngargoyoso dan Jenawi Ka","kab_kode":"33.13","kab_nama":"Kabupaten Karanganyar","provinsi":"Jawa Tengah"}},{"type":"Feature","geometry":{"type":"Point","coordinates":[111.1227,-7.5387]},"properties":{"id":"pvmbg:242_2020:2019-12-23:2","tanggal":"2019-12-23","presisi_tanggal":"hari","waktu_utc":null,"sumber":"pvmbg-lapangan","tipe":null,"desa":null,"kecamatan":"Ngargoyoso dan Jenawi","kab_kode":"33.13","kab_nama":"Kabupaten Karanganyar","provinsi":"Jawa Tengah"}},{"type":"Feature","geometry":{"type":"Point","coordinates":[107.6634,-6.9085]},"properties":{"id":"pvmbg:404_2020:2019-12-30:0","tanggal":"2019-12-30","presisi_tanggal":"hari","waktu_utc":null,"sumber":"pvmbg-lapangan","tipe":null,"desa":null,"kecamatan":null,"kab_kode":"32.73","kab_nama":"Kota Bandung","provinsi":"Jawa Barat"}},{"type":"Feature","geometry":{"type":"Point","coordinates":[106.5083,-6.6047]},"properties":{"id":"magma:CRS20200112073424","tanggal":"2020-01-01","presisi_tanggal":"hari","waktu_utc":"2020-01-01T01:00:00+00:00","sumber":"magma-tanggapan+pvmbg-lapangan","tipe":null,"desa":"Harkatjaya","kecamatan":"Sukajaya","kab_kode":"32.01","kab_nama":"Kabupaten Bogor","provinsi":"Jawa Barat"}},{"type":"Feature","geometry":{"type":"Point","coordinates":[106.4139,-6.625]},"properties":{"id":"pvmbg:147_2020:2020-01-01:0","tanggal":"2020-01-01","presisi_tanggal":"tahun","waktu_utc":null,"sumber":"pvmbg-lapangan","tipe":null,"desa":null,"kecamatan":null,"kab_kode":"36.02","kab_nama":"Kabupaten Lebak","provinsi":"Banten"}},{"type":"Feature","geometry":{"type":"Point","coordinates":[106.4226,-6.6035]},"properties":{"id":"pvmbg:147_2021:2020-01-01:0","tanggal":"2020-01-01","presisi_tanggal":"tahun","waktu_utc":null,"sumber":"pvmbg-lapangan","tipe":null,"desa":null,"kecamatan":null,"kab_kode":"36.02","kab_nama":"Kabupaten Lebak","provinsi":"Banten"}},{"type":"Feature","geometry":{"type":"Point","coordinates":[106.409,-6.616]},"properties":{"id":"pvmbg:147_2021:2020-01-01:1","tanggal":"2020-01-01","presisi_tanggal":"tahun","waktu_utc":null,"sumber":"pvmbg-lapangan","tipe":null,"desa":null,"kecamatan":null,"kab_kode":"36.02","kab_nama":"Kabupaten Lebak","provinsi":"Banten"}},{"type":"Feature","geometry":{"type":"Point","coordinates":[106.4084,-6.5901]},"properties":{"id":"pvmbg:147_2021:2020-01-01:2","tanggal":"2020-01-01","presisi_tanggal":"tahun","waktu_utc":null,"sumber":"pvmbg-lapangan","tipe":null,"desa":null,"kecamatan":null,"kab_kode":"36.02","kab_nama":"Kabupaten Lebak","provinsi":"Banten"}},{"type":"Feature","geometry":{"type":"Point","coordinates":[106.4759,-6.5937]},"properties":{"id":"pvmbg:278_2020:2020-01-01:0","tanggal":"2020-01-01","presisi_tanggal":"tahun","waktu_utc":null,"sumber":"pvmbg-lapangan","tipe":null,"desa":null,"kecamatan":null,"kab_kode":"32.01","kab_nama":"Kabupaten Bogor","provinsi":"Jawa Barat"}},{"type":"Feature","geometry":{"type":"Point","coordinates":[106.5351,-6.6589]},"properties":{"id":"pvmbg:282_2020:2020-01-01:0","tanggal":"2020-01-01","presisi_tanggal":"tahun","waktu_utc":null,"sumber":"pvmbg-lapangan","tipe":null,"desa":null,"kecamatan":"Sukajaya Bogor","kab_kode":"32.01","kab_nama":"Kabupaten Bogor","provinsi":"Jawa Barat"}},{"type":"Feature","geometry":{"type":"Point","coordinates":[106.5329,-6.7174]},"properties":{"id":"pvmbg:282_2020:2020-01-01:1","tanggal":"2020-01-01","presisi_tanggal":"tahun","waktu_utc":null,"sumber":"pvmbg-lapangan","tipe":null,"desa":null,"kecamatan":"Sukajaya Bogor","kab_kode":"32.01","kab_nama":"Kabupaten Bogor","provinsi":"Jawa Barat"}},{"type":"Feature","geometry":{"type":"Point","coordinates":[106.9039,-7.0574]},"properties":{"id":"pvmbg:417_2020:2020-01-01:0","tanggal":"2020-01-01","presisi_tanggal":"tahun","waktu_utc":null,"sumber":"pvmbg-lapangan","tipe":null,"desa":null,"kecamatan":null,"kab_kode":"32.02","kab_nama":"Kabupaten Sukabumi","provinsi":"Jawa Barat"}},{"type":"Feature","geometry":{"type":"Point","coordinates":[109.6831,-7.296]},"properties":{"id":"pvmbg:433_2020:2020-01-01:0","tanggal":"2020-01-01","presisi_tanggal":"tahun","waktu_utc":null,"sumber":"pvmbg-lapangan","tipe":null,"desa":null,"kecamatan":"Banjarm","kab_kode":"33.04","kab_nama":"Kabupaten Banjarnegara","provinsi":"Jawa Tengah"}},{"type":"Feature","geometry":{"type":"Point","coordinates":[109.8061,-7.3435]},"properties":{"id":"pvmbg:434_2020:2020-01-01:0","tanggal":"2020-01-01","presisi_tanggal":"tahun","waktu_utc":null,"sumber":"pvmbg-lapangan","tipe":null,"desa":null,"kecamatan":"Sukohar","kab_kode":"33.07","kab_nama":"Kabupaten Wonosobo","provinsi":"Jawa Tengah"}},{"type":"Feature","geometry":{"type":"Point","coordinates":[109.7905,-7.2292]},"properties":{"id":"pvmbg:435_2020:2020-01-01:0","tanggal":"2020-01-01","presisi_tanggal":"tahun","waktu_utc":null,"sumber":"pvmbg-lapangan","tipe":null,"desa":null,"kecamatan":"Pejawara","kab_kode":"33.04","kab_nama":"Kabupaten Banjarnegara","provinsi":"Jawa Tengah"}},{"type":"Feature","geometry":{"type":"Point","coordinates":[109.7865,-7.3456]},"properties":{"id":"pvmbg:436_2020:2020-01-01:0","tanggal":"2020-01-01","presisi_tanggal":"tahun","waktu_utc":null,"sumber":"pvmbg-lapangan","tipe":null,"desa":null,"kecamatan":null,"kab_kode":"33.04","kab_nama":"Kabupaten Banjarnegara","provinsi":"Jawa Tengah"}},{"type":"Feature","geometry":{"type":"Point","coordinates":[109.7922,-7.3325]},"properties":{"id":"pvmbg:436_2020:2020-01-01:1","tanggal":"2020-01-01","presisi_tanggal":"tahun","waktu_utc":null,"sumber":"pvmbg-lapangan","tipe":null,"desa":null,"kecamatan":null,"kab_kode":"33.04","kab_nama":"Kabupaten Banjarnegara","provinsi":"Jawa Tengah"}},{"type":"Feature","geometry":{"type":"Point","coordinates":[109.8077,-7.322]},"properties":{"id":"pvmbg:436_2020:2020-01-01:2","tanggal":"2020-01-01","presisi_tanggal":"tahun","waktu_utc":null,"sumber":"pvmbg-lapangan","tipe":null,"desa":null,"kecamatan":null,"kab_kode":"33.07","kab_nama":"Kabupaten Wonosobo","provinsi":"Jawa Tengah"}},{"type":"Feature","geometry":{"type":"Point","coordinates":[109.7807,-7.3281]},"properties":{"id":"pvmbg:436_2020:2020-01-01:3","tanggal":"2020-01-01","presisi_tanggal":"tahun","waktu_utc":null,"sumber":"pvmbg-lapangan","tipe":null,"desa":null,"kecamatan":null,"kab_kode":"33.04","kab_nama":"Kabupaten Banjarnegara","provinsi":"Jawa Tengah"}},{"type":"Feature","geometry":{"type":"Point","coordinates":[108.1264,-7.2514]},"properties":{"id":"pvmbg:457_2020:2020-01-01:0","tanggal":"2020-01-01","presisi_tanggal":"tahun","waktu_utc":null,"sumber":"pvmbg-lapangan","tipe":null,"desa":null,"kecamatan":null,"kab_kode":"32.06","kab_nama":"Kabupaten Tasikmalaya","provinsi":"Jawa Barat"}},{"type":"Feature","geometry":{"type":"Point","coordinates":[106.992,-6.7071]},"properties":{"id":"pvmbg:468_2020:2020-01-01:0","tanggal":"2020-01-01","presisi_tanggal":"tahun","waktu_utc":null,"sumber":"pvmbg-lapangan","tipe":null,"desa":null,"kecamatan":null,"kab_kode":"32.01","kab_nama":"Kabupaten Bogor","provinsi":"Jawa Barat"}},{"type":"Feature","geometry":{"type":"Point","coordinates":[107.1107,-7.258]},"properties":{"id":"pvmbg:469_2020:2020-01-01:0","tanggal":"2020-01-01","presisi_tanggal":"tahun","waktu_utc":null,"sumber":"pvmbg-lapangan","tipe":null,"desa":null,"kecamatan":null,"kab_kode":"32.03","kab_nama":"Kabupaten Cianjur","provinsi":"Jawa Barat"}},{"type":"Feature","geometry":{"type":"Point","coordinates":[110.2301,-7.6435]},"properties":{"id":"pvmbg:486_2020:2020-01-01:0","tanggal":"2020-01-01","presisi_tanggal":"tahun","waktu_utc":null,"sumber":"pvmbg-lapangan","tipe":null,"desa":null,"kecamatan":"Borobudur","kab_kode":"33.08","kab_nama":"Kabupaten Magelang","provinsi":"Jawa Tengah"}},{"type":"Feature","geometry":{"type":"Point","coordinates":[110.17,-7.4917]},"properties":{"id":"pvmbg:487_2020:2020-01-01:0","tanggal":"2020-01-01","presisi_tanggal":"tahun","waktu_utc":null,"sumber":"pvmbg-lapangan","tipe":null,"desa":null,"kecamatan":"Bandongan","kab_kode":"33.08","kab_nama":"Kabupaten Magelang","provinsi":"Jawa Tengah"}},{"type":"Feature","geometry":{"type":"Point","coordinates":[110.1191,-7.5348]},"properties":{"id":"pvmbg:488_2020:2020-01-01:0","tanggal":"2020-01-01","presisi_tanggal":"tahun","waktu_utc":null,"sumber":"pvmbg-lapangan","tipe":null,"desa":null,"kecamatan":"Salaman","kab_kode":"33.08","kab_nama":"Kabupaten Magelang","provinsi":"Jawa Tengah"}},{"type":"Feature","geometry":{"type":"Point","coordinates":[110.2491,-7.4861]},"properties":{"id":"pvmbg:489_2020:2020-01-01:0","tanggal":"2020-01-01","presisi_tanggal":"tahun","waktu_utc":null,"sumber":"pvmbg-lapangan","tipe":null,"desa":null,"kecamatan":"Tegalrejo","kab_kode":"33.08","kab_nama":"Kabupaten Magelang","provinsi":"Jawa Tengah"}},{"type":"Feature","geometry":{"type":"Point","coordinates":[110.17,-7.4917]},"properties":{"id":"pvmbg:490_2020:2020-01-01:0","tanggal":"2020-01-01","presisi_tanggal":"tahun","waktu_utc":null,"sumber":"pvmbg-lapangan","tipe":null,"desa":null,"kecamatan":"Tempuran","kab_kode":"33.08","kab_nama":"Kabupaten Magelang","provinsi":"Jawa Tengah"}},{"type":"Feature","geometry":{"type":"Point","coordinates":[107.5271,-7.3203]},"properties":{"id":"pvmbg:501_2020:2020-01-01:0","tanggal":"2020-01-01","presisi_tanggal":"tahun","waktu_utc":null,"sumber":"pvmbg-lapangan","tipe":null,"desa":null,"kecamatan":null,"kab_kode":"32.05","kab_nama":"Kabupaten Garut","provinsi":"Jawa Barat"}},{"type":"Feature","geometry":{"type":"Point","coordinates":[107.9136,-7.2867]},"properties":{"id":"pvmbg:502_2020:2020-01-01:0","tanggal":"2020-01-01","presisi_tanggal":"tahun","waktu_utc":null,"sumber":"pvmbg-lapangan","tipe":null,"desa":null,"kecamatan":null,"kab_kode":"32.05","kab_nama":"Kabupaten Garut","provinsi":"Jawa Barat"}},{"type":"Feature","geometry":{"type":"Point","coordinates":[107.1867,-6.9319]},"properties":{"id":"pvmbg:511_2020:2020-01-01:0","tanggal":"2020-01-01","presisi_tanggal":"tahun","waktu_utc":null,"sumber":"pvmbg-lapangan","tipe":null,"desa":null,"kecamatan":null,"kab_kode":"32.03","kab_nama":"Kabupaten Cianjur","provinsi":"Jawa Barat"}},{"type":"Feature","geometry":{"type":"Point","coordinates":[111.2953,-7.9333]},"properties":{"id":"pvmbg:512_2020:2020-01-01:0","tanggal":"2020-01-01","presisi_tanggal":"tahun","waktu_utc":null,"sumber":"pvmbg-lapangan","tipe":null,"desa":null,"kecamatan":"Bad","kab_kode":"35.02","kab_nama":"Kabupaten Ponorogo","provinsi":"Jawa Timur"}},{"type":"Feature","geometry":{"type":"Point","coordinates":[107.3539,-6.9493]},"properties":{"id":"pvmbg:513_2020:2020-01-01:0","tanggal":"2020-01-01","presisi_tanggal":"tahun","waktu_utc":null,"sumber":"pvmbg-lapangan","tipe":null,"desa":null,"kecamatan":null,"kab_kode":"32.17","kab_nama":"Kabupaten Bandung Barat","provinsi":"Jawa Barat"}},{"type":"Feature","geometry":{"type":"Point","coordinates":[107.3887,-6.7179]},"properties":{"id":"pvmbg:514_2020:2020-01-01:0","tanggal":"2020-01-01","presisi_tanggal":"tahun","waktu_utc":null,"sumber":"pvmbg-lapangan","tipe":null,"desa":null,"kecamatan":null,"kab_kode":"32.17","kab_nama":"Kabupaten Bandung Barat","provinsi":"Jawa Barat"}},{"type":"Feature","geometry":{"type":"Point","coordinates":[107.5113,-7.0452]},"properties":{"id":"pvmbg:518_2020:2020-01-01:0","tanggal":"2020-01-01","presisi_tanggal":"tahun","waktu_utc":null,"sumber":"pvmbg-lapangan","tipe":null,"desa":null,"kecamatan":null,"kab_kode":"32.04","kab_nama":"Kabupaten Bandung","provinsi":"Jawa Barat"}},{"type":"Feature","geometry":{"type":"Point","coordinates":[107.4608,-7.2807]},"properties":{"id":"pvmbg:519_2020:2020-01-01:0","tanggal":"2020-01-01","presisi_tanggal":"tahun","waktu_utc":null,"sumber":"pvmbg-lapangan","tipe":null,"desa":null,"kecamatan":null,"kab_kode":"32.03","kab_nama":"Kabupaten Cianjur","provinsi":"Jawa Barat"}},{"type":"Feature","geometry":{"type":"Point","coordinates":[107.9913,-6.8211]},"properties":{"id":"pvmbg:520_2020:2020-01-01:0","tanggal":"2020-01-01","presisi_tanggal":"tahun","waktu_utc":null,"sumber":"pvmbg-lapangan","tipe":null,"desa":null,"kecamatan":null,"kab_kode":"32.11","kab_nama":"Kabupaten Sumedang","provinsi":"Jawa Barat"}},{"type":"Feature","geometry":{"type":"Point","coordinates":[110.0108,-7.5997]},"properties":{"id":"pvmbg:613_2020:2020-01-01:0","tanggal":"2020-01-01","presisi_tanggal":"tahun","waktu_utc":null,"sumber":"pvmbg-lapangan","tipe":null,"desa":null,"kecamatan":"Gebang","kab_kode":"33.06","kab_nama":"Kabupaten Purworejo","provinsi":"Jawa Tengah"}},{"type":"Feature","geometry":{"type":"Point","coordinates":[120.0333,-2.5833]},"properties":{"id":"pvmbg:617_2020:2020-01-01:0","tanggal":"2020-01-01","presisi_tanggal":"tahun","waktu_utc":null,"sumber":"pvmbg-lapangan","tipe":null,"desa":null,"kecamatan":null,"kab_kode":"73.22","kab_nama":"Kabupaten Luwu Utara","provinsi":"Sulawesi Selatan"}},{"type":"Feature","geometry":{"type":"Point","coordinates":[107.123,-6.9637]},"properties":{"id":"pvmbg:621_2020:2020-01-01:0","tanggal":"2020-01-01","presisi_tanggal":"tahun","waktu_utc":null,"sumber":"pvmbg-lapangan","tipe":null,"desa":null,"kecamatan":null,"kab_kode":"32.03","kab_nama":"Kabupaten Cianjur","provinsi":"Jawa Barat"}},{"type":"Feature","geometry":{"type":"Point","coordinates":[136.9639,-4.1667]},"properties":{"id":"pvmbg:622_2020:2020-01-01:0","tanggal":"2020-01-01","presisi_tanggal":"tahun","waktu_utc":null,"sumber":"pvmbg-lapangan","tipe":null,"desa":null,"kecamatan":null,"kab_kode":"94.04","kab_nama":"Kabupaten Mimika","provinsi":"Papua Tengah"}},{"type":"Feature","geometry":{"type":"Point","coordinates":[138.35,-4.4167]},"properties":{"id":"pvmbg:623_2020:2020-01-01:0","tanggal":"2020-01-01","presisi_tanggal":"tahun","waktu_utc":null,"sumber":"pvmbg-lapangan","tipe":null,"desa":null,"kecamatan":null,"kab_kode":"95.08","kab_nama":"Kabupaten Nduga","provinsi":"Papua Pegunungan"}},{"type":"Feature","geometry":{"type":"Point","coordinates":[106.5208,-6.5904]},"properties":{"id":"pvmbg:644_2020:2020-01-01:0","tanggal":"2020-01-01","presisi_tanggal":"tahun","waktu_utc":null,"sumber":"pvmbg-lapangan","tipe":null,"desa":null,"kecamatan":"Cigudeg Kab. Bogor","kab_kode":"32.01","kab_nama":"Kabupaten Bogor","provinsi":"Jawa Barat"}},{"type":"Feature","geometry":{"type":"Point","coordinates":[106.5713,-6.597]},"properties":{"id":"pvmbg:645_2020:2020-01-01:0","tanggal":"2020-01-01","presisi_tanggal":"tahun","waktu_utc":null,"sumber":"pvmbg-lapangan","tipe":null,"desa":null,"kecamatan":"Naggung Kab. Bogor","kab_kode":"32.01","kab_nama":"Kabupaten Bogor","provinsi":"Jawa Barat"}},{"type":"Feature","geometry":{"type":"Point","coordinates":[106.5317,-6.597]},"properties":{"id":"pvmbg:645_2020:2020-01-01:1","tanggal":"2020-01-01","presisi_tanggal":"tahun","waktu_utc":null,"sumber":"pvmbg-lapangan","tipe":null,"desa":null,"kecamatan":"Naggung Kab. Bogor","kab_kode":"32.01","kab_nama":"Kabupaten Bogor","provinsi":"Jawa Barat"}},{"type":"Feature","geometry":{"type":"Point","coordinates":[106.8918,-6.4689]},"properties":{"id":"pvmbg:681_2020:2020-01-01:0","tanggal":"2020-01-01","presisi_tanggal":"tahun","waktu_utc":null,"sumber":"pvmbg-lapangan","tipe":null,"desa":null,"kecamatan":null,"kab_kode":"32.01","kab_nama":"Kabupaten Bogor","provinsi":"Jawa Barat"}},{"type":"Feature","geometry":{"type":"Point","coordinates":[106.5824,-6.6255]},"properties":{"id":"pvmbg:684_2020:2020-01-01:0","tanggal":"2020-01-01","presisi_tanggal":"tahun","waktu_utc":null,"sumber":"pvmbg-lapangan","tipe":null,"desa":null,"kecamatan":"Leuwi","kab_kode":"32.01","kab_nama":"Kabupaten Bogor","provinsi":"Jawa Barat"}},{"type":"Feature","geometry":{"type":"Point","coordinates":[106.5961,-6.6069]},"properties":{"id":"pvmbg:684_2020:2020-01-01:1","tanggal":"2020-01-01","presisi_tanggal":"tahun","waktu_utc":null,"sumber":"pvmbg-lapangan","tipe":null,"desa":null,"kecamatan":"Leuwi","kab_kode":"32.01","kab_nama":"Kabupaten Bogor","provinsi":"Jawa Barat"}},{"type":"Feature","geometry":{"type":"Point","coordinates":[106.8983,-6.5876]},"properties":{"id":"pvmbg:700_2020:2020-01-01:0","tanggal":"2020-01-01","presisi_tanggal":"tahun","waktu_utc":null,"sumber":"pvmbg-lapangan","tipe":null,"desa":null,"kecamatan":"Babakan Madang","kab_kode":"32.01","kab_nama":"Kabupaten Bogor","provinsi":"Jawa Barat"}},{"type":"Feature","geometry":{"type":"Point","coordinates":[106.8978,-6.6078]},"properties":{"id":"pvmbg:700_2020:2020-01-01:1","tanggal":"2020-01-01","presisi_tanggal":"tahun","waktu_utc":null,"sumber":"pvmbg-lapangan","tipe":null,"desa":null,"kecamatan":"Babakan Madang","kab_kode":"32.01","kab_nama":"Kabupaten Bogor","provinsi":"Jawa Barat"}},{"type":"Feature","geometry":{"type":"Point","coordinates":[106.9049,-6.6243]},"properties":{"id":"pvmbg:700_2020:2020-01-01:2","tanggal":"2020-01-01","presisi_tanggal":"tahun","waktu_utc":null,"sumber":"pvmbg-lapangan","tipe":null,"desa":null,"kecamatan":"Babakan Madang","kab_kode":"32.01","kab_nama":"Kabupaten Bogor","provinsi":"Jawa Barat"}},{"type":"Feature","geometry":{"type":"Point","coordinates":[106.8936,-6.6206]},"properties":{"id":"pvmbg:700_2020:2020-01-01:3","tanggal":"2020-01-01","presisi_tanggal":"tahun","waktu_utc":null,"sumber":"pvmbg-lapangan","tipe":null,"desa":null,"kecamatan":"Babakan Madang","kab_kode":"32.01","kab_nama":"Kabupaten Bogor","provinsi":"Jawa Barat"}},{"type":"Feature","geometry":{"type":"Point","coordinates":[106.8788,-6.5985]},"properties":{"id":"pvmbg:700_2020:2020-01-01:4","tanggal":"2020-01-01","presisi_tanggal":"tahun","waktu_utc":null,"sumber":"pvmbg-lapangan","tipe":null,"desa":null,"kecamatan":"Babakan Madang","kab_kode":"32.01","kab_nama":"Kabupaten Bogor","provinsi":"Jawa Barat"}},{"type":"Feature","geometry":{"type":"Point","coordinates":[106.9152,-6.4973]},"properties":{"id":"pvmbg:701_2020:2020-01-01:0","tanggal":"2020-01-01","presisi_tanggal":"tahun","waktu_utc":null,"sumber":"pvmbg-lapangan","tipe":null,"desa":null,"kecamatan":"Klapanunggal","kab_kode":"32.01","kab_nama":"Kabupaten Bogor","provinsi":"Jawa Barat"}},{"type":"Feature","geometry":{"type":"Point","coordinates":[106.9149,-6.4842]},"properties":{"id":"pvmbg:701_2020:2020-01-01:1","tanggal":"2020-01-01","presisi_tanggal":"tahun","waktu_utc":null,"sumber":"pvmbg-lapangan","tipe":null,"desa":null,"kecamatan":"Klapanunggal","kab_kode":"32.01","kab_nama":"Kabupaten Bogor","provinsi":"Jawa Barat"}},{"type":"Feature","geometry":{"type":"Point","coordinates":[106.8971,-6.6334]},"properties":{"id":"pvmbg:702_2020:2020-01-01:0","tanggal":"2020-01-01","presisi_tanggal":"tahun","waktu_utc":null,"sumber":"pvmbg-lapangan","tipe":null,"desa":null,"kecamatan":"Sukaraja","kab_kode":"32.01","kab_nama":"Kabupaten Bogor","provinsi":"Jawa Barat"}},{"type":"Feature","geometry":{"type":"Point","coordinates":[106.8387,-6.6052]},"properties":{"id":"pvmbg:702_2020:2020-01-01:1","tanggal":"2020-01-01","presisi_tanggal":"tahun","waktu_utc":null,"sumber":"pvmbg-lapangan","tipe":null,"desa":null,"kecamatan":"Sukaraja","kab_kode":"32.01","kab_nama":"Kabupaten Bogor","provinsi":"Jawa Barat"}},{"type":"Feature","geometry":{"type":"Point","coordinates":[106.6473,-6.5212]},"properties":{"id":"pvmbg:804_2020:2020-01-01:0","tanggal":"2020-01-01","presisi_tanggal":"tahun","waktu_utc":null,"sumber":"pvmbg-lapangan","tipe":null,"desa":null,"kecamatan":null,"kab_kode":"32.01","kab_nama":"Kabupaten Bogor","provinsi":"Jawa Barat"}},{"type":"Feature","geometry":{"type":"Point","coordinates":[107.1378,-6.6851]},"properties":{"id":"pvmbg:182_2020:2020-01-04:0","tanggal":"2020-01-04","presisi_tanggal":"hari","waktu_utc":null,"sumber":"pvmbg-lapangan","tipe":null,"desa":null,"kecamatan":null,"kab_kode":"32.03","kab_nama":"Kabupaten Cianjur","provinsi":"Jawa Barat"}},{"type":"Feature","geometry":{"type":"Point","coordinates":[107.0237,-7.1902]},"properties":{"id":"pvmbg:183_2020:2020-01-07:0","tanggal":"2020-01-07","presisi_tanggal":"hari","waktu_utc":null,"sumber":"pvmbg-lapangan","tipe":null,"desa":null,"kecamatan":null,"kab_kode":"32.03","kab_nama":"Kabupaten Cianjur","provinsi":"Jawa Barat"}},{"type":"Feature","geometry":{"type":"Point","coordinates":[107.8409,-6.9411]},"properties":{"id":"pvmbg:257_2020:2020-01-15:0","tanggal":"2020-01-15","presisi_tanggal":"hari","waktu_utc":null,"sumber":"pvmbg-lapangan","tipe":null,"desa":null,"kecamatan":null,"kab_kode":"32.11","kab_nama":"Kabupaten Sumedang","provinsi":"Jawa Barat"}},{"type":"Feature","geometry":{"type":"Point","coordinates":[107.9034,-6.8792]},"properties":{"id":"pvmbg:257_2020:2020-01-15:1","tanggal":"2020-01-15","presisi_tanggal":"hari","waktu_utc":null,"sumber":"pvmbg-lapangan","tipe":null,"desa":null,"kecamatan":null,"kab_kode":"32.11","kab_nama":"Kabupaten Sumedang","provinsi":"Jawa Barat"}},{"type":"Feature","geometry":{"type":"Point","coordinates":[106.953,-7.2172]},"properties":{"id":"pvmbg:415_2020:2020-01-15:0","tanggal":"2020-01-15","presisi_tanggal":"hari","waktu_utc":null,"sumber":"pvmbg-lapangan","tipe":null,"desa":null,"kecamatan":"Nyalindu","kab_kode":"32.02","kab_nama":"Kabupaten Sukabumi","provinsi":"Jawa Barat"}},{"type":"Feature","geometry":{"type":"Point","coordinates":[106.9489,-7.0109]},"properties":{"id":"pvmbg:415_2020:2020-01-15:1","tanggal":"2020-01-15","presisi_tanggal":"hari","waktu_utc":null,"sumber":"pvmbg-lapangan","tipe":null,"desa":null,"kecamatan":"Nyalindu","kab_kode":"32.02","kab_nama":"Kabupaten Sukabumi","provinsi":"Jawa Barat"}},{"type":"Feature","geometry":{"type":"Point","coordinates":[107.5889,-6.8189]},"properties":{"id":"pvmbg:391_2020:2020-01-19:0","tanggal":"2020-01-19","presisi_tanggal":"hari","waktu_utc":null,"sumber":"pvmbg-lapangan","tipe":null,"desa":null,"kecamatan":null,"kab_kode":"32.17","kab_nama":"Kabupaten Bandung Barat","provinsi":"Jawa Barat"}},{"type":"Feature","geometry":{"type":"Point","coordinates":[107.4178,-6.8819]},"properties":{"id":"pvmbg:392_2020:2020-01-20:0","tanggal":"2020-01-20","presisi_tanggal":"hari","waktu_utc":null,"sumber":"pvmbg-lapangan","tipe":null,"desa":null,"kecamatan":null,"kab_kode":"32.17","kab_nama":"Kabupaten Bandung Barat","provinsi":"Jawa Barat"}},{"type":"Feature","geometry":{"type":"Point","coordinates":[107.903,-6.8787]},"properties":{"id":"magma:CRS20200401145026","tanggal":"2020-01-26","presisi_tanggal":"hari","waktu_utc":"2020-01-26T07:30:00+00:00","sumber":"magma-tanggapan+pvmbg-lapangan","tipe":null,"desa":"Margalaksana","kecamatan":"Sumedang Selatan","kab_kode":"32.11","kab_nama":"Kabupaten Sumedang","provinsi":"Jawa Barat"}},{"type":"Feature","geometry":{"type":"Point","coordinates":[107.8747,-6.8786]},"properties":{"id":"pvmbg:393_2020:2020-01-27:0","tanggal":"2020-01-27","presisi_tanggal":"hari","waktu_utc":null,"sumber":"pvmbg-lapangan","tipe":null,"desa":null,"kecamatan":null,"kab_kode":"32.11","kab_nama":"Kabupaten Sumedang","provinsi":"Jawa Barat"}},{"type":"Feature","geometry":{"type":"Point","coordinates":[107.4608,-7.281]},"properties":{"id":"magma:CRS20200401141601","tanggal":"2020-02-01","presisi_tanggal":"hari","waktu_utc":"2020-01-31T20:00:00+00:00","sumber":"magma-tanggapan","tipe":null,"desa":"Gelarwangi","kecamatan":"Cidaun","kab_kode":"32.03","kab_nama":"Kabupaten Cianjur","provinsi":"Jawa Barat"}},{"type":"Feature","geometry":{"type":"Point","coordinates":[108.1841,-6.9204]},"properties":{"id":"pvmbg:728_2020:2020-02-01:0","tanggal":"2020-02-01","presisi_tanggal":"bulan","waktu_utc":null,"sumber":"pvmbg-lapangan","tipe":null,"desa":null,"kecamatan":null,"kab_kode":"32.11","kab_nama":"Kabupaten Sumedang","provinsi":"Jawa Barat"}},{"type":"Feature","geometry":{"type":"Point","coordinates":[107.946,-6.8485]},"properties":{"id":"pvmbg:731_2020:2020-02-01:0","tanggal":"2020-02-01","presisi_tanggal":"bulan","waktu_utc":null,"sumber":"pvmbg-lapangan","tipe":null,"desa":null,"kecamatan":null,"kab_kode":"32.11","kab_nama":"Kabupaten Sumedang","provinsi":"Jawa Barat"}},{"type":"Feature","geometry":{"type":"Point","coordinates":[111.7078,-7.4978]},"properties":{"id":"magma:CRS20200204213321","tanggal":"2020-02-03","presisi_tanggal":"hari","waktu_utc":"2020-02-03T09:30:00+00:00","sumber":"magma-tanggapan","tipe":null,"desa":"Tulung","kecamatan":"Saradan","kab_kode":"35.19","kab_nama":"Kabupaten Madiun","provinsi":"Jawa Timur"}},{"type":"Feature","geometry":{"type":"Point","coordinates":[119.7484,-2.9566]},"properties":{"id":"magma:CRS20200204214320","tanggal":"2020-02-04","presisi_tanggal":"hari","waktu_utc":"2020-02-03T21:00:00+00:00","sumber":"magma-tanggapan","tipe":null,"desa":"Lembang Limbong Sangpolo","kecamatan":"Kurra","kab_kode":"73.18","kab_nama":"Kabupaten Tana Toraja","provinsi":"Sulawesi Selatan"}},{"type":"Feature","geometry":{"type":"Point","coordinates":[107.9919,-6.821]},"properties":{"id":"magma:CRS20200326143336","tanggal":"2020-02-06","presisi_tanggal":"hari","waktu_utc":"2020-02-06T11:00:00+00:00","sumber":"magma-tanggapan","tipe":null,"desa":"Cipada","kecamatan":"Cisarua","kab_kode":"32.11","kab_nama":"Kabupaten Sumedang","provinsi":"Jawa Barat"}},{"type":"Feature","geometry":{"type":"Point","coordinates":[107.1773,-7.1557]},"properties":{"id":"pvmbg:379_2020:2020-02-07:0","tanggal":"2020-02-07","presisi_tanggal":"hari","waktu_utc":null,"sumber":"pvmbg-lapangan","tipe":null,"desa":null,"kecamatan":"Pagelaran Ci","kab_kode":"32.03","kab_nama":"Kabupaten Cianjur","provinsi":"Jawa Barat"}},{"type":"Feature","geometry":{"type":"Point","coordinates":[106.7519,-6.9811]},"properties":{"id":"pvmbg:416_2020:2020-02-07:0","tanggal":"2020-02-07","presisi_tanggal":"hari","waktu_utc":null,"sumber":"pvmbg-lapangan","tipe":null,"desa":null,"kecamatan":"Warung","kab_kode":"32.02","kab_nama":"Kabupaten Sukabumi","provinsi":"Jawa Barat"}},{"type":"Feature","geometry":{"type":"Point","coordinates":[107.4939,-6.8339]},"properties":{"id":"pvmbg:273_2020:2020-02-11:0","tanggal":"2020-02-11","presisi_tanggal":"hari","waktu_utc":null,"sumber":"pvmbg-lapangan","tipe":null,"desa":null,"kecamatan":null,"kab_kode":"32.17","kab_nama":"Kabupaten Bandung Barat","provinsi":"Jawa Barat"}},{"type":"Feature","geometry":{"type":"Point","coordinates":[107.3227,-6.9613]},"properties":{"id":"pvmbg:406_2022:2020-02-16:0","tanggal":"2020-02-16","presisi_tanggal":"hari","waktu_utc":null,"sumber":"pvmbg-lapangan","tipe":"Longsoran","desa":"Cintaasih","kecamatan":"Cipongkor","kab_kode":"32.17","kab_nama":"Kabupaten Bandung Barat","provinsi":"Jawa Barat"}},{"type":"Feature","geometry":{"type":"Point","coordinates":[111.3643,-8.1394]},"properties":{"id":"pvmbg:411_2020:2020-02-20:0","tanggal":"2020-02-20","presisi_tanggal":"hari","waktu_utc":null,"sumber":"pvmbg-lapangan","tipe":null,"desa":null,"kecamatan":null,"kab_kode":"35.01","kab_nama":"Kabupaten Pacitan","provinsi":"Jawa Timur"}},{"type":"Feature","geometry":{"type":"Point","coordinates":[106.6473,-6.7922]},"properties":{"id":"pvmbg:627_2020:2020-03-01:0","tanggal":"2020-03-01","presisi_tanggal":"bulan","waktu_utc":null,"sumber":"pvmbg-lapangan","tipe":null,"desa":null,"kecamatan":"Ka","kab_kode":"32.02","kab_nama":"Kabupaten Sukabumi","provinsi":"Jawa Barat"}},{"type":"Feature","geometry":{"type":"Point","coordinates":[106.6399,-6.7831]},"properties":{"id":"pvmbg:6282_2020:2020-03-01:0","tanggal":"2020-03-01","presisi_tanggal":"bulan","waktu_utc":null,"sumber":"pvmbg-lapangan","tipe":null,"desa":null,"kecamatan":"Kaban","kab_kode":"32.02","kab_nama":"Kabupaten Sukabumi","provinsi":"Jawa Barat"}},{"type":"Feature","geometry":{"type":"Point","coordinates":[107.9699,-6.8314]},"properties":{"id":"pvmbg:729_2020:2020-03-01:0","tanggal":"2020-03-01","presisi_tanggal":"bulan","waktu_utc":null,"sumber":"pvmbg-lapangan","tipe":null,"desa":null,"kecamatan":null,"kab_kode":"32.11","kab_nama":"Kabupaten Sumedang","provinsi":"Jawa Barat"}},{"type":"Feature","geometry":{"type":"Point","coordinates":[110.3592,-7.7925]},"properties":{"id":"magma:CRS20200324140124","tanggal":"2020-03-11","presisi_tanggal":"hari","waktu_utc":"2020-03-11T09:00:00+00:00","sumber":"magma-tanggapan","tipe":null,"desa":"Pringgokusuman","kecamatan":"Gedong Tengen","kab_kode":"34.71","kab_nama":"Kota Yogyakarta","provinsi":"Daerah Istimewa Yogyakarta"}},{"type":"Feature","geometry":{"type":"Point","coordinates":[107.6422,-7.4621]},"properties":{"id":"magma:CRS20200324141037","tanggal":"2020-03-11","presisi_tanggal":"hari","waktu_utc":"2020-03-11T09:00:00+00:00","sumber":"magma-tanggapan","tipe":null,"desa":"Pasirlangu","kecamatan":"Pakenjeng","kab_kode":"32.05","kab_nama":"Kabupaten Garut","provinsi":"Jawa Barat"}},{"type":"Feature","geometry":{"type":"Point","coordinates":[114.8983,-8.3837]},"properties":{"id":"magma:CRS20200331200437","tanggal":"2020-03-17","presisi_tanggal":"hari","waktu_utc":"2020-03-17T13:39:00+00:00","sumber":"magma-tanggapan","tipe":null,"desa":"Manggissari","kecamatan":"Pekutatan","kab_kode":"51.01","kab_nama":"Kabupaten Jembrana","provinsi":"Bali"}},{"type":"Feature","geometry":{"type":"Point","coordinates":[113.4508,-8.1445]},"properties":{"id":"magma:CRS20200331200644","tanggal":"2020-03-17","presisi_tanggal":"hari","waktu_utc":"2020-03-17T11:00:00+00:00","sumber":"magma-tanggapan","tipe":null,"desa":"Patemon","kecamatan":"Tanggul","kab_kode":"35.09","kab_nama":"Kabupaten Jember","provinsi":"Jawa Timur"}},{"type":"Feature","geometry":{"type":"Point","coordinates":[106.7544,-6.5617]},"properties":{"id":"magma:CRS20200331200852","tanggal":"2020-03-17","presisi_tanggal":"hari","waktu_utc":"2020-03-17T11:30:00+00:00","sumber":"magma-tanggapan","tipe":null,"desa":"Bubulak","kecamatan":"Bogor Barat","kab_kode":"32.71","kab_nama":"Kota Bogor","provinsi":"Jawa Barat"}},{"type":"Feature","geometry":{"type":"Point","coordinates":[106.8149,-6.5789]},"properties":{"id":"magma:CRS20200331201112","tanggal":"2020-03-17","presisi_tanggal":"hari","waktu_utc":"2020-03-17T11:00:00+00:00","sumber":"magma-tanggapan","tipe":null,"desa":"Tegalgundil","kecamatan":"Bogor Utara","kab_kode":"32.71","kab_nama":"Kota Bogor","provinsi":"Jawa Barat"}},{"type":"Feature","geometry":{"type":"Point","coordinates":[106.8223,-6.5799]},"properties":{"id":"magma:CRS20200331201406","tanggal":"2020-03-17","presisi_tanggal":"hari","waktu_utc":"2020-03-17T11:00:00+00:00","sumber":"magma-tanggapan","tipe":null,"desa":"Tanahbaru","kecamatan":"Bogor Utara","kab_kode":"32.71","kab_nama":"Kota Bogor","provinsi":"Jawa Barat"}},{"type":"Feature","geometry":{"type":"Point","coordinates":[110.7242,-7.2768]},"properties":{"id":"magma:CRS20200331105253","tanggal":"2020-03-18","presisi_tanggal":"hari","waktu_utc":"2020-03-17T23:00:00+00:00","sumber":"magma-tanggapan","tipe":null,"desa":"Kemusu","kecamatan":"Kemusu","kab_kode":"33.09","kab_nama":"Kabupaten Boyolali","provinsi":"Jawa Tengah"}},{"type":"Feature","geometry":{"type":"Point","coordinates":[110.4873,-7.4886]},"properties":{"id":"magma:CRS20200331195756","tanggal":"2020-03-18","presisi_tanggal":"hari","waktu_utc":"2020-03-18T11:00:00+00:00","sumber":"magma-tanggapan","tipe":null,"desa":"Senden","kecamatan":"Selo","kab_kode":"33.09","kab_nama":"Kabupaten Boyolali","provinsi":"Jawa Tengah"}},{"type":"Feature","geometry":{"type":"Point","coordinates":[110.5007,-7.479]},"properties":{"id":"magma:CRS20200331195935","tanggal":"2020-03-18","presisi_tanggal":"hari","waktu_utc":"2020-03-18T11:00:00+00:00","sumber":"magma-tanggapan","tipe":null,"desa":"Jeruk","kecamatan":"Selo","kab_kode":"33.09","kab_nama":"Kabupaten Boyolali","provinsi":"Jawa Tengah"}},{"type":"Feature","geometry":{"type":"Point","coordinates":[110.5186,-7.5703]},"properties":{"id":"magma:CRS20200331200133","tanggal":"2020-03-18","presisi_tanggal":"hari","waktu_utc":"2020-03-18T11:00:00+00:00","sumber":"magma-tanggapan","tipe":null,"desa":"Lanjaran","kecamatan":"Musuk","kab_kode":"33.09","kab_nama":"Kabupaten Boyolali","provinsi":"Jawa Tengah"}},{"type":"Feature","geometry":{"type":"Point","coordinates":[109.2014,-7.3916]},"properties":{"id":"magma:CRS20200331201553","tanggal":"2020-03-18","presisi_tanggal":"hari","waktu_utc":"2020-03-17T23:00:00+00:00","sumber":"magma-tanggapan","tipe":null,"desa":"Kedungbanteng","kecamatan":"Kedung Banteng","kab_kode":"33.02","kab_nama":"Kabupaten Banyumas","provinsi":"Jawa Tengah"}},{"type":"Feature","geometry":{"type":"Point","coordinates":[112.4351,-7.8555]},"properties":{"id":"magma:CRS20200331201717","tanggal":"2020-03-18","presisi_tanggal":"hari","waktu_utc":"2020-03-17T23:00:00+00:00","sumber":"magma-tanggapan","tipe":null,"desa":"Sukomulyo","kecamatan":"Pujon","kab_kode":"35.07","kab_nama":"Kabupaten Malang","provinsi":"Jawa Timur"}},{"type":"Feature","geometry":{"type":"Point","coordinates":[111.2994,-7.9098]},"properties":{"id":"magma:CRS20200324144145","tanggal":"2020-03-19","presisi_tanggal":"hari","waktu_utc":"2020-03-19T09:30:00+00:00","sumber":"magma-tanggapan","tipe":null,"desa":"Dayakan","kecamatan":"Badegan","kab_kode":"35.02","kab_nama":"Kabupaten Ponorogo","provinsi":"Jawa Timur"}},{"type":"Feature","geometry":{"type":"Point","coordinates":[107.9136,-7.2867]},"properties":{"id":"pvmbg:120_2021:2020-03-19:0","tanggal":"2020-03-19","presisi_tanggal":"hari","waktu_utc":null,"sumber":"pvmbg-lapangan","tipe":null,"desa":null,"kecamatan":null,"kab_kode":"32.05","kab_nama":"Kabupaten Garut","provinsi":"Jawa Barat"}},{"type":"Feature","geometry":{"type":"Point","coordinates":[107.1962,-6.9306]},"properties":{"id":"magma:CRS20200324071220","tanggal":"2020-03-22","presisi_tanggal":"hari","waktu_utc":"2020-03-21T19:00:00+00:00","sumber":"magma-tanggapan","tipe":null,"desa":"Cibeber","kecamatan":"Cibeber","kab_kode":"32.03","kab_nama":"Kabupaten Cianjur","provinsi":"Jawa Barat"}},{"type":"Feature","geometry":{"type":"Point","coordinates":[105.2999,-5.438]},"properties":{"id":"magma:CRS20200330150112","tanggal":"2020-03-27","presisi_tanggal":"hari","waktu_utc":"2020-03-26T21:00:00+00:00","sumber":"magma-tanggapan","tipe":null,"desa":"Ketapang","kecamatan":"Panjang","kab_kode":"18.71","kab_nama":"Kota Bandar Lampung","provinsi":"Lampung"}},{"type":"Feature","geometry":{"type":"Point","coordinates":[108.7185,-7.4141]},"properties":{"id":"magma:CRS20200331100303","tanggal":"2020-03-29","presisi_tanggal":"hari","waktu_utc":"2020-03-29T08:00:00+00:00","sumber":"magma-tanggapan","tipe":null,"desa":"Cilongkrang","kecamatan":"Wanareja","kab_kode":"33.01","kab_nama":"Kabupaten Cilacap","provinsi":"Jawa Tengah"}},{"type":"Feature","geometry":{"type":"Point","coordinates":[107.5298,-6.872]},"properties":{"id":"magma:CRS20200331131246","tanggal":"2020-03-29","presisi_tanggal":"hari","waktu_utc":"2020-03-29T15:10:00+00:00","sumber":"magma-tanggapan","tipe":null,"desa":"Padasuka","kecamatan":"Cimahi Tengah","kab_kode":"32.77","kab_nama":"Kota Cimahi","provinsi":"Jawa Barat"}},{"type":"Feature","geometry":{"type":"Point","coordinates":[107.5416,-6.851]},"properties":{"id":"magma:CRS20200331144838","tanggal":"2020-03-29","presisi_tanggal":"hari","waktu_utc":"2020-03-29T15:10:00+00:00","sumber":"magma-tanggapan","tipe":null,"desa":"Cipageran","kecamatan":"Cimahi Utara","kab_kode":"32.77","kab_nama":"Kota Cimahi","provinsi":"Jawa Barat"}},{"type":"Feature","geometry":{"type":"Point","coordinates":[121.2283,-2.744]},"properties":{"id":"magma:CRS20200331145636","tanggal":"2020-03-30","presisi_tanggal":"hari","waktu_utc":"2020-03-30T14:30:00+00:00","sumber":"magma-tanggapan","tipe":null,"desa":"Laskap","kecamatan":"Malili","kab_kode":"73.24","kab_nama":"Kabupaten Luwu Timur","provinsi":"Sulawesi Selatan"}},{"type":"Feature","geometry":{"type":"Point","coordinates":[104.8163,-5.5661]},"properties":{"id":"magma:CRS20200331145939","tanggal":"2020-03-30","presisi_tanggal":"hari","waktu_utc":"2020-03-30T10:29:00+00:00","sumber":"magma-tanggapan","tipe":null,"desa":"Pariaman","kecamatan":"Limau","kab_kode":"18.06","kab_nama":"Kabupaten Tanggamus","provinsi":"Lampung"}},{"type":"Feature","geometry":{"type":"Point","coordinates":[106.7854,-6.8736]},"properties":{"id":"magma:CRS20200331153301","tanggal":"2020-03-30","presisi_tanggal":"hari","waktu_utc":"2020-03-30T08:30:00+00:00","sumber":"magma-tanggapan","tipe":null,"desa":"Cisarua","kecamatan":"Nagrak","kab_kode":"32.02","kab_nama":"Kabupaten Sukabumi","provinsi":"Jawa Barat"}},{"type":"Feature","geometry":{"type":"Point","coordinates":[107.5017,-6.8538]},"properties":{"id":"magma:CRS20200401175642","tanggal":"2020-03-31","presisi_tanggal":"hari","waktu_utc":"2020-03-31T10:00:00+00:00","sumber":"magma-tanggapan","tipe":null,"desa":"Margajaya","kecamatan":"Ngamprah","kab_kode":"32.17","kab_nama":"Kabupaten Bandung Barat","provinsi":"Jawa Barat"}},{"type":"Feature","geometry":{"type":"Point","coordinates":[105.1142,-5.6043]},"properties":{"id":"magma:CRS20200401181845","tanggal":"2020-03-31","presisi_tanggal":"hari","waktu_utc":"2020-03-31T10:23:00+00:00","sumber":"magma-tanggapan","tipe":null,"desa":"Padang Cermin","kecamatan":"Padang Cermin","kab_kode":"18.09","kab_nama":"Kabupaten Pesawaran","provinsi":"Lampung"}},{"type":"Feature","geometry":{"type":"Point","coordinates":[107.5002,-6.6009]},"properties":{"id":"magma:CRS20200401182125","tanggal":"2020-03-31","presisi_tanggal":"hari","waktu_utc":"2020-03-31T10:00:00+00:00","sumber":"magma-tanggapan","tipe":null,"desa":"Parakansalam","kecamatan":"Pondok Salam","kab_kode":"32.14","kab_nama":"Kabupaten Purwakarta","provinsi":"Jawa Barat"}},{"type":"Feature","geometry":{"type":"Point","coordinates":[119.4876,-3.136]},"properties":{"id":"magma:CRS20200403132120","tanggal":"2020-03-31","presisi_tanggal":"hari","waktu_utc":"2020-03-31T06:26:00+00:00","sumber":"magma-tanggapan","tipe":null,"desa":"Nosu","kecamatan":"Nosu","kab_kode":"76.03","kab_nama":"Kabupaten Mamasa","provinsi":"Sulawesi Barat"}},{"type":"Feature","geometry":{"type":"Point","coordinates":[110.1298,-7.4365]},"properties":{"id":"magma:CRS20200403142511","tanggal":"2020-03-31","presisi_tanggal":"hari","waktu_utc":"2020-03-31T04:30:00+00:00","sumber":"magma-tanggapan","tipe":null,"desa":"Balerejo","kecamatan":"Kaliangkrik","kab_kode":"33.08","kab_nama":"Kabupaten Magelang","provinsi":"Jawa Tengah"}},{"type":"Feature","geometry":{"type":"Point","coordinates":[107.644,-6.8582]},"properties":{"id":"magma:CRS20200402110459","tanggal":"2020-04-01","presisi_tanggal":"hari","waktu_utc":"2020-04-01T14:30:00+00:00","sumber":"magma-tanggapan","tipe":null,"desa":"Lembang Mesakada","kecamatan":"Lembang","kab_kode":"32.04","kab_nama":"Kabupaten Bandung","provinsi":"Jawa Barat"}},{"type":"Feature","geometry":{"type":"Point","coordinates":[107.4825,-6.982]},"properties":{"id":"magma:CRS20200403114015","tanggal":"2020-04-01","presisi_tanggal":"hari","waktu_utc":"2020-03-31T22:00:00+00:00","sumber":"magma-tanggapan","tipe":null,"desa":"Kidangpananjung","kecamatan":"Cililin","kab_kode":"32.17","kab_nama":"Kabupaten Bandung Barat","provinsi":"Jawa Barat"}},{"type":"Feature","geometry":{"type":"Point","coordinates":[107.4825,-6.982]},"properties":{"id":"magma:CRS20200403123343","tanggal":"2020-04-01","presisi_tanggal":"hari","waktu_utc":"2020-03-31T22:00:00+00:00","sumber":"magma-tanggapan+pvmbg-lapangan","tipe":null,"desa":"Kidangpananjung","kecamatan":"Cililin","kab_kode":"32.17","kab_nama":"Kabupaten Bandung Barat","provinsi":"Jawa Barat"}},{"type":"Feature","geometry":{"type":"Point","coordinates":[107.9384,-7.3411]},"properties":{"id":"magma:CRS20200403125903","tanggal":"2020-04-01","presisi_tanggal":"hari","waktu_utc":"2020-04-01T12:15:00+00:00","sumber":"magma-tanggapan","tipe":null,"desa":"Tenjowaringin","kecamatan":"Salawu","kab_kode":"32.06","kab_nama":"Kabupaten Tasikmalaya","provinsi":"Jawa Barat"}},{"type":"Feature","geometry":{"type":"Point","coordinates":[106.9536,-7.0107]},"properties":{"id":"pvmbg:629_2020:2020-04-01:0","tanggal":"2020-04-01","presisi_tanggal":"bulan","waktu_utc":null,"sumber":"pvmbg-lapangan","tipe":null,"desa":null,"kecamatan":"Nyalind","kab_kode":"32.02","kab_nama":"Kabupaten Sukabumi","provinsi":"Jawa Barat"}},{"type":"Feature","geometry":{"type":"Point","coordinates":[113.3228,-8.0532]},"properties":{"id":"magma:CRS20200403125621","tanggal":"2020-04-02","presisi_tanggal":"hari","waktu_utc":"2020-04-02T03:10:00+00:00","sumber":"magma-tanggapan","tipe":null,"desa":"Randuagung","kecamatan":"Randuagung","kab_kode":"35.08","kab_nama":"Kabupaten Lumajang","provinsi":"Jawa Timur"}},{"type":"Feature","geometry":{"type":"Point","coordinates":[110.4083,-7.0116]},"properties":{"id":"magma:CRS20200403170659","tanggal":"2020-04-02","presisi_tanggal":"hari","waktu_utc":"2020-04-01T23:15:00+00:00","sumber":"magma-tanggapan","tipe":null,"desa":"Gajahmungkur","kecamatan":"Gajah Mungkur","kab_kode":"33.74","kab_nama":"Kota Semarang","provinsi":"Jawa Tengah"}},{"type":"Feature","geometry":{"type":"Point","coordinates":[117.1603,-0.5173]},"properties":{"id":"magma:CRS20200403170940","tanggal":"2020-04-02","presisi_tanggal":"hari","waktu_utc":"2020-04-02T09:00:00+00:00","sumber":"magma-tanggapan","tipe":null,"desa":"Selili","kecamatan":"Samarinda Ilir","kab_kode":"64.72","kab_nama":"Kota Samarinda","provinsi":"Kalimantan Timur"}},{"type":"Feature","geometry":{"type":"Point","coordinates":[110.106,-7.2815]},"properties":{"id":"magma:CRS20200403171102","tanggal":"2020-04-02","presisi_tanggal":"hari","waktu_utc":"2020-04-02T08:00:00+00:00","sumber":"magma-tanggapan","tipe":null,"desa":"Parakan Wetan","kecamatan":"Parakan","kab_kode":"33.23","kab_nama":"Kabupaten Temanggung","provinsi":"Jawa Tengah"}},{"type":"Feature","geometry":{"type":"Point","coordinates":[108.3475,-7.2932]},"properties":{"id":"magma:CRS20200403171248","tanggal":"2020-04-02","presisi_tanggal":"hari","waktu_utc":"2020-04-02T09:00:00+00:00","sumber":"magma-tanggapan","tipe":null,"desa":"Saguling","kecamatan":"Baregbeg","kab_kode":"32.07","kab_nama":"Kabupaten Ciamis","provinsi":"Jawa Barat"}},{"type":"Feature","geometry":{"type":"Point","coordinates":[113.3764,-8.0855]},"properties":{"id":"magma:CRS20200403171448","tanggal":"2020-04-02","presisi_tanggal":"hari","waktu_utc":"2020-04-02T11:00:00+00:00","sumber":"magma-tanggapan","tipe":null,"desa":"Jatiroto","kecamatan":"Sumber Baru","kab_kode":"35.09","kab_nama":"Kabupaten Jember","provinsi":"Jawa Timur"}},{"type":"Feature","geometry":{"type":"Point","coordinates":[107.6546,-6.8279]},"properties":{"id":"pvmbg:662_2020:2020-04-02:0","tanggal":"2020-04-02","presisi_tanggal":"hari","waktu_utc":null,"sumber":"pvmbg-lapangan","tipe":null,"desa":null,"kecamatan":null,"kab_kode":"32.17","kab_nama":"Kabupaten Bandung Barat","provinsi":"Jawa Barat"}},{"type":"Feature","geometry":{"type":"Point","coordinates":[108.1162,-7.246]},"properties":{"id":"magma:CRS20200404191921","tanggal":"2020-04-03","presisi_tanggal":"hari","waktu_utc":"2020-04-03T10:24:00+00:00","sumber":"magma-tanggapan","tipe":null,"desa":"Santanamekar","kecamatan":"Cisayong","kab_kode":"32.06","kab_nama":"Kabupaten Tasikmalaya","provinsi":"Jawa Barat"}},{"type":"Feature","geometry":{"type":"Point","coordinates":[111.684,-7.948]},"properties":{"id":"magma:CRS20200405123437","tanggal":"2020-04-04","presisi_tanggal":"hari","waktu_utc":"2020-04-04T10:01:00+00:00","sumber":"magma-tanggapan","tipe":null,"desa":"Surenlor","kecamatan":"Bendungan","kab_kode":"35.03","kab_nama":"Kabupaten Trenggalek","provinsi":"Jawa Timur"}},{"type":"Feature","geometry":{"type":"Point","coordinates":[106.9329,-6.9354]},"properties":{"id":"magma:CRS20200405141945","tanggal":"2020-04-04","presisi_tanggal":"hari","waktu_utc":"2020-04-04T09:30:00+00:00","sumber":"magma-tanggapan","tipe":null,"desa":"Citamiang","kecamatan":"Citamiang","kab_kode":"32.72","kab_nama":"Kota Sukabumi","provinsi":"Jawa Barat"}},{"type":"Feature","geometry":{"type":"Point","coordinates":[119.8708,-3.028]},"properties":{"id":"magma:CRS20200406124523","tanggal":"2020-04-04","presisi_tanggal":"hari","waktu_utc":"2020-04-04T14:10:00+00:00","sumber":"magma-tanggapan","tipe":null,"desa":"Kelurahan Tambunan","kecamatan":"Makale Utara","kab_kode":"73.26","kab_nama":"Kabupaten Toraja Utara","provinsi":"Sulawesi Selatan"}},{"type":"Feature","geometry":{"type":"Point","coordinates":[120.0781,-3.4257]},"properties":{"id":"magma:CRS20200406134559","tanggal":"2020-04-04","presisi_tanggal":"hari","waktu_utc":"2020-04-04T08:30:00+00:00","sumber":"magma-tanggapan","tipe":null,"desa":"Pajang","kecamatan":"Latimojong","kab_kode":"73.17","kab_nama":"Kabupaten Luwu","provinsi":"Sulawesi Selatan"}},{"type":"Feature","geometry":{"type":"Point","coordinates":[119.7947,-3.1573]},"properties":{"id":"magma:CRS20200406140001","tanggal":"2020-04-04","presisi_tanggal":"hari","waktu_utc":"2020-04-04T16:00:00+00:00","sumber":"magma-tanggapan","tipe":null,"desa":"Lembang Randan Batu","kecamatan":"Makale Selatan","kab_kode":"73.18","kab_nama":"Kabupaten Tana Toraja","provinsi":"Sulawesi Selatan"}},{"type":"Feature","geometry":{"type":"Point","coordinates":[120.0781,-3.4257]},"properties":{"id":"magma:CRS20200406181840","tanggal":"2020-04-04","presisi_tanggal":"hari","waktu_utc":"2020-04-04T09:30:00+00:00","sumber":"magma-tanggapan","tipe":null,"desa":"Pajang","kecamatan":"Latimojong","kab_kode":"73.17","kab_nama":"Kabupaten Luwu","provinsi":"Sulawesi Selatan"}},{"type":"Feature","geometry":{"type":"Point","coordinates":[119.786,-3.0718]},"properties":{"id":"magma:CRS20200407091940","tanggal":"2020-04-04","presisi_tanggal":"hari","waktu_utc":"2020-04-04T12:00:00+00:00","sumber":"magma-tanggapan","tipe":null,"desa":"Lembang Buri","kecamatan":"Rembon","kab_kode":"73.18","kab_nama":"Kabupaten Tana Toraja","provinsi":"Sulawesi Selatan"}},{"type":"Feature","geometry":{"type":"Point","coordinates":[100.4509,-0.6194]},"properties":{"id":"magma:CRS20200406131420","tanggal":"2020-04-05","presisi_tanggal":"hari","waktu_utc":"2020-04-04T20:00:00+00:00","sumber":"magma-tanggapan","tipe":null,"desa":"Guguak Malalo","kecamatan":"Batipuh Selatan","kab_kode":"13.04","kab_nama":"Kabupaten Tanah Datar","provinsi":"Sumatera Barat"}},{"type":"Feature","geometry":{"type":"Point","coordinates":[108.0065,-7.5071]},"properties":{"id":"magma:CRS20200407102533","tanggal":"2020-04-05","presisi_tanggal":"hari","waktu_utc":"2020-04-05T11:20:00+00:00","sumber":"magma-tanggapan","tipe":null,"desa":"Cukangjayaguna","kecamatan":"Sodonghilir","kab_kode":"32.06","kab_nama":"Kabupaten Tasikmalaya","provinsi":"Jawa Barat"}},{"type":"Feature","geometry":{"type":"Point","coordinates":[106.7559,-6.854]},"properties":{"id":"magma:CRS20200407144624","tanggal":"2020-04-05","presisi_tanggal":"hari","waktu_utc":"2020-04-05T13:00:00+00:00","sumber":"magma-tanggapan","tipe":null,"desa":"Sundawenang","kecamatan":"Parung Kuda","kab_kode":"32.02","kab_nama":"Kabupaten Sukabumi","provinsi":"Jawa Barat"}},{"type":"Feature","geometry":{"type":"Point","coordinates":[106.7898,-6.581]},"properties":{"id":"magma:CRS20200407153802","tanggal":"2020-04-05","presisi_tanggal":"hari","waktu_utc":"2020-04-05T05:00:00+00:00","sumber":"magma-tanggapan","tipe":null,"desa":"Ciwaringin","kecamatan":"Bogor Tengah","kab_kode":"32.71","kab_nama":"Kota Bogor","provinsi":"Jawa Barat"}},{"type":"Feature","geometry":{"type":"Point","coordinates":[107.8791,-6.8177]},"properties":{"id":"magma:CRS20200407162654","tanggal":"2020-04-06","presisi_tanggal":"hari","waktu_utc":"2020-04-06T07:10:00+00:00","sumber":"magma-tanggapan","tipe":null,"desa":"Sukamaju","kecamatan":"Rancakalong","kab_kode":"32.11","kab_nama":"Kabupaten Sumedang","provinsi":"Jawa Barat"}},{"type":"Feature","geometry":{"type":"Point","coordinates":[115.1356,-8.398]},"properties":{"id":"magma:CRS20200407164252","tanggal":"2020-04-06","presisi_tanggal":"hari","waktu_utc":"2020-04-06T06:00:00+00:00","sumber":"magma-tanggapan","tipe":null,"desa":"Mengeste","kecamatan":"Penebel","kab_kode":"51.02","kab_nama":"Kabupaten Tabanan","provinsi":"Bali"}},{"type":"Feature","geometry":{"type":"Point","coordinates":[120.0376,-1.4721]},"properties":{"id":"magma:CRS20200407170341","tanggal":"2020-04-06","presisi_tanggal":"hari","waktu_utc":"2020-04-06T10:00:00+00:00","sumber":"magma-tanggapan","tipe":null,"desa":"Sungku","kecamatan":"Kulawi","kab_kode":"72.10","kab_nama":"Kabupaten Sigi","provinsi":"Sulawesi Tengah"}},{"type":"Feature","geometry":{"type":"Point","coordinates":[103.1855,-4.0298]},"properties":{"id":"magma:CRS20200408163419","tanggal":"2020-04-06","presisi_tanggal":"hari","waktu_utc":"2020-04-06T10:30:00+00:00","sumber":"magma-tanggapan","tipe":null,"desa":"Dempo Makmur","kecamatan":"Pagar Alam Utara","kab_kode":"16.72","kab_nama":"Kota Pagar Alam","provinsi":"Sumatera Selatan"}},{"type":"Feature","geometry":{"type":"Point","coordinates":[110.93,-8.19]},"properties":{"id":"magma:CRS20200408195319","tanggal":"2020-04-07","presisi_tanggal":"hari","waktu_utc":"2020-04-06T21:00:00+00:00","sumber":"magma-tanggapan","tipe":null,"desa":"Kalak","kecamatan":"Donorojo","kab_kode":"35.01","kab_nama":"Kabupaten Pacitan","provinsi":"Jawa Timur"}},{"type":"Feature","geometry":{"type":"Point","coordinates":[119.874,-2.951]},"properties":{"id":"magma:CRS20200409085548","tanggal":"2020-04-07","presisi_tanggal":"hari","waktu_utc":"2020-04-07T15:00:00+00:00","sumber":"magma-tanggapan","tipe":null,"desa":"Lembang Sereale","kecamatan":"Tikala","kab_kode":"73.26","kab_nama":"Kabupaten Toraja Utara","provinsi":"Sulawesi Selatan"}},{"type":"Feature","geometry":{"type":"Point","coordinates":[110.2385,-7.2818]},"properties":{"id":"magma:CRS20200410202318","tanggal":"2020-04-07","presisi_tanggal":"hari","waktu_utc":"2020-04-07T14:00:00+00:00","sumber":"magma-tanggapan","tipe":null,"desa":"Gandon","kecamatan":"Kaloran","kab_kode":"33.23","kab_nama":"Kabupaten Temanggung","provinsi":"Jawa Tengah"}},{"type":"Feature","geometry":{"type":"Point","coordinates":[119.5727,-2.9678]},"properties":{"id":"magma:CRS20200410224436","tanggal":"2020-04-07","presisi_tanggal":"hari","waktu_utc":"2020-04-07T15:10:00+00:00","sumber":"magma-tanggapan","tipe":null,"desa":"Tabang","kecamatan":"Tabang","kab_kode":"73.18","kab_nama":"Kabupaten Tana Toraja","provinsi":"Sulawesi Selatan"}},{"type":"Feature","geometry":{"type":"Point","coordinates":[108.1992,-7.124]},"properties":{"id":"magma:CRS20200410053710","tanggal":"2020-04-08","presisi_tanggal":"hari","waktu_utc":"2020-04-07T22:00:00+00:00","sumber":"magma-tanggapan","tipe":null,"desa":"Puteran","kecamatan":"Pagerageung","kab_kode":"32.06","kab_nama":"Kabupaten Tasikmalaya","provinsi":"Jawa Barat"}},{"type":"Feature","geometry":{"type":"Point","coordinates":[112.7097,-7.8453]},"properties":{"id":"magma:CRS20200410192711","tanggal":"2020-04-08","presisi_tanggal":"hari","waktu_utc":"2020-04-08T15:10:00+00:00","sumber":"magma-tanggapan","tipe":null,"desa":"Lawang","kecamatan":"Lawang","kab_kode":"35.07","kab_nama":"Kabupaten Malang","provinsi":"Jawa Timur"}},{"type":"Feature","geometry":{"type":"Point","coordinates":[112.4977,-7.8698]},"properties":{"id":"magma:CRS20200410200343","tanggal":"2020-04-08","presisi_tanggal":"hari","waktu_utc":"2020-04-08T03:10:00+00:00","sumber":"magma-tanggapan","tipe":null,"desa":"Songgokerto","kecamatan":"Batu","kab_kode":"35.79","kab_nama":"Kota Batu","provinsi":"Jawa Timur"}},{"type":"Feature","geometry":{"type":"Point","coordinates":[103.9521,-4.5161]},"properties":{"id":"magma:CRS20200410181004","tanggal":"2020-04-09","presisi_tanggal":"hari","waktu_utc":"2020-04-09T03:10:00+00:00","sumber":"magma-tanggapan","tipe":null,"desa":"Madura","kecamatan":"Buay Sandang Aji","kab_kode":"16.09","kab_nama":"Kabupaten Ogan Komering Ulu Selatan","provinsi":"Sumatera Selatan"}},{"type":"Feature","geometry":{"type":"Point","coordinates":[107.1189,-7.0965]},"properties":{"id":"magma:CRS20200410201010","tanggal":"2020-04-09","presisi_tanggal":"hari","waktu_utc":"2020-04-09T10:00:00+00:00","sumber":"magma-tanggapan","tipe":null,"desa":"Sukanagara","kecamatan":"Sukanagara","kab_kode":"32.03","kab_nama":"Kabupaten Cianjur","provinsi":"Jawa Barat"}},{"type":"Feature","geometry":{"type":"Point","coordinates":[107.8613,-6.8955]},"properties":{"id":"magma:CRS20200410204359","tanggal":"2020-04-09","presisi_tanggal":"hari","waktu_utc":"2020-04-09T08:00:00+00:00","sumber":"magma-tanggapan","tipe":null,"desa":"Cimarias","kecamatan":"Pamulihan","kab_kode":"32.11","kab_nama":"Kabupaten Sumedang","provinsi":"Jawa Barat"}},{"type":"Feature","geometry":{"type":"Point","coordinates":[108.481,-7.1356]},"properties":{"id":"magma:CRS20200410205956","tanggal":"2020-04-09","presisi_tanggal":"hari","waktu_utc":"2020-04-09T15:00:00+00:00","sumber":"magma-tanggapan","tipe":null,"desa":"Sukajaya","kecamatan":"Rajadesa","kab_kode":"32.07","kab_nama":"Kabupaten Ciamis","provinsi":"Jawa Barat"}},{"type":"Feature","geometry":{"type":"Point","coordinates":[111.1869,-7.1377]},"properties":{"id":"magma:CRS20200410210635","tanggal":"2020-04-09","presisi_tanggal":"hari","waktu_utc":"2020-04-08T19:10:00+00:00","sumber":"magma-tanggapan","tipe":null,"desa":"Gabus","kecamatan":"Gabus","kab_kode":"33.15","kab_nama":"Kabupaten Grobogan","provinsi":"Jawa Tengah"}},{"type":"Feature","geometry":{"type":"Point","coordinates":[100.2488,-0.4152]},"properties":{"id":"magma:CRS20200410223725","tanggal":"2020-04-09","presisi_tanggal":"hari","waktu_utc":"2020-04-08T21:00:00+00:00","sumber":"magma-tanggapan","tipe":null,"desa":"Malalak Barat","kecamatan":"Malalak","kab_kode":"13.06","kab_nama":"Kabupaten Agam","provinsi":"Sumatera Barat"}},{"type":"Feature","geometry":{"type":"Point","coordinates":[106.4759,-6.8561]},"properties":{"id":"magma:CRS20200410221340","tanggal":"2020-04-10","presisi_tanggal":"hari","waktu_utc":"2020-04-10T10:00:00+00:00","sumber":"magma-tanggapan","tipe":null,"desa":"Cicadas","kecamatan":"Cisolok","kab_kode":"32.02","kab_nama":"Kabupaten Sukabumi","provinsi":"Jawa Barat"}},{"type":"Feature","geometry":{"type":"Point","coordinates":[108.3562,-7.4797]},"properties":{"id":"magma:CRS20200413143240","tanggal":"2020-04-10","presisi_tanggal":"hari","waktu_utc":"2020-04-10T00:30:00+00:00","sumber":"magma-tanggapan","tipe":null,"desa":"Cisarua","kecamatan":"Cineam","kab_kode":"32.06","kab_nama":"Kabupaten Tasikmalaya","provinsi":"Jawa Barat"}},{"type":"Feature","geometry":{"type":"Point","coordinates":[106.4424,-6.8107]},"properties":{"id":"magma:CRS20200413150507","tanggal":"2020-04-10","presisi_tanggal":"hari","waktu_utc":"2020-04-10T10:30:00+00:00","sumber":"magma-tanggapan","tipe":null,"desa":"Cibeber","kecamatan":"Cibeber","kab_kode":"36.02","kab_nama":"Kabupaten Lebak","provinsi":"Banten"}},{"type":"Feature","geometry":{"type":"Point","coordinates":[108.3623,-7.4708]},"properties":{"id":"magma:CRS20200414185437","tanggal":"2020-04-10","presisi_tanggal":"hari","waktu_utc":"2020-04-10T00:30:00+00:00","sumber":"magma-tanggapan","tipe":null,"desa":"Cisarua","kecamatan":"Cineam","kab_kode":"32.06","kab_nama":"Kabupaten Tasikmalaya","provinsi":"Jawa Barat"}},{"type":"Feature","geometry":{"type":"Point","coordinates":[101.3159,-2.0455]},"properties":{"id":"magma:CRS20200414101950","tanggal":"2020-04-12","presisi_tanggal":"hari","waktu_utc":"2020-04-12T14:00:00+00:00","sumber":"magma-tanggapan","tipe":null,"desa":"Sumur Gedang","kecamatan":"Pesisir Bukit","kab_kode":"15.72","kab_nama":"Kota Sungai Penuh","provinsi":"Jambi"}},{"type":"Feature","geometry":{"type":"Point","coordinates":[112.5126,-7.7952]},"properties":{"id":"magma:CRS20200415152653","tanggal":"2020-04-12","presisi_tanggal":"hari","waktu_utc":"2020-04-12T08:30:00+00:00","sumber":"magma-tanggapan","tipe":null,"desa":"Tulungrejo","kecamatan":"Bumiaji","kab_kode":"35.79","kab_nama":"Kota Batu","provinsi":"Jawa Timur"}},{"type":"Feature","geometry":{"type":"Point","coordinates":[115.1717,-8.6218]},"properties":{"id":"magma:CRS20200415065855","tanggal":"2020-04-13","presisi_tanggal":"hari","waktu_utc":"2020-04-12T18:00:00+00:00","sumber":"magma-tanggapan","tipe":null,"desa":"Dalung","kecamatan":"Kuta Utara","kab_kode":"51.03","kab_nama":"Kabupaten Badung","provinsi":"Bali"}},{"type":"Feature","geometry":{"type":"Point","coordinates":[101.3616,-0.8869]},"properties":{"id":"magma:CRS20200415064921","tanggal":"2020-04-14","presisi_tanggal":"hari","waktu_utc":"2020-04-13T21:00:00+00:00","sumber":"magma-tanggapan","tipe":null,"desa":"Muaro Takung","kecamatan":"Kamang Baru","kab_kode":"13.03","kab_nama":"Kabupaten Sijunjung","provinsi":"Sumatera Barat"}},{"type":"Feature","geometry":{"type":"Point","coordinates":[108.1375,-7.2463]},"properties":{"id":"magma:CRS20200415065059","tanggal":"2020-04-14","presisi_tanggal":"hari","waktu_utc":"2020-04-13T18:00:00+00:00","sumber":"magma-tanggapan","tipe":null,"desa":"Santanamekar","kecamatan":"Cisayong","kab_kode":"32.06","kab_nama":"Kabupaten Tasikmalaya","provinsi":"Jawa Barat"}},{"type":"Feature","geometry":{"type":"Point","coordinates":[107.4413,-6.6398]},"properties":{"id":"magma:CRS20200415111541","tanggal":"2020-04-14","presisi_tanggal":"hari","waktu_utc":"2020-04-14T13:00:00+00:00","sumber":"magma-tanggapan","tipe":null,"desa":"Sukamulya","kecamatan":"Sukatani","kab_kode":"32.14","kab_nama":"Kabupaten Purwakarta","provinsi":"Jawa Barat"}},{"type":"Feature","geometry":{"type":"Point","coordinates":[111.5915,-7.542]},"properties":{"id":"magma:CRS20200416141216","tanggal":"2020-04-15","presisi_tanggal":"hari","waktu_utc":"2020-04-15T11:16:00+00:00","sumber":"magma-tanggapan","tipe":null,"desa":"Kedungjati","kecamatan":"Balerejo","kab_kode":"35.19","kab_nama":"Kabupaten Madiun","provinsi":"Jawa Timur"}},{"type":"Feature","geometry":{"type":"Point","coordinates":[112.5632,-7.6731]},"properties":{"id":"magma:CRS20200416154916","tanggal":"2020-04-15","presisi_tanggal":"hari","waktu_utc":"2020-04-15T11:30:00+00:00","sumber":"magma-tanggapan","tipe":null,"desa":"Claket","kecamatan":"Pacet","kab_kode":"35.16","kab_nama":"Kabupaten Mojokerto","provinsi":"Jawa Timur"}},{"type":"Feature","geometry":{"type":"Point","coordinates":[111.0908,-7.8079]},"properties":{"id":"magma:CRS20200419163154","tanggal":"2020-04-15","presisi_tanggal":"hari","waktu_utc":"2020-04-15T16:00:00+00:00","sumber":"magma-tanggapan","tipe":null,"desa":"Nungkulan","kecamatan":"Girimarto","kab_kode":"33.12","kab_nama":"Kabupaten Wonogiri","provinsi":"Jawa Tengah"}},{"type":"Feature","geometry":{"type":"Point","coordinates":[101.2589,-1.8311]},"properties":{"id":"magma:CRS20200417161813","tanggal":"2020-04-16","presisi_tanggal":"hari","waktu_utc":"2020-04-16T10:00:00+00:00","sumber":"magma-tanggapan","tipe":null,"desa":"Batu Hampar","kecamatan":"Kayu Aro Barat","kab_kode":"15.01","kab_nama":"Kabupaten Kerinci","provinsi":"Jambi"}},{"type":"Feature","geometry":{"type":"Point","coordinates":[107.8999,-7.3349]},"properties":{"id":"magma:CRS20200417165402","tanggal":"2020-04-16","presisi_tanggal":"hari","waktu_utc":"2020-04-16T10:00:00+00:00","sumber":"magma-tanggapan","tipe":null,"desa":"Sukamurni","kecamatan":"Cilawu","kab_kode":"32.05","kab_nama":"Kabupaten Garut","provinsi":"Jawa Barat"}},{"type":"Feature","geometry":{"type":"Point","coordinates":[103.1798,-4.0075]},"properties":{"id":"magma:CRS20200419145853","tanggal":"2020-04-17","presisi_tanggal":"hari","waktu_utc":"2020-04-16T17:20:00+00:00","sumber":"magma-tanggapan","tipe":null,"desa":"Dempo Makmur","kecamatan":"Pagar Alam Utara","kab_kode":"16.72","kab_nama":"Kota Pagar Alam","provinsi":"Sumatera Selatan"}},{"type":"Feature","geometry":{"type":"Point","coordinates":[109.908,-7.187]},"properties":{"id":"magma:CRS20200419170136","tanggal":"2020-04-17","presisi_tanggal":"hari","waktu_utc":"2020-04-17T01:00:00+00:00","sumber":"magma-tanggapan","tipe":null,"desa":"Pranten","kecamatan":"Bawang","kab_kode":"33.25","kab_nama":"Kabupaten Batang","provinsi":"Jawa Tengah"}},{"type":"Feature","geometry":{"type":"Point","coordinates":[102.3865,-3.2663]},"properties":{"id":"magma:CRS20200419173645","tanggal":"2020-04-17","presisi_tanggal":"hari","waktu_utc":"2020-04-17T14:00:00+00:00","sumber":"magma-tanggapan","tipe":null,"desa":"Talang Ratu","kecamatan":"Rimbo Pengadang","kab_kode":"17.07","kab_nama":"Kabupaten Lebong","provinsi":"Bengkulu"}},{"type":"Feature","geometry":{"type":"Point","coordinates":[106.5761,-7.0234]},"properties":{"id":"magma:CRS20200419174743","tanggal":"2020-04-17","presisi_tanggal":"hari","waktu_utc":"2020-04-17T16:00:00+00:00","sumber":"magma-tanggapan","tipe":null,"desa":"Cidadap","kecamatan":"Simpenan","kab_kode":"32.02","kab_nama":"Kabupaten Sukabumi","provinsi":"Jawa Barat"}},{"type":"Feature","geometry":{"type":"Point","coordinates":[97.5626,1.2922]},"properties":{"id":"magma:CRS20200419175518","tanggal":"2020-04-17","presisi_tanggal":"hari","waktu_utc":"2020-04-17T07:00:00+00:00","sumber":"magma-tanggapan","tipe":null,"desa":"Fadoro Hilimbowo","kecamatan":"Gunungsitoli Alo Oa","kab_kode":"12.78","kab_nama":"Kota Gunungsitoli","provinsi":"Sumatera Utara"}},{"type":"Feature","geometry":{"type":"Point","coordinates":[107.5387,-6.7355]},"properties":{"id":"magma:CRS20200420065741","tanggal":"2020-04-17","presisi_tanggal":"hari","waktu_utc":"2020-04-17T11:30:00+00:00","sumber":"magma-tanggapan","tipe":null,"desa":"Bojong","kecamatan":"Bojong","kab_kode":"32.14","kab_nama":"Kabupaten Purwakarta","provinsi":"Jawa Barat"}},{"type":"Feature","geometry":{"type":"Point","coordinates":[101.3828,-1.3725]},"properties":{"id":"magma:CRS20200420065025","tanggal":"2020-04-18","presisi_tanggal":"hari","waktu_utc":"2020-04-18T11:30:00+00:00","sumber":"magma-tanggapan","tipe":null,"desa":"Ranah Pantai Cermin","kecamatan":"Sangir Batang Hari","kab_kode":"13.11","kab_nama":"Kabupaten Solok Selatan","provinsi":"Sumatera Barat"}},{"type":"Feature","geometry":{"type":"Point","coordinates":[100.2993,-0.392]},"properties":{"id":"magma:CRS20200420065223","tanggal":"2020-04-18","presisi_tanggal":"hari","waktu_utc":"2020-04-18T07:00:00+00:00","sumber":"magma-tanggapan","tipe":null,"desa":"Malalak Timur","kecamatan":"Malalak","kab_kode":"13.06","kab_nama":"Kabupaten Agam","provinsi":"Sumatera Barat"}},{"type":"Feature","geometry":{"type":"Point","coordinates":[100.7774,-1.1341]},"properties":{"id":"magma:CRS20200420062756","tanggal":"2020-04-19","presisi_tanggal":"hari","waktu_utc":"2020-04-19T02:00:00+00:00","sumber":"magma-tanggapan","tipe":null,"desa":"Aie Dingin","kecamatan":"Lembah Gumanti","kab_kode":"13.02","kab_nama":"Kabupaten Solok","provinsi":"Sumatera Barat"}},{"type":"Feature","geometry":{"type":"Point","coordinates":[100.7831,-1.0729]},"properties":{"id":"magma:CRS20200420064349","tanggal":"2020-04-19","presisi_tanggal":"hari","waktu_utc":"2020-04-19T02:00:00+00:00","sumber":"magma-tanggapan","tipe":null,"desa":"Alahan Panjang","kecamatan":"Lembah Gumanti","kab_kode":"13.02","kab_nama":"Kabupaten Solok","provinsi":"Sumatera Barat"}},{"type":"Feature","geometry":{"type":"Point","coordinates":[120.3925,-5.4939]},"properties":{"id":"magma:CRS20200420065347","tanggal":"2020-04-19","presisi_tanggal":"hari","waktu_utc":"2020-04-18T23:00:00+00:00","sumber":"magma-tanggapan","tipe":null,"desa":"Caramming","kecamatan":"Bontotiro","kab_kode":"73.02","kab_nama":"Kabupaten Bulukumba","provinsi":"Sulawesi Selatan"}},{"type":"Feature","geometry":{"type":"Point","coordinates":[102.6172,-4.043]},"properties":{"id":"magma:CRS20200420065458","tanggal":"2020-04-19","presisi_tanggal":"hari","waktu_utc":"2020-04-18T23:00:00+00:00","sumber":"magma-tanggapan","tipe":null,"desa":"Puguk","kecamatan":"Seluma Utara","kab_kode":"17.05","kab_nama":"Kabupaten Seluma","provinsi":"Bengkulu"}},{"type":"Feature","geometry":{"type":"Point","coordinates":[100.2993,-0.392]},"properties":{"id":"magma:CRS20200423100954","tanggal":"2020-04-20","presisi_tanggal":"hari","waktu_utc":"2020-04-19T23:30:00+00:00","sumber":"magma-tanggapan","tipe":null,"desa":"Malalak Timur","kecamatan":"Malalak","kab_kode":"13.06","kab_nama":"Kabupaten Agam","provinsi":"Sumatera Barat"}},{"type":"Feature","geometry":{"type":"Point","coordinates":[106.9032,-6.9716]},"properties":{"id":"magma:CRS20200421143353","tanggal":"2020-04-21","presisi_tanggal":"hari","waktu_utc":"2020-04-21T01:37:00+00:00","sumber":"magma-tanggapan","tipe":null,"desa":"Cipanengah","kecamatan":"Lembursitu","kab_kode":"32.72","kab_nama":"Kota Sukabumi","provinsi":"Jawa Barat"}},{"type":"Feature","geometry":{"type":"Point","coordinates":[111.3872,-6.8373]},"properties":{"id":"magma:CRS20200423143828","tanggal":"2020-04-21","presisi_tanggal":"hari","waktu_utc":"2020-04-21T05:00:00+00:00","sumber":"magma-tanggapan","tipe":null,"desa":"Bulu","kecamatan":"Bulu","kab_kode":"33.17","kab_nama":"Kabupaten Rembang","provinsi":"Jawa Tengah"}},{"type":"Feature","geometry":{"type":"Point","coordinates":[107.9013,-6.7925]},"properties":{"id":"magma:CRS20200424124732","tanggal":"2020-04-21","presisi_tanggal":"hari","waktu_utc":"2020-04-21T03:00:00+00:00","sumber":"magma-tanggapan","tipe":null,"desa":"Cipanas","kecamatan":"Tanjungkerta","kab_kode":"32.11","kab_nama":"Kabupaten Sumedang","provinsi":"Jawa Barat"}},{"type":"Feature","geometry":{"type":"Point","coordinates":[107.8791,-6.8177]},"properties":{"id":"magma:CRS20200424130048","tanggal":"2020-04-21","presisi_tanggal":"hari","waktu_utc":"2020-04-21T04:00:00+00:00","sumber":"magma-tanggapan","tipe":null,"desa":"Sukamaju","kecamatan":"Rancakalong","kab_kode":"32.11","kab_nama":"Kabupaten Sumedang","provinsi":"Jawa Barat"}},{"type":"Feature","geometry":{"type":"Point","coordinates":[107.5594,-6.8761]},"properties":{"id":"magma:CRS20200424131427","tanggal":"2020-04-21","presisi_tanggal":"hari","waktu_utc":"2020-04-21T03:00:00+00:00","sumber":"magma-tanggapan","tipe":null,"desa":"Cibabat","kecamatan":"Cimahi Utara","kab_kode":"32.77","kab_nama":"Kota Cimahi","provinsi":"Jawa Barat"}},{"type":"Feature","geometry":{"type":"Point","coordinates":[99.0461,2.0893]},"properties":{"id":"magma:CRS20200423151222","tanggal":"2020-04-22","presisi_tanggal":"hari","waktu_utc":"2020-04-22T07:00:00+00:00","sumber":"magma-tanggapan","tipe":null,"desa":"Onan Runggu I","kecamatan":"Sipahutar","kab_kode":"12.02","kab_nama":"Kabupaten Tapanuli Utara","provinsi":"Sumatera Utara"}},{"type":"Feature","geometry":{"type":"Point","coordinates":[97.93,2.5247]},"properties":{"id":"magma:CRS20200424165816","tanggal":"2020-04-22","presisi_tanggal":"hari","waktu_utc":"2020-04-22T14:30:00+00:00","sumber":"magma-tanggapan","tipe":null,"desa":"Lae Pinang","kecamatan":"Singkohor","kab_kode":"11.10","kab_nama":"Kabupaten Aceh Singkil","provinsi":"Aceh"}},{"type":"Feature","geometry":{"type":"Point","coordinates":[140.7108,-2.5347]},"properties":{"id":"magma:CRS20200424172924","tanggal":"2020-04-24","presisi_tanggal":"hari","waktu_utc":"2020-04-23T20:00:00+00:00","sumber":"magma-tanggapan","tipe":null,"desa":"Bayangkara","kecamatan":"Jayapura Utara","kab_kode":"91.71","kab_nama":"Kota Jayapura","provinsi":"Papua"}},{"type":"Feature","geometry":{"type":"Point","coordinates":[100.2045,-0.4029]},"properties":{"id":"magma:CRS20200427052855","tanggal":"2020-04-24","presisi_tanggal":"hari","waktu_utc":"2020-04-24T11:35:00+00:00","sumber":"magma-tanggapan","tipe":null,"desa":"Tanjung Sari","kecamatan":"Tanjung Raya","kab_kode":"13.06","kab_nama":"Kabupaten Agam","provinsi":"Sumatera Barat"}},{"type":"Feature","geometry":{"type":"Point","coordinates":[122.5627,-3.9544]},"properties":{"id":"magma:CRS20200427062440","tanggal":"2020-04-24","presisi_tanggal":"hari","waktu_utc":"2020-04-23T20:30:00+00:00","sumber":"magma-tanggapan","tipe":null,"desa":"Punggaloba","kecamatan":"Kendari Barat","kab_kode":"74.71","kab_nama":"Kota Kendari","provinsi":"Sulawesi Tenggara"}},{"type":"Feature","geometry":{"type":"Point","coordinates":[100.2656,-0.3735]},"properties":{"id":"magma:CRS20200426163327","tanggal":"2020-04-25","presisi_tanggal":"hari","waktu_utc":"2020-04-25T13:00:00+00:00","sumber":"magma-tanggapan","tipe":null,"desa":"Malalak Utara","kecamatan":"Malalak","kab_kode":"13.06","kab_nama":"Kabupaten Agam","provinsi":"Sumatera Barat"}},{"type":"Feature","geometry":{"type":"Point","coordinates":[100.6534,-0.5632]},"properties":{"id":"magma:CRS20200426164609","tanggal":"2020-04-25","presisi_tanggal":"hari","waktu_utc":"2020-04-25T15:00:00+00:00","sumber":"magma-tanggapan","tipe":null,"desa":"Pasilihan","kecamatan":"X Koto Diatas","kab_kode":"13.02","kab_nama":"Kabupaten Solok","provinsi":"Sumatera Barat"}},{"type":"Feature","geometry":{"type":"Point","coordinates":[119.9856,-5.1779]},"properties":{"id":"magma:CRS20200427060044","tanggal":"2020-04-25","presisi_tanggal":"hari","waktu_utc":"2020-04-25T02:08:00+00:00","sumber":"magma-tanggapan","tipe":null,"desa":"Tabbinjai","kecamatan":"Tombolo Pao","kab_kode":"73.06","kab_nama":"Kabupaten Gowa","provinsi":"Sulawesi Selatan"}},{"type":"Feature","geometry":{"type":"Point","coordinates":[104.0711,-5.0465]},"properties":{"id":"magma:CRS20200430080516","tanggal":"2020-04-27","presisi_tanggal":"hari","waktu_utc":"2020-04-27T10:00:00+00:00","sumber":"magma-tanggapan","tipe":null,"desa":"Kubu Perahu","kecamatan":"Balik Bukit","kab_kode":"18.04","kab_nama":"Kabupaten Lampung Barat","provinsi":"Lampung"}},{"type":"Feature","geometry":{"type":"Point","coordinates":[101.9608,-3.0558]},"properties":{"id":"magma:CRS20200430084130","tanggal":"2020-04-27","presisi_tanggal":"hari","waktu_utc":"2020-04-27T13:00:00+00:00","sumber":"magma-tanggapan","tipe":null,"desa":"Lebong Tandai","kecamatan":"Napal Putih","kab_kode":"17.03","kab_nama":"Kabupaten Bengkulu Utara","provinsi":"Bengkulu"}},{"type":"Feature","geometry":{"type":"Point","coordinates":[100.2993,-0.392]},"properties":{"id":"magma:CRS20200430100751","tanggal":"2020-04-27","presisi_tanggal":"hari","waktu_utc":"2020-04-26T23:00:00+00:00","sumber":"magma-tanggapan","tipe":null,"desa":"Malalak Timur","kecamatan":"Malalak","kab_kode":"13.06","kab_nama":"Kabupaten Agam","provinsi":"Sumatera Barat"}},{"type":"Feature","geometry":{"type":"Point","coordinates":[98.7661,2.8607]},"properties":{"id":"magma:CRS20200430095017","tanggal":"2020-04-28","presisi_tanggal":"hari","waktu_utc":"2020-04-28T15:00:00+00:00","sumber":"magma-tanggapan","tipe":null,"desa":"Parjalangan","kecamatan":"Dolok Pardamean","kab_kode":"12.08","kab_nama":"Kabupaten Simalungun","provinsi":"Sumatera Utara"}},{"type":"Feature","geometry":{"type":"Point","coordinates":[109.5684,-7.3403]},"properties":{"id":"magma:CRS20200430112640","tanggal":"2020-04-28","presisi_tanggal":"hari","waktu_utc":"2020-04-28T08:15:00+00:00","sumber":"magma-tanggapan","tipe":null,"desa":"Karangsari","kecamatan":"Punggelan","kab_kode":"33.04","kab_nama":"Kabupaten Banjarnegara","provinsi":"Jawa Tengah"}},{"type":"Feature","geometry":{"type":"Point","coordinates":[117.4723,0.1676]},"properties":{"id":"magma:CRS20200430114610","tanggal":"2020-04-28","presisi_tanggal":"hari","waktu_utc":"2020-04-28T14:00:00+00:00","sumber":"magma-tanggapan","tipe":null,"desa":"Lok Tuan","kecamatan":"Bontang Utara","kab_kode":"64.74","kab_nama":"Kota Bontang","provinsi":"Kalimantan Timur"}},{"type":"Feature","geometry":{"type":"Point","coordinates":[125.0168,1.2615]},"properties":{"id":"magma:CRS20200430210809","tanggal":"2020-04-29","presisi_tanggal":"hari","waktu_utc":"2020-04-28T19:13:00+00:00","sumber":"magma-tanggapan","tipe":null,"desa":"Kombi","kecamatan":"Kombi","kab_kode":"71.02","kab_nama":"Kabupaten Minahasa","provinsi":"Sulawesi Utara"}},{"type":"Feature","geometry":{"type":"Point","coordinates":[111.2279,-7.7291]},"properties":{"id":"magma:CRS20200430212021","tanggal":"2020-04-29","presisi_tanggal":"hari","waktu_utc":"2020-04-29T13:00:00+00:00","sumber":"magma-tanggapan","tipe":null,"desa":"Gonggang","kecamatan":"Poncol","kab_kode":"35.20","kab_nama":"Kabupaten Magetan","provinsi":"Jawa Timur"}},{"type":"Feature","geometry":{"type":"Point","coordinates":[106.8496,-6.2784]},"properties":{"id":"magma:CRS20200501175911","tanggal":"2020-04-29","presisi_tanggal":"hari","waktu_utc":"2020-04-29T16:00:00+00:00","sumber":"magma-tanggapan","tipe":null,"desa":"Bale Kambang","kecamatan":"Kramat Jati","kab_kode":"31.75","kab_nama":"Kota Administrasi Jakarta Timur","provinsi":"Daerah Khusus Ibukota Jakarta"}},{"type":"Feature","geometry":{"type":"Point","coordinates":[124.8569,1.1093]},"properties":{"id":"magma:CRS20200501173929","tanggal":"2020-04-30","presisi_tanggal":"hari","waktu_utc":"2020-04-30T05:00:00+00:00","sumber":"magma-tanggapan","tipe":null,"desa":"Manembo","kecamatan":"Langowan Selatan","kab_kode":"71.02","kab_nama":"Kabupaten Minahasa","provinsi":"Sulawesi Utara"}},{"type":"Feature","geometry":{"type":"Point","coordinates":[107.6378,-6.895]},"properties":{"id":"magma:CRS20200504185507","tanggal":"2020-05-01","presisi_tanggal":"hari","waktu_utc":"2020-04-30T23:59:00+00:00","sumber":"magma-tanggapan","tipe":null,"desa":"Neglasari","kecamatan":"Cibeunying Kaler","kab_kode":"32.73","kab_nama":"Kota Bandung","provinsi":"Jawa Barat"}},{"type":"Feature","geometry":{"type":"Point","coordinates":[107.5934,-6.8941]},"properties":{"id":"magma:CRS20200504192235","tanggal":"2020-05-01","presisi_tanggal":"hari","waktu_utc":"2020-05-01T12:27:00+00:00","sumber":"magma-tanggapan","tipe":null,"desa":"Sukabungah","kecamatan":"Sukajadi","kab_kode":"32.73","kab_nama":"Kota Bandung","provinsi":"Jawa Barat"}},{"type":"Feature","geometry":{"type":"Point","coordinates":[97.4327,1.2449]},"properties":{"id":"magma:CRS20200504195204","tanggal":"2020-05-01","presisi_tanggal":"hari","waktu_utc":"2020-05-01T15:30:00+00:00","sumber":"magma-tanggapan","tipe":null,"desa":"Hilina A","kecamatan":"Alasa Talu Muzoi","kab_kode":"12.24","kab_nama":"Kabupaten Nias Utara","provinsi":"Sumatera Utara"}},{"type":"Feature","geometry":{"type":"Point","coordinates":[103.1091,-3.6087]},"properties":{"id":"magma:CRS20200504202110","tanggal":"2020-05-01","presisi_tanggal":"hari","waktu_utc":"2020-05-01T13:26:00+00:00","sumber":"magma-tanggapan","tipe":null,"desa":"Ajung","kecamatan":"Tebing Tinggi","kab_kode":"16.11","kab_nama":"Kabupaten Empat Lawang","provinsi":"Sumatera Selatan"}},{"type":"Feature","geometry":{"type":"Point","coordinates":[103.7579,-4.1472]},"properties":{"id":"magma:CRS20200504214945","tanggal":"2020-05-01","presisi_tanggal":"hari","waktu_utc":"2020-05-01T14:53:00+00:00","sumber":"magma-tanggapan","tipe":null,"desa":"Belandang","kecamatan":"Ulu Ogan","kab_kode":"16.01","kab_nama":"Kabupaten Ogan Komering Ulu","provinsi":"Sumatera Selatan"}},{"type":"Feature","geometry":{"type":"Point","coordinates":[138.6138,-3.9773]},"properties":{"id":"magma:CRS20200504222541","tanggal":"2020-05-01","presisi_tanggal":"hari","waktu_utc":"2020-05-01T13:31:00+00:00","sumber":"magma-tanggapan","tipe":null,"desa":"Tigima","kecamatan":"Gelok Beam","kab_kode":"95.07","kab_nama":"Kabupaten Lanny Jaya","provinsi":"Papua Pegunungan"}},{"type":"Feature","geometry":{"type":"Point","coordinates":[107.933,-6.8428]},"properties":{"id":"magma:CRS20200506044708","tanggal":"2020-05-01","presisi_tanggal":"hari","waktu_utc":"2020-05-01T00:00:00+00:00","sumber":"magma-tanggapan","tipe":null,"desa":"Kotakaler","kecamatan":"Sumedang Utara","kab_kode":"32.11","kab_nama":"Kabupaten Sumedang","provinsi":"Jawa Barat"}},{"type":"Feature","geometry":{"type":"Point","coordinates":[102.7824,-3.3896]},"properties":{"id":"magma:CRS20200506120826","tanggal":"2020-05-01","presisi_tanggal":"hari","waktu_utc":"2020-05-01T15:35:00+00:00","sumber":"magma-tanggapan","tipe":null,"desa":"T A K T O I","kecamatan":"Padang Ulak Tanding","kab_kode":"17.02","kab_nama":"Kabupaten Rejang Lebong","provinsi":"Bengkulu"}},{"type":"Feature","geometry":{"type":"Point","coordinates":[120.5509,-1.5945]},"properties":{"id":"magma:CRS20200506121905","tanggal":"2020-05-01","presisi_tanggal":"hari","waktu_utc":"2020-05-01T14:10:00+00:00","sumber":"magma-tanggapan","tipe":null,"desa":"Sangginora","kecamatan":"Poso Pesisir Selatan","kab_kode":"72.02","kab_nama":"Kabupaten Poso","provinsi":"Sulawesi Tengah"}},{"type":"Feature","geometry":{"type":"Point","coordinates":[96.3284,2.3644]},"properties":{"id":"magma:CRS20200506124733","tanggal":"2020-05-01","presisi_tanggal":"hari","waktu_utc":"2020-05-01T15:10:00+00:00","sumber":"magma-tanggapan","tipe":null,"desa":"Kahat","kecamatan":"Teupah Tengah","kab_kode":"11.09","kab_nama":"Kabupaten Simeulue","provinsi":"Aceh"}},{"type":"Feature","geometry":{"type":"Point","coordinates":[106.8031,-6.7422]},"properties":{"id":"magma:CRS20200506173757","tanggal":"2020-05-01","presisi_tanggal":"hari","waktu_utc":"2020-05-01T11:00:00+00:00","sumber":"magma-tanggapan","tipe":null,"desa":"Cigombong","kecamatan":"Cigombong","kab_kode":"32.01","kab_nama":"Kabupaten Bogor","provinsi":"Jawa Barat"}},{"type":"Feature","geometry":{"type":"Point","coordinates":[107.51,-7.0184]},"properties":{"id":"pvmbg:646_2020:2020-05-01:0","tanggal":"2020-05-01","presisi_tanggal":"bulan","waktu_utc":null,"sumber":"pvmbg-lapangan","tipe":null,"desa":null,"kecamatan":"Kut","kab_kode":"32.04","kab_nama":"Kabupaten Bandung","provinsi":"Jawa Barat"}},{"type":"Feature","geometry":{"type":"Point","coordinates":[104.228,-4.9964]},"properties":{"id":"magma:CRS20200503162500","tanggal":"2020-05-02","presisi_tanggal":"hari","waktu_utc":"2020-05-01T22:00:00+00:00","sumber":"magma-tanggapan","tipe":null,"desa":"Bakhu","kecamatan":"Batu Ketulis","kab_kode":"18.04","kab_nama":"Kabupaten Lampung Barat","provinsi":"Lampung"}},{"type":"Feature","geometry":{"type":"Point","coordinates":[108.395,-7.1263]},"properties":{"id":"magma:CRS20200505084445","tanggal":"2020-05-02","presisi_tanggal":"hari","waktu_utc":"2020-05-01T17:05:00+00:00","sumber":"magma-tanggapan","tipe":null,"desa":"Sagalaherang","kecamatan":"Panawangan","kab_kode":"32.07","kab_nama":"Kabupaten Ciamis","provinsi":"Jawa Barat"}},{"type":"Feature","geometry":{"type":"Point","coordinates":[103.4859,-4.2868]},"properties":{"id":"magma:CRS20200506170909","tanggal":"2020-05-02","presisi_tanggal":"hari","waktu_utc":"2020-05-02T12:30:00+00:00","sumber":"magma-tanggapan","tipe":null,"desa":"Cahaya Alam","kecamatan":"Semendo Darat Ulu","kab_kode":"16.03","kab_nama":"Kabupaten Muara Enim","provinsi":"Sumatera Selatan"}},{"type":"Feature","geometry":{"type":"Point","coordinates":[104.1975,-5.0818]},"properties":{"id":"magma:CRS20200504213601","tanggal":"2020-05-03","presisi_tanggal":"hari","waktu_utc":"2020-05-03T02:36:00+00:00","sumber":"magma-tanggapan","tipe":null,"desa":"Pekon Balak","kecamatan":"Batu Brak","kab_kode":"18.04","kab_nama":"Kabupaten Lampung Barat","provinsi":"Lampung"}},{"type":"Feature","geometry":{"type":"Point","coordinates":[104.4782,-5.1983]},"properties":{"id":"magma:CRS20200504220136","tanggal":"2020-05-03","presisi_tanggal":"hari","waktu_utc":"2020-05-03T02:00:00+00:00","sumber":"magma-tanggapan","tipe":null,"desa":"Sirnagalih","kecamatan":"Ulubelu","kab_kode":"18.06","kab_nama":"Kabupaten Tanggamus","provinsi":"Lampung"}},{"type":"Feature","geometry":{"type":"Point","coordinates":[114.6905,-1.0839]},"properties":{"id":"magma:CRS20200504221721","tanggal":"2020-05-03","presisi_tanggal":"hari","waktu_utc":"2020-05-03T03:21:00+00:00","sumber":"magma-tanggapan","tipe":null,"desa":"Lemo I","kecamatan":"Teweh Tengah","kab_kode":"62.05","kab_nama":"Kabupaten Barito Utara","provinsi":"Kalimantan Tengah"}},{"type":"Feature","geometry":{"type":"Point","coordinates":[107.8613,-6.8698]},"properties":{"id":"magma:CRS20200504223403","tanggal":"2020-05-03","presisi_tanggal":"hari","waktu_utc":"2020-05-03T01:00:00+00:00","sumber":"magma-tanggapan","tipe":null,"desa":"Cijeruk","kecamatan":"Pamulihan","kab_kode":"32.11","kab_nama":"Kabupaten Sumedang","provinsi":"Jawa Barat"}},{"type":"Feature","geometry":{"type":"Point","coordinates":[120.4192,-5.0999]},"properties":{"id":"magma:CRS20200504205717","tanggal":"2020-05-04","presisi_tanggal":"hari","waktu_utc":"2020-05-03T18:30:00+00:00","sumber":"magma-tanggapan","tipe":null,"desa":"Pulau Harapan","kecamatan":"Pulau Sembilan","kab_kode":"73.07","kab_nama":"Kabupaten Sinjai","provinsi":"Sulawesi Selatan"}},{"type":"Feature","geometry":{"type":"Point","coordinates":[106.0229,-5.9613]},"properties":{"id":"magma:CRS20200505151354","tanggal":"2020-05-04","presisi_tanggal":"hari","waktu_utc":"2020-05-04T16:00:00+00:00","sumber":"magma-tanggapan","tipe":null,"desa":"Gerem","kecamatan":"Grogol","kab_kode":"36.72","kab_nama":"Kota Cilegon","provinsi":"Banten"}},{"type":"Feature","geometry":{"type":"Point","coordinates":[104.6049,-5.4912]},"properties":{"id":"magma:CRS20200505152132","tanggal":"2020-05-04","presisi_tanggal":"hari","waktu_utc":"2020-05-04T11:30:00+00:00","sumber":"magma-tanggapan","tipe":null,"desa":"Kota Batu","kecamatan":"Kota Agung","kab_kode":"18.06","kab_nama":"Kabupaten Tanggamus","provinsi":"Lampung"}},{"type":"Feature","geometry":{"type":"Point","coordinates":[128.1887,-3.6998]},"properties":{"id":"magma:CRS20200505153057","tanggal":"2020-05-04","presisi_tanggal":"hari","waktu_utc":"2020-05-04T11:00:00+00:00","sumber":"magma-tanggapan","tipe":null,"desa":"Kel Batu Meja","kecamatan":"Sirimau","kab_kode":"81.71","kab_nama":"Kota Ambon","provinsi":"Maluku"}},{"type":"Feature","geometry":{"type":"Point","coordinates":[107.0333,-6.7103]},"properties":{"id":"magma:CRS20200511222041","tanggal":"2020-05-05","presisi_tanggal":"hari","waktu_utc":"2020-05-05T14:45:00+00:00","sumber":"magma-tanggapan","tipe":null,"desa":"Pasirhaur","kecamatan":"Cipanas","kab_kode":"32.03","kab_nama":"Kabupaten Cianjur","provinsi":"Jawa Barat"}},{"type":"Feature","geometry":{"type":"Point","coordinates":[119.3614,-3.3354]},"properties":{"id":"magma:CRS20200511230352","tanggal":"2020-05-05","presisi_tanggal":"hari","waktu_utc":"2020-05-05T11:30:00+00:00","sumber":"magma-tanggapan","tipe":null,"desa":"Kelapa Dua","kecamatan":"Anreapi","kab_kode":"76.04","kab_nama":"Kabupaten Polewali Mandar","provinsi":"Sulawesi Barat"}},{"type":"Feature","geometry":{"type":"Point","coordinates":[106.868,-6.3667]},"properties":{"id":"magma:CRS20200507104222","tanggal":"2020-05-06","presisi_tanggal":"hari","waktu_utc":"2020-05-06T12:00:00+00:00","sumber":"magma-tanggapan","tipe":null,"desa":"Mekarsari","kecamatan":"Cimanggis","kab_kode":"32.76","kab_nama":"Kota Depok","provinsi":"Jawa Barat"}},{"type":"Feature","geometry":{"type":"Point","coordinates":[111.5334,-6.6437]},"properties":{"id":"magma:CRS20200507111424","tanggal":"2020-05-06","presisi_tanggal":"hari","waktu_utc":"2020-05-06T07:51:00+00:00","sumber":"magma-tanggapan","tipe":null,"desa":"Blimbing","kecamatan":"Sluke","kab_kode":"33.17","kab_nama":"Kabupaten Rembang","provinsi":"Jawa Tengah"}},{"type":"Feature","geometry":{"type":"Point","coordinates":[109.7473,-7.2198]},"properties":{"id":"magma:CRS20200507125811","tanggal":"2020-05-06","presisi_tanggal":"hari","waktu_utc":"2020-05-06T12:30:00+00:00","sumber":"magma-tanggapan","tipe":null,"desa":"Wanayasa","kecamatan":"Wanayasa","kab_kode":"33.04","kab_nama":"Kabupaten Banjarnegara","provinsi":"Jawa Tengah"}},{"type":"Feature","geometry":{"type":"Point","coordinates":[109.7473,-7.2198]},"properties":{"id":"magma:CRS20200507130442","tanggal":"2020-05-06","presisi_tanggal":"hari","waktu_utc":"2020-05-06T12:30:00+00:00","sumber":"magma-tanggapan","tipe":null,"desa":"Wanayasa","kecamatan":"Wanayasa","kab_kode":"33.04","kab_nama":"Kabupaten Banjarnegara","provinsi":"Jawa Tengah"}},{"type":"Feature","geometry":{"type":"Point","coordinates":[103.3206,-4.669]},"properties":{"id":"magma:CRS20200509232613","tanggal":"2020-05-09","presisi_tanggal":"hari","waktu_utc":"2020-05-09T03:30:00+00:00","sumber":"magma-tanggapan","tipe":null,"desa":"Tanjung Beringin","kecamatan":"Luas","kab_kode":"17.04","kab_nama":"Kabupaten Kaur","provinsi":"Bengkulu"}},{"type":"Feature","geometry":{"type":"Point","coordinates":[104.3676,-5.3176]},"properties":{"id":"magma:CRS20200511214954","tanggal":"2020-05-09","presisi_tanggal":"hari","waktu_utc":"2020-05-09T02:51:00+00:00","sumber":"magma-tanggapan","tipe":null,"desa":"Banding Agung","kecamatan":"Suoh","kab_kode":"18.04","kab_nama":"Kabupaten Lampung Barat","provinsi":"Lampung"}},{"type":"Feature","geometry":{"type":"Point","coordinates":[111.1444,-7.6312]},"properties":{"id":"magma:CRS20200511220139","tanggal":"2020-05-09","presisi_tanggal":"hari","waktu_utc":"2020-05-09T05:04:00+00:00","sumber":"magma-tanggapan","tipe":null,"desa":"Berjo","kecamatan":"Ngargoyoso","kab_kode":"33.13","kab_nama":"Kabupaten Karanganyar","provinsi":"Jawa Tengah"}},{"type":"Feature","geometry":{"type":"Point","coordinates":[110.395,-7.02]},"properties":{"id":"magma:CRS20200512090927","tanggal":"2020-05-09","presisi_tanggal":"hari","waktu_utc":"2020-05-09T10:00:00+00:00","sumber":"magma-tanggapan","tipe":null,"desa":"Bendan Duwur","kecamatan":"Gajah Mungkur","kab_kode":"33.74","kab_nama":"Kota Semarang","provinsi":"Jawa Tengah"}},{"type":"Feature","geometry":{"type":"Point","coordinates":[103.6642,-4.5841]},"properties":{"id":"magma:CRS20200513195108","tanggal":"2020-05-09","presisi_tanggal":"hari","waktu_utc":"2020-05-09T08:00:00+00:00","sumber":"magma-tanggapan","tipe":null,"desa":"Pagar Agung","kecamatan":"Pulau Beringin","kab_kode":"16.09","kab_nama":"Kabupaten Ogan Komering Ulu Selatan","provinsi":"Sumatera Selatan"}},{"type":"Feature","geometry":{"type":"Point","coordinates":[110.1122,-7.5367]},"properties":{"id":"magma:CRS20200512161446","tanggal":"2020-05-11","presisi_tanggal":"hari","waktu_utc":"2020-05-11T07:05:00+00:00","sumber":"magma-tanggapan","tipe":null,"desa":"Sidosari","kecamatan":"Salaman","kab_kode":"33.08","kab_nama":"Kabupaten Magelang","provinsi":"Jawa Tengah"}},{"type":"Feature","geometry":{"type":"Point","coordinates":[103.6421,-4.5598]},"properties":{"id":"magma:CRS20200512162257","tanggal":"2020-05-11","presisi_tanggal":"hari","waktu_utc":"2020-05-11T10:30:00+00:00","sumber":"magma-tanggapan","tipe":null,"desa":"Pagar Agung","kecamatan":"Pulau Beringin","kab_kode":"16.09","kab_nama":"Kabupaten Ogan Komering Ulu Selatan","provinsi":"Sumatera Selatan"}},{"type":"Feature","geometry":{"type":"Point","coordinates":[106.4229,-6.5948]},"properties":{"id":"magma:CRS20200514215217","tanggal":"2020-05-12","presisi_tanggal":"hari","waktu_utc":"2020-05-12T14:00:00+00:00","sumber":"magma-tanggapan","tipe":null,"desa":"Banjarsari","kecamatan":"Lebakgedong","kab_kode":"36.02","kab_nama":"Kabupaten Lebak","provinsi":"Banten"}},{"type":"Feature","geometry":{"type":"Point","coordinates":[106.5751,-6.6033]},"properties":{"id":"magma:CRS20200514104905","tanggal":"2020-05-13","presisi_tanggal":"hari","waktu_utc":"2020-05-12T18:00:00+00:00","sumber":"magma-tanggapan+pvmbg-lapangan","tipe":null,"desa":"Wangun Jaya","kecamatan":"Leuwisadeng","kab_kode":"32.01","kab_nama":"Kabupaten Bogor","provinsi":"Jawa Barat"}},{"type":"Feature","geometry":{"type":"Point","coordinates":[121.1166,-8.8839]},"properties":{"id":"magma:CRS20200517040500","tanggal":"2020-05-14","presisi_tanggal":"hari","waktu_utc":"2020-05-13T21:00:00+00:00","sumber":"magma-tanggapan","tipe":null,"desa":"Kezewea","kecamatan":"Golewa Selatan","kab_kode":"53.09","kab_nama":"Kabupaten Ngada","provinsi":"Nusa Tenggara Timur"}},{"type":"Feature","geometry":{"type":"Point","coordinates":[100.2807,-0.403]},"properties":{"id":"magma:CRS20200520105346","tanggal":"2020-05-14","presisi_tanggal":"hari","waktu_utc":"2020-05-14T14:00:00+00:00","sumber":"magma-tanggapan","tipe":null,"desa":"Malalak Timur","kecamatan":"Malalak","kab_kode":"13.06","kab_nama":"Kabupaten Agam","provinsi":"Sumatera Barat"}},{"type":"Feature","geometry":{"type":"Point","coordinates":[119.8873,-1.1469]},"properties":{"id":"magma:CRS20200517043021","tanggal":"2020-05-15","presisi_tanggal":"hari","waktu_utc":"2020-05-15T13:00:00+00:00","sumber":"magma-tanggapan","tipe":null,"desa":"Poi","kecamatan":"Dolo Selatan","kab_kode":"72.10","kab_nama":"Kabupaten Sigi","provinsi":"Sulawesi Tengah"}},{"type":"Feature","geometry":{"type":"Point","coordinates":[106.5113,-2.6827]},"properties":{"id":"magma:CRS20200517043801","tanggal":"2020-05-15","presisi_tanggal":"hari","waktu_utc":"2020-05-15T10:30:00+00:00","sumber":"magma-tanggapan","tipe":null,"desa":"Tepus","kecamatan":"Air Gegas","kab_kode":"19.03","kab_nama":"Kabupaten Bangka Selatan","provinsi":"Kepulauan Bangka Belitung"}},{"type":"Feature","geometry":{"type":"Point","coordinates":[103.7463,-4.4473]},"properties":{"id":"magma:CRS20200517044144","tanggal":"2020-05-15","presisi_tanggal":"hari","waktu_utc":"2020-05-15T01:47:00+00:00","sumber":"magma-tanggapan","tipe":null,"desa":"Gunung Gare","kecamatan":"Muaradua Kisam","kab_kode":"16.09","kab_nama":"Kabupaten Ogan Komering Ulu Selatan","provinsi":"Sumatera Selatan"}},{"type":"Feature","geometry":{"type":"Point","coordinates":[103.6961,-4.0576]},"properties":{"id":"magma:CRS20200520101847","tanggal":"2020-05-15","presisi_tanggal":"hari","waktu_utc":"2020-05-14T20:00:00+00:00","sumber":"magma-tanggapan","tipe":null,"desa":"Tanjung Agung","kecamatan":"Semendo Darat Ulu","kab_kode":"16.03","kab_nama":"Kabupaten Muara Enim","provinsi":"Sumatera Selatan"}},{"type":"Feature","geometry":{"type":"Point","coordinates":[109.4557,-7.5359]},"properties":{"id":"magma:CRS20200517185716","tanggal":"2020-05-16","presisi_tanggal":"hari","waktu_utc":"2020-05-16T14:00:00+00:00","sumber":"magma-tanggapan","tipe":null,"desa":"Sampang","kecamatan":"Sempor","kab_kode":"33.05","kab_nama":"Kabupaten Kebumen","provinsi":"Jawa Tengah"}},{"type":"Feature","geometry":{"type":"Point","coordinates":[108.8997,-7.481]},"properties":{"id":"magma:CRS20200517190457","tanggal":"2020-05-16","presisi_tanggal":"hari","waktu_utc":"2020-05-16T11:30:00+00:00","sumber":"magma-tanggapan","tipe":null,"desa":"Kertajaya","kecamatan":"Gandrungmangu","kab_kode":"33.01","kab_nama":"Kabupaten Cilacap","provinsi":"Jawa Tengah"}},{"type":"Feature","geometry":{"type":"Point","coordinates":[111.7168,-7.8925]},"properties":{"id":"magma:CRS20200517190853","tanggal":"2020-05-17","presisi_tanggal":"hari","waktu_utc":"2020-05-16T19:00:00+00:00","sumber":"magma-tanggapan","tipe":null,"desa":"Banjarjo","kecamatan":"Pudak","kab_kode":"35.03","kab_nama":"Kabupaten Trenggalek","provinsi":"Jawa Timur"}},{"type":"Feature","geometry":{"type":"Point","coordinates":[106.5997,-6.9707]},"properties":{"id":"magma:CRS20200518202052","tanggal":"2020-05-17","presisi_tanggal":"hari","waktu_utc":"2020-05-17T13:00:00+00:00","sumber":"magma-tanggapan","tipe":null,"desa":"Cikadu","kecamatan":"Palabuhanratu","kab_kode":"32.02","kab_nama":"Kabupaten Sukabumi","provinsi":"Jawa Barat"}},{"type":"Feature","geometry":{"type":"Point","coordinates":[102.9234,-3.7555]},"properties":{"id":"magma:CRS20200519110953","tanggal":"2020-05-17","presisi_tanggal":"hari","waktu_utc":"2020-05-17T11:55:00+00:00","sumber":"magma-tanggapan","tipe":null,"desa":"Lingge","kecamatan":"Pendopo Barat","kab_kode":"16.11","kab_nama":"Kabupaten Empat Lawang","provinsi":"Sumatera Selatan"}},{"type":"Feature","geometry":{"type":"Point","coordinates":[112.7793,-7.3015]},"properties":{"id":"magma:CRS20200519112409","tanggal":"2020-05-17","presisi_tanggal":"hari","waktu_utc":"2020-05-17T14:30:00+00:00","sumber":"magma-tanggapan","tipe":null,"desa":"Semolowaru","kecamatan":"Sukolilo","kab_kode":"35.78","kab_nama":"Kota Surabaya","provinsi":"Jawa Timur"}},{"type":"Feature","geometry":{"type":"Point","coordinates":[102.2891,-2.0863]},"properties":{"id":"magma:CRS20200519115541","tanggal":"2020-05-18","presisi_tanggal":"hari","waktu_utc":"2020-05-17T20:59:00+00:00","sumber":"magma-tanggapan","tipe":null,"desa":"Kelurahan Dusun Bangko","kecamatan":"Bangko","kab_kode":"15.02","kab_nama":"Kabupaten Merangin","provinsi":"Jambi"}},{"type":"Feature","geometry":{"type":"Point","coordinates":[115.4289,-8.4862]},"properties":{"id":"magma:CRS20200519120541","tanggal":"2020-05-18","presisi_tanggal":"hari","waktu_utc":"2020-05-17T21:20:00+00:00","sumber":"magma-tanggapan","tipe":null,"desa":"Wisma Kerta","kecamatan":"Sidemen","kab_kode":"51.07","kab_nama":"Kabupaten Karangasem","provinsi":"Bali"}},{"type":"Feature","geometry":{"type":"Point","coordinates":[114.2034,-8.141]},"properties":{"id":"magma:CRS20200519122345","tanggal":"2020-05-18","presisi_tanggal":"hari","waktu_utc":"2020-05-17T20:00:00+00:00","sumber":"magma-tanggapan","tipe":null,"desa":"Kluncing","kecamatan":"Licin","kab_kode":"35.10","kab_nama":"Kabupaten Banyuwangi","provinsi":"Jawa Timur"}},{"type":"Feature","geometry":{"type":"Point","coordinates":[115.3875,-8.5395]},"properties":{"id":"magma:CRS20200519165841","tanggal":"2020-05-18","presisi_tanggal":"hari","waktu_utc":"2020-05-18T10:04:00+00:00","sumber":"magma-tanggapan","tipe":null,"desa":"Tihingan","kecamatan":"Banjarangkan","kab_kode":"51.05","kab_nama":"Kabupaten Klungkung","provinsi":"Bali"}},{"type":"Feature","geometry":{"type":"Point","coordinates":[102.2662,-2.3946]},"properties":{"id":"magma:CRS20200519170727","tanggal":"2020-05-18","presisi_tanggal":"hari","waktu_utc":"2020-05-17T22:12:00+00:00","sumber":"magma-tanggapan","tipe":null,"desa":"Muara Cuban","kecamatan":"Batang Asai","kab_kode":"15.03","kab_nama":"Kabupaten Sarolangun","provinsi":"Jambi"}},{"type":"Feature","geometry":{"type":"Point","coordinates":[111.7317,-7.9761]},"properties":{"id":"magma:CRS20200520112134","tanggal":"2020-05-18","presisi_tanggal":"hari","waktu_utc":"2020-05-18T10:00:00+00:00","sumber":"magma-tanggapan","tipe":null,"desa":"Depok","kecamatan":"Bendungan","kab_kode":"35.03","kab_nama":"Kabupaten Trenggalek","provinsi":"Jawa Timur"}},{"type":"Feature","geometry":{"type":"Point","coordinates":[106.5702,-2.8637]},"properties":{"id":"magma:CRS20200520112438","tanggal":"2020-05-18","presisi_tanggal":"hari","waktu_utc":"2020-05-18T10:00:00+00:00","sumber":"magma-tanggapan","tipe":null,"desa":"Kepoh","kecamatan":"Toboali","kab_kode":"19.03","kab_nama":"Kabupaten Bangka Selatan","provinsi":"Kepulauan Bangka Belitung"}},{"type":"Feature","geometry":{"type":"Point","coordinates":[107.5387,-6.7355]},"properties":{"id":"magma:CRS20200520113015","tanggal":"2020-05-18","presisi_tanggal":"hari","waktu_utc":"2020-05-18T10:00:00+00:00","sumber":"magma-tanggapan","tipe":null,"desa":"Bojong","kecamatan":"Bojong","kab_kode":"32.14","kab_nama":"Kabupaten Purwakarta","provinsi":"Jawa Barat"}},{"type":"Feature","geometry":{"type":"Point","coordinates":[110.3771,-7.0092]},"properties":{"id":"magma:CRS20200521190323","tanggal":"2020-05-19","presisi_tanggal":"hari","waktu_utc":"2020-05-19T12:20:00+00:00","sumber":"magma-tanggapan","tipe":null,"desa":"Kalipancur","kecamatan":"Ngaliyan","kab_kode":"33.74","kab_nama":"Kota Semarang","provinsi":"Jawa Tengah"}},{"type":"Feature","geometry":{"type":"Point","coordinates":[110.9075,-7.0842]},"properties":{"id":"magma:CRS20200521191538","tanggal":"2020-05-19","presisi_tanggal":"hari","waktu_utc":"2020-05-19T10:00:00+00:00","sumber":"magma-tanggapan","tipe":null,"desa":"Semut","kecamatan":"Purwodadi","kab_kode":"33.15","kab_nama":"Kabupaten Grobogan","provinsi":"Jawa Tengah"}},{"type":"Feature","geometry":{"type":"Point","coordinates":[111.2487,-7.9048]},"properties":{"id":"magma:CRS20200521193106","tanggal":"2020-05-19","presisi_tanggal":"hari","waktu_utc":"2020-05-19T09:30:00+00:00","sumber":"magma-tanggapan","tipe":null,"desa":"Kismantoro","kecamatan":"Kismantoro","kab_kode":"33.12","kab_nama":"Kabupaten Wonogiri","provinsi":"Jawa Tengah"}},{"type":"Feature","geometry":{"type":"Point","coordinates":[102.7221,-3.4319]},"properties":{"id":"magma:CRS20200521190123","tanggal":"2020-05-20","presisi_tanggal":"hari","waktu_utc":"2020-05-19T20:00:00+00:00","sumber":"magma-tanggapan","tipe":null,"desa":"Cahaya Negeri","kecamatan":"Sindang Kelingi","kab_kode":"17.02","kab_nama":"Kabupaten Rejang Lebong","provinsi":"Bengkulu"}},{"type":"Feature","geometry":{"type":"Point","coordinates":[102.9177,-3.2374]},"properties":{"id":"magma:CRS20200521190722","tanggal":"2020-05-20","presisi_tanggal":"hari","waktu_utc":"2020-05-20T11:30:00+00:00","sumber":"magma-tanggapan","tipe":null,"desa":"Moneng Sepati","kecamatan":"Lubuk Linggau Selatan Ii","kab_kode":"16.73","kab_nama":"Kota Lubuk Linggau","provinsi":"Sumatera Selatan"}},{"type":"Feature","geometry":{"type":"Point","coordinates":[107.311,-6.9472]},"properties":{"id":"magma:CRS20200521191947","tanggal":"2020-05-20","presisi_tanggal":"hari","waktu_utc":"2020-05-20T13:00:00+00:00","sumber":"magma-tanggapan","tipe":null,"desa":"Cibenda","kecamatan":"Cipongkor","kab_kode":"32.17","kab_nama":"Kabupaten Bandung Barat","provinsi":"Jawa Barat"}},{"type":"Feature","geometry":{"type":"Point","coordinates":[107.1307,-7.3242]},"properties":{"id":"magma:CRS20200521192221","tanggal":"2020-05-20","presisi_tanggal":"hari","waktu_utc":"2020-05-20T10:30:00+00:00","sumber":"magma-tanggapan","tipe":null,"desa":"Sukajadi","kecamatan":"Cibinong","kab_kode":"32.03","kab_nama":"Kabupaten Cianjur","provinsi":"Jawa Barat"}},{"type":"Feature","geometry":{"type":"Point","coordinates":[99.5938,2.9816]},"properties":{"id":"magma:CRS20200521192757","tanggal":"2020-05-20","presisi_tanggal":"hari","waktu_utc":"2020-05-20T08:00:00+00:00","sumber":"magma-tanggapan","tipe":null,"desa":"Sei Renggas","kecamatan":"Kisaran Barat","kab_kode":"12.09","kab_nama":"Kabupaten Asahan","provinsi":"Sumatera Utara"}},{"type":"Feature","geometry":{"type":"Point","coordinates":[102.9464,-3.7403]},"properties":{"id":"magma:CRS20200521193542","tanggal":"2020-05-20","presisi_tanggal":"hari","waktu_utc":"2020-05-20T11:00:00+00:00","sumber":"magma-tanggapan","tipe":null,"desa":"Tanjung Raya","kecamatan":"Pendopo Barat","kab_kode":"16.11","kab_nama":"Kabupaten Empat Lawang","provinsi":"Sumatera Selatan"}},{"type":"Feature","geometry":{"type":"Point","coordinates":[120.0492,-5.2343]},"properties":{"id":"magma:CRS20200521193259","tanggal":"2020-05-21","presisi_tanggal":"hari","waktu_utc":"2020-05-21T01:00:00+00:00","sumber":"magma-tanggapan","tipe":null,"desa":"Gantarang","kecamatan":"Sinjai Tengah","kab_kode":"73.07","kab_nama":"Kabupaten Sinjai","provinsi":"Sulawesi Selatan"}},{"type":"Feature","geometry":{"type":"Point","coordinates":[119.8281,-3.5327]},"properties":{"id":"magma:CRS20200522150455","tanggal":"2020-05-21","presisi_tanggal":"hari","waktu_utc":"2020-05-21T11:00:00+00:00","sumber":"magma-tanggapan","tipe":null,"desa":"Kaluppini","kecamatan":"Enrekang","kab_kode":"73.16","kab_nama":"Kabupaten Enrekang","provinsi":"Sulawesi Selatan"}},{"type":"Feature","geometry":{"type":"Point","coordinates":[108.3238,-7.2684]},"properties":{"id":"magma:CRS20200526191928","tanggal":"2020-05-24","presisi_tanggal":"hari","waktu_utc":"2020-05-24T10:00:00+00:00","sumber":"magma-tanggapan","tipe":null,"desa":"Sadananya","kecamatan":"Sadananya","kab_kode":"32.07","kab_nama":"Kabupaten Ciamis","provinsi":"Jawa Barat"}},{"type":"Feature","geometry":{"type":"Point","coordinates":[108.1423,-6.9511]},"properties":{"id":"magma:CRS20200528094435","tanggal":"2020-05-25","presisi_tanggal":"hari","waktu_utc":"2020-05-24T23:00:00+00:00","sumber":"magma-tanggapan+pvmbg-lapangan","tipe":null,"desa":"Sarimekar","kecamatan":"Jatinunggal","kab_kode":"32.11","kab_nama":"Kabupaten Sumedang","provinsi":"Jawa Barat"}},{"type":"Feature","geometry":{"type":"Point","coordinates":[108.434,-7.054]},"properties":{"id":"magma:CRS20200529094624","tanggal":"2020-05-25","presisi_tanggal":"hari","waktu_utc":"2020-05-25T11:15:00+00:00","sumber":"magma-tanggapan","tipe":null,"desa":"Bunigeulis","kecamatan":"Hantara","kab_kode":"32.08","kab_nama":"Kabupaten Kuningan","provinsi":"Jawa Barat"}},{"type":"Feature","geometry":{"type":"Point","coordinates":[107.7585,-7.1171]},"properties":{"id":"magma:CRS20200602121836","tanggal":"2020-05-27","presisi_tanggal":"hari","waktu_utc":"2020-05-27T09:00:00+00:00","sumber":"magma-tanggapan","tipe":null,"desa":"Dukuh","kecamatan":"Ibun","kab_kode":"32.04","kab_nama":"Kabupaten Bandung","provinsi":"Jawa Barat"}},{"type":"Feature","geometry":{"type":"Point","coordinates":[103.0139,-4.2478]},"properties":{"id":"magma:CRS20200602113205","tanggal":"2020-05-28","presisi_tanggal":"hari","waktu_utc":"2020-05-27T20:00:00+00:00","sumber":"magma-tanggapan","tipe":null,"desa":"Kayu Ajaran","kecamatan":"Ulu Manna","kab_kode":"17.01","kab_nama":"Kabupaten Bengkulu Selatan","provinsi":"Bengkulu"}},{"type":"Feature","geometry":{"type":"Point","coordinates":[108.4715,-7.7155]},"properties":{"id":"magma:CRS20200602064200","tanggal":"2020-05-30","presisi_tanggal":"hari","waktu_utc":"2020-05-30T16:30:00+00:00","sumber":"magma-tanggapan","tipe":null,"desa":"Kondangjajar","kecamatan":"Cijulang","kab_kode":"32.18","kab_nama":"Kabupaten Pangandaran","provinsi":"Jawa Barat"}},{"type":"Feature","geometry":{"type":"Point","coordinates":[110.3669,-7.025]},"properties":{"id":"magma:CRS20200602055802","tanggal":"2020-05-31","presisi_tanggal":"hari","waktu_utc":"2020-05-30T18:00:00+00:00","sumber":"magma-tanggapan","tipe":null,"desa":"Sadeng","kecamatan":"Gunung Pati","kab_kode":"33.74","kab_nama":"Kota Semarang","provinsi":"Jawa Tengah"}},{"type":"Feature","geometry":{"type":"Point","coordinates":[106.9223,-6.905]},"properties":{"id":"magma:CRS20200602061202","tanggal":"2020-05-31","presisi_tanggal":"hari","waktu_utc":"2020-05-31T11:20:00+00:00","sumber":"magma-tanggapan","tipe":null,"desa":"Karamat","kecamatan":"Gunung Puyuh","kab_kode":"32.72","kab_nama":"Kota Sukabumi","provinsi":"Jawa Barat"}},{"type":"Feature","geometry":{"type":"Point","coordinates":[106.914,-6.9127]},"properties":{"id":"magma:CRS20200602062429","tanggal":"2020-05-31","presisi_tanggal":"hari","waktu_utc":"2020-05-31T11:20:00+00:00","sumber":"magma-tanggapan","tipe":null,"desa":"Karang Tengah","kecamatan":"Gunung Puyuh","kab_kode":"32.72","kab_nama":"Kota Sukabumi","provinsi":"Jawa Barat"}},{"type":"Feature","geometry":{"type":"Point","coordinates":[106.561,-6.9547]},"properties":{"id":"magma:CRS20200602063325","tanggal":"2020-05-31","presisi_tanggal":"hari","waktu_utc":"2020-05-31T09:30:00+00:00","sumber":"magma-tanggapan","tipe":null,"desa":"Cimanggu","kecamatan":"Palabuhanratu","kab_kode":"32.02","kab_nama":"Kabupaten Sukabumi","provinsi":"Jawa Barat"}},{"type":"Feature","geometry":{"type":"Point","coordinates":[115.4338,-8.4876]},"properties":{"id":"magma:CRS20200602082400","tanggal":"2020-05-31","presisi_tanggal":"hari","waktu_utc":"2020-05-31T15:30:00+00:00","sumber":"magma-tanggapan","tipe":null,"desa":"Wisma Kerta","kecamatan":"Sidemen","kab_kode":"51.07","kab_nama":"Kabupaten Karangasem","provinsi":"Bali"}},{"type":"Feature","geometry":{"type":"Point","coordinates":[115.1888,-8.6063]},"properties":{"id":"magma:CRS20200602082837","tanggal":"2020-06-01","presisi_tanggal":"hari","waktu_utc":"2020-05-31T18:30:00+00:00","sumber":"magma-tanggapan","tipe":null,"desa":"Sempidi","kecamatan":"Mengwi","kab_kode":"51.03","kab_nama":"Kabupaten Badung","provinsi":"Bali"}},{"type":"Feature","geometry":{"type":"Point","coordinates":[115.2002,-8.6184]},"properties":{"id":"magma:CRS20200602083043","tanggal":"2020-06-01","presisi_tanggal":"hari","waktu_utc":"2020-05-31T18:30:00+00:00","sumber":"magma-tanggapan","tipe":null,"desa":"Ubung Kaja","kecamatan":"Denpasar Utara","kab_kode":"51.71","kab_nama":"Kota Denpasar","provinsi":"Bali"}},{"type":"Feature","geometry":{"type":"Point","coordinates":[105.9906,-6.4828]},"properties":{"id":"magma:CRS20200603095824","tanggal":"2020-06-01","presisi_tanggal":"hari","waktu_utc":"2020-06-01T03:00:00+00:00","sumber":"magma-tanggapan","tipe":null,"desa":"Cijakan","kecamatan":"Bojong","kab_kode":"36.01","kab_nama":"Kabupaten Pandeglang","provinsi":"Banten"}},{"type":"Feature","geometry":{"type":"Point","coordinates":[115.8758,-2.4819]},"properties":{"id":"magma:CRS20200603100208","tanggal":"2020-06-01","presisi_tanggal":"hari","waktu_utc":"2020-06-01T03:00:00+00:00","sumber":"magma-tanggapan","tipe":null,"desa":"Buluh Kuning","kecamatan":"Sungai Durian","kab_kode":"63.02","kab_nama":"Kabupaten Kotabaru","provinsi":"Kalimantan Selatan"}},{"type":"Feature","geometry":{"type":"Point","coordinates":[108.7185,-7.208]},"properties":{"id":"magma:CRS20200603100454","tanggal":"2020-06-01","presisi_tanggal":"hari","waktu_utc":"2020-06-01T03:00:00+00:00","sumber":"magma-tanggapan","tipe":null,"desa":"Sadahayu","kecamatan":"Majenang","kab_kode":"33.01","kab_nama":"Kabupaten Cilacap","provinsi":"Jawa Tengah"}},{"type":"Feature","geometry":{"type":"Point","coordinates":[107.123,-6.9637]},"properties":{"id":"pvmbg:626_2020:2020-06-02:0","tanggal":"2020-06-02","presisi_tanggal":"hari","waktu_utc":null,"sumber":"pvmbg-lapangan","tipe":null,"desa":null,"kecamatan":"Camp","kab_kode":"32.03","kab_nama":"Kabupaten Cianjur","provinsi":"Jawa Barat"}},{"type":"Feature","geometry":{"type":"Point","coordinates":[99.3909,1.2255]},"properties":{"id":"magma:CRS20200605105416","tanggal":"2020-06-03","presisi_tanggal":"hari","waktu_utc":"2020-06-03T13:00:00+00:00","sumber":"magma-tanggapan","tipe":null,"desa":"Hurase","kecamatan":"Batang Angkola","kab_kode":"12.03","kab_nama":"Kabupaten Tapanuli Selatan","provinsi":"Sumatera Utara"}},{"type":"Feature","geometry":{"type":"Point","coordinates":[99.0557,2.9714]},"properties":{"id":"magma:CRS20200605105850","tanggal":"2020-06-03","presisi_tanggal":"hari","waktu_utc":"2020-06-03T13:00:00+00:00","sumber":"magma-tanggapan","tipe":null,"desa":"Bane","kecamatan":"Siantar Utara","kab_kode":"12.72","kab_nama":"Kota Pematangsiantar","provinsi":"Sumatera Utara"}},{"type":"Feature","geometry":{"type":"Point","coordinates":[99.1041,2.9772]},"properties":{"id":"magma:CRS20200605110126","tanggal":"2020-06-03","presisi_tanggal":"hari","waktu_utc":"2020-06-03T15:00:00+00:00","sumber":"magma-tanggapan","tipe":null,"desa":"Pematang Simalungun","kecamatan":"Siantar","kab_kode":"12.08","kab_nama":"Kabupaten Simalungun","provinsi":"Sumatera Utara"}},{"type":"Feature","geometry":{"type":"Point","coordinates":[102.3292,-1.9089]},"properties":{"id":"magma:CRS20200608103003","tanggal":"2020-06-04","presisi_tanggal":"hari","waktu_utc":"2020-06-04T08:00:00+00:00","sumber":"magma-tanggapan","tipe":null,"desa":"Sido Harjo","kecamatan":"Tabir Lintas","kab_kode":"15.02","kab_nama":"Kabupaten Merangin","provinsi":"Jambi"}},{"type":"Feature","geometry":{"type":"Point","coordinates":[100.2993,-0.392]},"properties":{"id":"magma:CRS20200608111025","tanggal":"2020-06-04","presisi_tanggal":"hari","waktu_utc":"2020-06-04T06:00:00+00:00","sumber":"magma-tanggapan","tipe":null,"desa":"Malalak Timur","kecamatan":"Malalak","kab_kode":"13.06","kab_nama":"Kabupaten Agam","provinsi":"Sumatera Barat"}},{"type":"Feature","geometry":{"type":"Point","coordinates":[124.2394,0.7665]},"properties":{"id":"magma:CRS20200608113700","tanggal":"2020-06-04","presisi_tanggal":"hari","waktu_utc":"2020-06-03T20:00:00+00:00","sumber":"magma-tanggapan","tipe":null,"desa":"Poyuyanan","kecamatan":"Passi Barat","kab_kode":"71.01","kab_nama":"Kabupaten Bolaang Mongondow","provinsi":"Sulawesi Utara"}},{"type":"Feature","geometry":{"type":"Point","coordinates":[133.9627,-1.7003]},"properties":{"id":"magma:CRS20200608120405","tanggal":"2020-06-04","presisi_tanggal":"hari","waktu_utc":"2020-06-04T04:00:00+00:00","sumber":"magma-tanggapan","tipe":null,"desa":"Seimeba","kecamatan":"Tahota","kab_kode":"92.11","kab_nama":"Kabupaten Manokwari Selatan","provinsi":"Papua Barat"}},{"type":"Feature","geometry":{"type":"Point","coordinates":[103.226,-4.6382]},"properties":{"id":"magma:CRS20200607203824","tanggal":"2020-06-05","presisi_tanggal":"hari","waktu_utc":"2020-06-05T16:00:00+00:00","sumber":"magma-tanggapan","tipe":null,"desa":"Tanjung Harapan","kecamatan":"Semidang Gumay","kab_kode":"17.04","kab_nama":"Kabupaten Kaur","provinsi":"Bengkulu"}},{"type":"Feature","geometry":{"type":"Point","coordinates":[101.2807,-2.0218]},"properties":{"id":"magma:CRS20200607204426","tanggal":"2020-06-05","presisi_tanggal":"hari","waktu_utc":"2020-06-04T23:30:00+00:00","sumber":"magma-tanggapan","tipe":null,"desa":"Air Terjun","kecamatan":"Siulak","kab_kode":"15.01","kab_nama":"Kabupaten Kerinci","provinsi":"Jambi"}},{"type":"Feature","geometry":{"type":"Point","coordinates":[100.9242,-1.1242]},"properties":{"id":"magma:CRS20200608112458","tanggal":"2020-06-05","presisi_tanggal":"hari","waktu_utc":"2020-06-04T19:00:00+00:00","sumber":"magma-tanggapan","tipe":null,"desa":"Sariak Alahan Tigo","kecamatan":"Hiliran Gumanti","kab_kode":"13.02","kab_nama":"Kabupaten Solok","provinsi":"Sumatera Barat"}},{"type":"Feature","geometry":{"type":"Point","coordinates":[119.632,-3.447]},"properties":{"id":"magma:CRS20200613195317","tanggal":"2020-06-11","presisi_tanggal":"hari","waktu_utc":"2020-06-11T11:00:00+00:00","sumber":"magma-tanggapan","tipe":null,"desa":"Bakaru","kecamatan":"Lembang","kab_kode":"73.15","kab_nama":"Kabupaten Pinrang","provinsi":"Sulawesi Selatan"}},{"type":"Feature","geometry":{"type":"Point","coordinates":[109.295,0.8]},"properties":{"id":"magma:CRS20200615103009","tanggal":"2020-06-11","presisi_tanggal":"hari","waktu_utc":"2020-06-11T10:00:00+00:00","sumber":"magma-tanggapan","tipe":null,"desa":"Pastijaya","kecamatan":"Samalantan","kab_kode":"61.07","kab_nama":"Kabupaten Bengkayang","provinsi":"Kalimantan Barat"}},{"type":"Feature","geometry":{"type":"Point","coordinates":[119.92,-5.48]},"properties":{"id":"magma:CRS20200615100026","tanggal":"2020-06-12","presisi_tanggal":"hari","waktu_utc":"2020-06-12T10:00:00+00:00","sumber":"magma-tanggapan","tipe":null,"desa":"Bonto Karaeng","kecamatan":"Sinoa","kab_kode":"73.03","kab_nama":"Kabupaten Bantaeng","provinsi":"Sulawesi Selatan"}},{"type":"Feature","geometry":{"type":"Point","coordinates":[122.7351,-5.6445]},"properties":{"id":"magma:CRS20200617094017","tanggal":"2020-06-16","presisi_tanggal":"hari","waktu_utc":"2020-06-16T05:15:00+00:00","sumber":"magma-tanggapan","tipe":null,"desa":"Tira","kecamatan":"Sampolawa","kab_kode":"74.15","kab_nama":"Kabupaten Buton Selatan","provinsi":"Sulawesi Tenggara"}},{"type":"Feature","geometry":{"type":"Point","coordinates":[104.0613,-4.5316]},"properties":{"id":"magma:CRS20200618102737","tanggal":"2020-06-16","presisi_tanggal":"hari","waktu_utc":"2020-06-16T10:00:00+00:00","sumber":"magma-tanggapan","tipe":null,"desa":"Pasar Muaradua","kecamatan":"Muaradua","kab_kode":"16.09","kab_nama":"Kabupaten Ogan Komering Ulu Selatan","provinsi":"Sumatera Selatan"}},{"type":"Feature","geometry":{"type":"Point","coordinates":[110.7383,0.0709]},"properties":{"id":"magma:CRS20200618113617","tanggal":"2020-06-16","presisi_tanggal":"hari","waktu_utc":"2020-06-15T17:30:00+00:00","sumber":"magma-tanggapan","tipe":null,"desa":"Semuntai","kecamatan":"Mukok","kab_kode":"61.03","kab_nama":"Kabupaten Sanggau","provinsi":"Kalimantan Barat"}},{"type":"Feature","geometry":{"type":"Point","coordinates":[109.4181,-7.2169]},"properties":{"id":"magma:CRS20200618183740","tanggal":"2020-06-17","presisi_tanggal":"hari","waktu_utc":"2020-06-17T15:42:00+00:00","sumber":"magma-tanggapan","tipe":null,"desa":"Jingkang","kecamatan":"Karangjambu","kab_kode":"33.03","kab_nama":"Kabupaten Purbalingga","provinsi":"Jawa Tengah"}},{"type":"Feature","geometry":{"type":"Point","coordinates":[112.2223,1.0636]},"properties":{"id":"magma:CRS20200618184544","tanggal":"2020-06-18","presisi_tanggal":"hari","waktu_utc":"2020-06-17T20:00:00+00:00","sumber":"magma-tanggapan","tipe":null,"desa":"Sungai Abau","kecamatan":"Batang Lupar","kab_kode":"61.06","kab_nama":"Kabupaten Kapuas Hulu","provinsi":"Kalimantan Barat"}},{"type":"Feature","geometry":{"type":"Point","coordinates":[108.1486,-7.502]},"properties":{"id":"pvmbg:704_2020:2020-06-19:0","tanggal":"2020-06-19","presisi_tanggal":"hari","waktu_utc":null,"sumber":"pvmbg-lapangan","tipe":null,"desa":null,"kecamatan":null,"kab_kode":"32.06","kab_nama":"Kabupaten Tasikmalaya","provinsi":"Jawa Barat"}},{"type":"Feature","geometry":{"type":"Point","coordinates":[108.1546,-7.2253]},"properties":{"id":"pvmbg:705_2020:2020-06-19:0","tanggal":"2020-06-19","presisi_tanggal":"hari","waktu_utc":null,"sumber":"pvmbg-lapangan","tipe":null,"desa":null,"kecamatan":null,"kab_kode":"32.06","kab_nama":"Kabupaten Tasikmalaya","provinsi":"Jawa Barat"}},{"type":"Feature","geometry":{"type":"Point","coordinates":[108.0315,-7.4497]},"properties":{"id":"pvmbg:706_2020:2020-06-19:0","tanggal":"2020-06-19","presisi_tanggal":"hari","waktu_utc":null,"sumber":"pvmbg-lapangan","tipe":null,"desa":null,"kecamatan":null,"kab_kode":"32.06","kab_nama":"Kabupaten Tasikmalaya","provinsi":"Jawa Barat"}},{"type":"Feature","geometry":{"type":"Point","coordinates":[107.9674,-7.5114]},"properties":{"id":"pvmbg:707_2020:2020-06-19:0","tanggal":"2020-06-19","presisi_tanggal":"hari","waktu_utc":null,"sumber":"pvmbg-lapangan","tipe":null,"desa":null,"kecamatan":null,"kab_kode":"32.06","kab_nama":"Kabupaten Tasikmalaya","provinsi":"Jawa Barat"}},{"type":"Feature","geometry":{"type":"Point","coordinates":[112.9952,-8.2612]},"properties":{"id":"magma:CRS20200624161143","tanggal":"2020-06-21","presisi_tanggal":"hari","waktu_utc":"2020-06-21T09:16:00+00:00","sumber":"magma-tanggapan","tipe":null,"desa":"Pundungsari","kecamatan":"Tempursari","kab_kode":"35.08","kab_nama":"Kabupaten Lumajang","provinsi":"Jawa Timur"}},{"type":"Feature","geometry":{"type":"Point","coordinates":[101.7638,-2.1674]},"properties":{"id":"magma:CRS20200626133333","tanggal":"2020-06-22","presisi_tanggal":"hari","waktu_utc":"2020-06-22T11:00:00+00:00","sumber":"magma-tanggapan","tipe":null,"desa":"Muara Hemat","kecamatan":"Batang Merangin","kab_kode":"15.01","kab_nama":"Kabupaten Kerinci","provinsi":"Jambi"}},{"type":"Feature","geometry":{"type":"Point","coordinates":[106.7824,-7.3428]},"properties":{"id":"magma:CRS20200626133620","tanggal":"2020-06-22","presisi_tanggal":"hari","waktu_utc":"2020-06-22T11:30:00+00:00","sumber":"magma-tanggapan","tipe":null,"desa":"Rambay","kecamatan":"Tegal Buleud","kab_kode":"32.02","kab_nama":"Kabupaten Sukabumi","provinsi":"Jawa Barat"}},{"type":"Feature","geometry":{"type":"Point","coordinates":[107.9917,-7.3234]},"properties":{"id":"magma:CRS20200626133853","tanggal":"2020-06-22","presisi_tanggal":"hari","waktu_utc":"2020-06-22T15:30:00+00:00","sumber":"magma-tanggapan","tipe":null,"desa":"Puspamukti","kecamatan":"Cigalontang","kab_kode":"32.06","kab_nama":"Kabupaten Tasikmalaya","provinsi":"Jawa Barat"}},{"type":"Feature","geometry":{"type":"Point","coordinates":[102.7279,-3.7088]},"properties":{"id":"magma:CRS20200701112106","tanggal":"2020-06-23","presisi_tanggal":"hari","waktu_utc":"2020-06-23T14:00:00+00:00","sumber":"magma-tanggapan","tipe":null,"desa":"Cinto Mandi","kecamatan":"Bermani Ilir","kab_kode":"17.08","kab_nama":"Kabupaten Kepahiang","provinsi":"Bengkulu"}},{"type":"Feature","geometry":{"type":"Point","coordinates":[102.2891,-2.0863]},"properties":{"id":"magma:CRS20200625111531","tanggal":"2020-06-24","presisi_tanggal":"hari","waktu_utc":"2020-06-23T18:00:00+00:00","sumber":"magma-tanggapan","tipe":null,"desa":"Kelurahan Dusun Bangko","kecamatan":"Bangko","kab_kode":"15.02","kab_nama":"Kabupaten Merangin","provinsi":"Jambi"}},{"type":"Feature","geometry":{"type":"Point","coordinates":[123.6232,0.3946]},"properties":{"id":"magma:CRS20200701105936","tanggal":"2020-06-24","presisi_tanggal":"hari","waktu_utc":"2020-06-24T02:00:00+00:00","sumber":"magma-tanggapan","tipe":null,"desa":"Luwoo","kecamatan":"Posigadan","kab_kode":"71.11","kab_nama":"Kabupaten Bolaang Mongondow Selatan","provinsi":"Sulawesi Utara"}},{"type":"Feature","geometry":{"type":"Point","coordinates":[120.0905,-2.9543]},"properties":{"id":"magma:CRS20200629115100","tanggal":"2020-06-26","presisi_tanggal":"hari","waktu_utc":"2020-06-26T08:46:00+00:00","sumber":"magma-tanggapan","tipe":null,"desa":"Battang Barat","kecamatan":"Wara Barat","kab_kode":"73.73","kab_nama":"Kota Palopo","provinsi":"Sulawesi Selatan"}},{"type":"Feature","geometry":{"type":"Point","coordinates":[120.0902,-2.9545]},"properties":{"id":"magma:CRS20200629115511","tanggal":"2020-06-26","presisi_tanggal":"hari","waktu_utc":"2020-06-26T08:45:00+00:00","sumber":"magma-tanggapan","tipe":null,"desa":"Battang Barat","kecamatan":"Wara Barat","kab_kode":"73.73","kab_nama":"Kota Palopo","provinsi":"Sulawesi Selatan"}},{"type":"Feature","geometry":{"type":"Point","coordinates":[111.13,-7.63]},"properties":{"id":"magma:CRS20200629164754","tanggal":"2020-06-27","presisi_tanggal":"hari","waktu_utc":"2020-06-27T16:10:00+00:00","sumber":"magma-tanggapan","tipe":null,"desa":"Berjo","kecamatan":"Ngargoyoso","kab_kode":"33.13","kab_nama":"Kabupaten Karanganyar","provinsi":"Jawa Tengah"}},{"type":"Feature","geometry":{"type":"Point","coordinates":[106.7942,-6.1182]},"properties":{"id":"magma:CRS20200708163436","tanggal":"2020-07-02","presisi_tanggal":"hari","waktu_utc":"2020-07-02T09:00:00+00:00","sumber":"magma-tanggapan","tipe":null,"desa":"Penjaringan","kecamatan":"Penjaringan","kab_kode":"31.72","kab_nama":"Kota Administrasi Jakarta Utara","provinsi":"Daerah Khusus Ibukota Jakarta"}},{"type":"Feature","geometry":{"type":"Point","coordinates":[124.4101,0.6884]},"properties":{"id":"magma:CRS20200705194131","tanggal":"2020-07-03","presisi_tanggal":"hari","waktu_utc":"2020-07-03T03:00:00+00:00","sumber":"magma-tanggapan","tipe":null,"desa":"Tobongon","kecamatan":"Modayag","kab_kode":"71.10","kab_nama":"Kabupaten Bolaang Mongondow Timur","provinsi":"Sulawesi Utara"}},{"type":"Feature","geometry":{"type":"Point","coordinates":[123.0522,0.525]},"properties":{"id":"magma:CRS20200705194738","tanggal":"2020-07-03","presisi_tanggal":"hari","waktu_utc":"2020-07-02T18:09:00+00:00","sumber":"magma-tanggapan","tipe":null,"desa":"Siendeng","kecamatan":"Hulonthalangi","kab_kode":"75.71","kab_nama":"Kota Gorontalo","provinsi":"Gorontalo"}},{"type":"Feature","geometry":{"type":"Point","coordinates":[123.0078,0.5484]},"properties":{"id":"magma:CRS20200709141640","tanggal":"2020-07-03","presisi_tanggal":"hari","waktu_utc":"2020-07-02T23:00:00+00:00","sumber":"magma-tanggapan","tipe":null,"desa":"Dembe I","kecamatan":"Kota Barat","kab_kode":"75.71","kab_nama":"Kota Gorontalo","provinsi":"Gorontalo"}},{"type":"Feature","geometry":{"type":"Point","coordinates":[120.0376,-5.1982]},"properties":{"id":"magma:CRS20200708182051","tanggal":"2020-07-05","presisi_tanggal":"hari","waktu_utc":"2020-07-05T14:00:00+00:00","sumber":"magma-tanggapan","tipe":null,"desa":"Bonto Salama","kecamatan":"Sinjai Barat","kab_kode":"73.07","kab_nama":"Kabupaten Sinjai","provinsi":"Sulawesi Selatan"}},{"type":"Feature","geometry":{"type":"Point","coordinates":[108.045,-7.3833]},"properties":{"id":"magma:CRS20200708085156","tanggal":"2020-07-07","presisi_tanggal":"hari","waktu_utc":"2020-07-06T22:00:00+00:00","sumber":"magma-tanggapan","tipe":null,"desa":"Margalaksana","kecamatan":"Salawu","kab_kode":"32.06","kab_nama":"Kabupaten Tasikmalaya","provinsi":"Jawa Barat"}},{"type":"Feature","geometry":{"type":"Point","coordinates":[114.245,-8.1232]},"properties":{"id":"magma:CRS20200708171242","tanggal":"2020-07-07","presisi_tanggal":"hari","waktu_utc":"2020-07-07T10:16:00+00:00","sumber":"magma-tanggapan","tipe":null,"desa":"Tamansari","kecamatan":"Licin","kab_kode":"35.10","kab_nama":"Kabupaten Banyuwangi","provinsi":"Jawa Timur"}},{"type":"Feature","geometry":{"type":"Point","coordinates":[122.8446,-5.5344]},"properties":{"id":"magma:CRS20200708183641","tanggal":"2020-07-07","presisi_tanggal":"hari","waktu_utc":"2020-07-07T10:00:00+00:00","sumber":"magma-tanggapan","tipe":null,"desa":"Kaongkeokea","kecamatan":"Pasar Wajo","kab_kode":"74.04","kab_nama":"Kabupaten Buton","provinsi":"Sulawesi Tenggara"}},{"type":"Feature","geometry":{"type":"Point","coordinates":[100.7577,-0.6305]},"properties":{"id":"magma:CRS20200716135301","tanggal":"2020-07-07","presisi_tanggal":"hari","waktu_utc":"2020-07-07T11:00:00+00:00","sumber":"magma-tanggapan","tipe":null,"desa":"Sikalang","kecamatan":"Talawi","kab_kode":"13.73","kab_nama":"Kota Sawahlunto","provinsi":"Sumatera Barat"}},{"type":"Feature","geometry":{"type":"Point","coordinates":[111.6929,-0.7375]},"properties":{"id":"magma:CRS20200716135120","tanggal":"2020-07-09","presisi_tanggal":"hari","waktu_utc":"2020-07-08T20:30:00+00:00","sumber":"magma-tanggapan","tipe":null,"desa":"Lingkar Indah","kecamatan":"Sayan","kab_kode":"61.10","kab_nama":"Kabupaten Melawi","provinsi":"Kalimantan Barat"}},{"type":"Feature","geometry":{"type":"Point","coordinates":[103.1625,-0.3742]},"properties":{"id":"magma:CRS20200711110737","tanggal":"2020-07-10","presisi_tanggal":"hari","waktu_utc":"2020-07-10T08:30:00+00:00","sumber":"magma-tanggapan","tipe":null,"desa":"Seberang Tembilahan","kecamatan":"Tembilahan","kab_kode":"14.04","kab_nama":"Kabupaten Indragiri Hilir","provinsi":"Riau"}},{"type":"Feature","geometry":{"type":"Point","coordinates":[123.0705,0.6372]},"properties":{"id":"magma:CRS20200711113055","tanggal":"2020-07-10","presisi_tanggal":"hari","waktu_utc":"2020-07-10T06:00:00+00:00","sumber":"magma-tanggapan","tipe":null,"desa":"Boidu","kecamatan":"Bulango Utara","kab_kode":"75.03","kab_nama":"Kabupaten Bone Bolango","provinsi":"Gorontalo"}},{"type":"Feature","geometry":{"type":"Point","coordinates":[120.2455,-4.6224]},"properties":{"id":"magma:CRS20200711143120","tanggal":"2020-07-10","presisi_tanggal":"hari","waktu_utc":"2020-07-10T13:30:00+00:00","sumber":"magma-tanggapan","tipe":null,"desa":"Kanco","kecamatan":"Cina","kab_kode":"73.08","kab_nama":"Kabupaten Bone","provinsi":"Sulawesi Selatan"}},{"type":"Feature","geometry":{"type":"Point","coordinates":[120.3746,-2.5643]},"properties":{"id":"magma:CRS20200715091847","tanggal":"2020-07-13","presisi_tanggal":"hari","waktu_utc":"2020-07-13T11:30:00+00:00","sumber":"magma-tanggapan","tipe":null,"desa":"Masamba","kecamatan":"Masamba","kab_kode":"73.22","kab_nama":"Kabupaten Luwu Utara","provinsi":"Sulawesi Selatan"}},{"type":"Feature","geometry":{"type":"Point","coordinates":[120.3319,-2.5667]},"properties":{"id":"pvmbg:660_2020:2020-07-13:0","tanggal":"2020-07-13","presisi_tanggal":"hari","waktu_utc":null,"sumber":"pvmbg-lapangan","tipe":null,"desa":null,"kecamatan":"Masam","kab_kode":"73.22","kab_nama":"Kabupaten Luwu Utara","provinsi":"Sulawesi Selatan"}},{"type":"Feature","geometry":{"type":"Point","coordinates":[119.2379,-2.2553]},"properties":{"id":"magma:CRS20200716233656","tanggal":"2020-07-15","presisi_tanggal":"hari","waktu_utc":"2020-07-15T09:00:00+00:00","sumber":"magma-tanggapan","tipe":null,"desa":"K U O","kecamatan":"Pangale","kab_kode":"76.06","kab_nama":"Kabupaten Mamuju Tengah","provinsi":"Sulawesi Barat"}},{"type":"Feature","geometry":{"type":"Point","coordinates":[131.2834,-0.8802]},"properties":{"id":"magma:CRS20200716231923","tanggal":"2020-07-16","presisi_tanggal":"hari","waktu_utc":"2020-07-16T11:00:00+00:00","sumber":"magma-tanggapan","tipe":null,"desa":"Remu","kecamatan":"Sorong","kab_kode":"96.71","kab_nama":"Kota Sorong","provinsi":"Papua Barat Daya"}},{"type":"Feature","geometry":{"type":"Point","coordinates":[110.3979,-7.0086]},"properties":{"id":"magma:CRS20200722173225","tanggal":"2020-07-20","presisi_tanggal":"hari","waktu_utc":"2020-07-20T05:00:00+00:00","sumber":"magma-tanggapan","tipe":null,"desa":"Bendan Ngisor","kecamatan":"Gajah Mungkur","kab_kode":"33.74","kab_nama":"Kota Semarang","provinsi":"Jawa Tengah"}},{"type":"Feature","geometry":{"type":"Point","coordinates":[99.6712,-2.071]},"properties":{"id":"magma:CRS20200722172611","tanggal":"2020-07-21","presisi_tanggal":"hari","waktu_utc":"2020-07-21T01:31:00+00:00","sumber":"magma-tanggapan","tipe":null,"desa":"Goisooinan","kecamatan":"Sipora Utara","kab_kode":"13.09","kab_nama":"Kabupaten Kepulauan Mentawai","provinsi":"Sumatera Barat"}},{"type":"Feature","geometry":{"type":"Point","coordinates":[101.3639,-2.0614]},"properties":{"id":"magma:CRS20200722173638","tanggal":"2020-07-21","presisi_tanggal":"hari","waktu_utc":"2020-07-21T02:30:00+00:00","sumber":"magma-tanggapan","tipe":null,"desa":"Sungai Ning","kecamatan":"Sungai Bungkal","kab_kode":"15.72","kab_nama":"Kota Sungai Penuh","provinsi":"Jambi"}},{"type":"Feature","geometry":{"type":"Point","coordinates":[124.152,0.3946]},"properties":{"id":"magma:CRS20200725171942","tanggal":"2020-07-24","presisi_tanggal":"hari","waktu_utc":"2020-07-24T10:24:00+00:00","sumber":"magma-tanggapan","tipe":null,"desa":"Kombot","kecamatan":"Pinolosian","kab_kode":"71.11","kab_nama":"Kabupaten Bolaang Mongondow Selatan","provinsi":"Sulawesi Utara"}},{"type":"Feature","geometry":{"type":"Point","coordinates":[99.6258,0.8248]},"properties":{"id":"magma:CRS20200725170234","tanggal":"2020-07-25","presisi_tanggal":"hari","waktu_utc":"2020-07-25T11:30:00+00:00","sumber":"magma-tanggapan","tipe":null,"desa":"Tebing Tinggi","kecamatan":"Panyabungan Timur","kab_kode":"12.13","kab_nama":"Kabupaten Mandailing Natal","provinsi":"Sumatera Utara"}},{"type":"Feature","geometry":{"type":"Point","coordinates":[127.8618,0.3778]},"properties":{"id":"magma:CRS20200728073149","tanggal":"2020-07-25","presisi_tanggal":"hari","waktu_utc":"2020-07-24T15:00:00+00:00","sumber":"magma-tanggapan","tipe":null,"desa":"Sidanga","kecamatan":"Weda","kab_kode":"82.02","kab_nama":"Kabupaten Halmahera Tengah","provinsi":"Maluku Utara"}},{"type":"Feature","geometry":{"type":"Point","coordinates":[123.9471,0.5265]},"properties":{"id":"magma:CRS20200728073648","tanggal":"2020-07-25","presisi_tanggal":"hari","waktu_utc":"2020-07-25T10:30:00+00:00","sumber":"magma-tanggapan","tipe":null,"desa":"Doloduo","kecamatan":"Dumoga Barat","kab_kode":"71.01","kab_nama":"Kabupaten Bolaang Mongondow","provinsi":"Sulawesi Utara"}},{"type":"Feature","geometry":{"type":"Point","coordinates":[100.221,-0.2751]},"properties":{"id":"magma:CRS20200728074630","tanggal":"2020-07-26","presisi_tanggal":"hari","waktu_utc":"2020-07-26T13:15:00+00:00","sumber":"magma-tanggapan","tipe":null,"desa":"Bangun Jaya","kecamatan":"Tanjung Raya","kab_kode":"13.06","kab_nama":"Kabupaten Agam","provinsi":"Sumatera Barat"}},{"type":"Feature","geometry":{"type":"Point","coordinates":[100.0192,-0.3459]},"properties":{"id":"magma:CRS20200803093924","tanggal":"2020-07-29","presisi_tanggal":"hari","waktu_utc":"2020-07-29T00:10:00+00:00","sumber":"magma-tanggapan","tipe":null,"desa":"Garagahan","kecamatan":"Lubuk Basung","kab_kode":"13.06","kab_nama":"Kabupaten Agam","provinsi":"Sumatera Barat"}},{"type":"Feature","geometry":{"type":"Point","coordinates":[117.1517,-0.5205]},"properties":{"id":"magma:CRS20200803054517","tanggal":"2020-07-30","presisi_tanggal":"hari","waktu_utc":"2020-07-30T14:00:00+00:00","sumber":"magma-tanggapan","tipe":null,"desa":"Mangkupalas","kecamatan":"Samarinda Seberang","kab_kode":"64.72","kab_nama":"Kota Samarinda","provinsi":"Kalimantan Timur"}},{"type":"Feature","geometry":{"type":"Point","coordinates":[136.9784,-4.1557]},"properties":{"id":"magma:CRS20200803063927","tanggal":"2020-07-30","presisi_tanggal":"hari","waktu_utc":"2020-07-30T13:00:00+00:00","sumber":"magma-tanggapan","tipe":null,"desa":"Arwandop","kecamatan":"Tembagapura","kab_kode":"94.04","kab_nama":"Kabupaten Mimika","provinsi":"Papua Tengah"}},{"type":"Feature","geometry":{"type":"Point","coordinates":[137.98,-4.16]},"properties":{"id":"magma:CRS20200804163731","tanggal":"2020-07-30","presisi_tanggal":"hari","waktu_utc":"2020-07-30T13:00:00+00:00","sumber":"magma-tanggapan","tipe":null,"desa":"Arwandop","kecamatan":"Tembagapura","kab_kode":"95.08","kab_nama":"Kabupaten Nduga","provinsi":"Papua Pegunungan"}},{"type":"Feature","geometry":{"type":"Point","coordinates":[106.8748,-6.7148]},"properties":{"id":"pvmbg:802_2020:2020-08-01:0","tanggal":"2020-08-01","presisi_tanggal":"bulan","waktu_utc":null,"sumber":"pvmbg-lapangan","tipe":null,"desa":null,"kecamatan":null,"kab_kode":"32.01","kab_nama":"Kabupaten Bogor","provinsi":"Jawa Barat"}},{"type":"Feature","geometry":{"type":"Point","coordinates":[124.4143,0.7039]},"properties":{"id":"magma:CRS20200804053525","tanggal":"2020-08-02","presisi_tanggal":"hari","waktu_utc":"2020-08-01T20:35:00+00:00","sumber":"magma-tanggapan","tipe":null,"desa":"Tobongon","kecamatan":"Modayag","kab_kode":"71.10","kab_nama":"Kabupaten Bolaang Mongondow Timur","provinsi":"Sulawesi Utara"}},{"type":"Feature","geometry":{"type":"Point","coordinates":[123.3444,0.3102]},"properties":{"id":"magma:CRS20200804060245","tanggal":"2020-08-02","presisi_tanggal":"hari","waktu_utc":"2020-08-01T16:10:00+00:00","sumber":"magma-tanggapan","tipe":null,"desa":"Tombulilato","kecamatan":"Bone Raya","kab_kode":"75.03","kab_nama":"Kabupaten Bone Bolango","provinsi":"Gorontalo"}},{"type":"Feature","geometry":{"type":"Point","coordinates":[125.3768,2.7872]},"properties":{"id":"magma:CRS20200806124922","tanggal":"2020-08-03","presisi_tanggal":"hari","waktu_utc":"2020-08-02T17:26:00+00:00","sumber":"magma-tanggapan","tipe":null,"desa":"Kawahang","kecamatan":"Siau Barat Utara","kab_kode":"71.09","kab_nama":"Kabupaten Kep. Siau Tagulandang Biaro","provinsi":"Sulawesi Utara"}},{"type":"Feature","geometry":{"type":"Point","coordinates":[98.8018,1.732]},"properties":{"id":"magma:CRS20200806121102","tanggal":"2020-08-04","presisi_tanggal":"hari","waktu_utc":"2020-08-04T09:16:00+00:00","sumber":"magma-tanggapan","tipe":null,"desa":"Aek Parombunan","kecamatan":"Sibolga Selatan","kab_kode":"12.73","kab_nama":"Kota Sibolga","provinsi":"Sumatera Utara"}},{"type":"Feature","geometry":{"type":"Point","coordinates":[104.48,-5.5016]},"properties":{"id":"magma:CRS20200806123018","tanggal":"2020-08-04","presisi_tanggal":"hari","waktu_utc":"2020-08-04T14:00:00+00:00","sumber":"magma-tanggapan","tipe":null,"desa":"Sedayu","kecamatan":"Semaka","kab_kode":"18.06","kab_nama":"Kabupaten Tanggamus","provinsi":"Lampung"}},{"type":"Feature","geometry":{"type":"Point","coordinates":[122.3079,-1.4352]},"properties":{"id":"magma:CRS20200807144534","tanggal":"2020-08-05","presisi_tanggal":"hari","waktu_utc":"2020-08-04T18:30:00+00:00","sumber":"magma-tanggapan","tipe":null,"desa":"Mekar Kencana","kecamatan":"Toili","kab_kode":"72.01","kab_nama":"Kabupaten Banggai","provinsi":"Sulawesi Tengah"}},{"type":"Feature","geometry":{"type":"Point","coordinates":[107.0786,-6.0786]},"properties":{"id":"pvmbg:624_2020:2020-08-05:0","tanggal":"2020-08-05","presisi_tanggal":"hari","waktu_utc":null,"sumber":"pvmbg-lapangan","tipe":null,"desa":null,"kecamatan":null,"kab_kode":"32.16","kab_nama":"Kabupaten Bekasi","provinsi":"Jawa Barat"}},{"type":"Feature","geometry":{"type":"Point","coordinates":[128.1897,-3.683]},"properties":{"id":"magma:CRS20200811162843","tanggal":"2020-08-08","presisi_tanggal":"hari","waktu_utc":"2020-08-08T07:25:00+00:00","sumber":"magma-tanggapan","tipe":null,"desa":"Batu Merah","kecamatan":"Sirimau","kab_kode":"81.71","kab_nama":"Kota Ambon","provinsi":"Maluku"}},{"type":"Feature","geometry":{"type":"Point","coordinates":[99.6675,-2.0856]},"properties":{"id":"magma:CRS20200826173402","tanggal":"2020-08-26","presisi_tanggal":"hari","waktu_utc":"2020-08-25T20:00:00+00:00","sumber":"magma-tanggapan","tipe":null,"desa":"Goisooinan","kecamatan":"Sipora Utara","kab_kode":"13.09","kab_nama":"Kabupaten Kepulauan Mentawai","provinsi":"Sumatera Barat"}},{"type":"Feature","geometry":{"type":"Point","coordinates":[107.2034,-6.9234]},"properties":{"id":"pvmbg:683_2020:2020-09-02:0","tanggal":"2020-09-02","presisi_tanggal":"hari","waktu_utc":null,"sumber":"pvmbg-lapangan","tipe":null,"desa":null,"kecamatan":null,"kab_kode":"32.03","kab_nama":"Kabupaten Cianjur","provinsi":"Jawa Barat"}},{"type":"Feature","geometry":{"type":"Point","coordinates":[107.1892,-6.9207]},"properties":{"id":"pvmbg:683_2020:2020-09-02:1","tanggal":"2020-09-02","presisi_tanggal":"hari","waktu_utc":null,"sumber":"pvmbg-lapangan","tipe":null,"desa":null,"kecamatan":null,"kab_kode":"32.03","kab_nama":"Kabupaten Cianjur","provinsi":"Jawa Barat"}},{"type":"Feature","geometry":{"type":"Point","coordinates":[107.1979,-6.9316]},"properties":{"id":"pvmbg:683_2020:2020-09-02:2","tanggal":"2020-09-02","presisi_tanggal":"hari","waktu_utc":null,"sumber":"pvmbg-lapangan","tipe":null,"desa":null,"kecamatan":null,"kab_kode":"32.03","kab_nama":"Kabupaten Cianjur","provinsi":"Jawa Barat"}},{"type":"Feature","geometry":{"type":"Point","coordinates":[107.1917,-6.9381]},"properties":{"id":"pvmbg:683_2020:2020-09-02:3","tanggal":"2020-09-02","presisi_tanggal":"hari","waktu_utc":null,"sumber":"pvmbg-lapangan","tipe":null,"desa":null,"kecamatan":null,"kab_kode":"32.03","kab_nama":"Kabupaten Cianjur","provinsi":"Jawa Barat"}},{"type":"Feature","geometry":{"type":"Point","coordinates":[111.7723,-7.9614]},"properties":{"id":"magma:CRS20200918084650","tanggal":"2020-09-06","presisi_tanggal":"hari","waktu_utc":"2020-09-06T13:00:00+00:00","sumber":"magma-tanggapan","tipe":null,"desa":"Kradinan","kecamatan":"Pager Wojo","kab_kode":"35.04","kab_nama":"Kabupaten Tulungagung","provinsi":"Jawa Timur"}},{"type":"Feature","geometry":{"type":"Point","coordinates":[119.2195,-2.7361]},"properties":{"id":"magma:CRS20200918082410","tanggal":"2020-09-07","presisi_tanggal":"hari","waktu_utc":"2020-09-06T19:00:00+00:00","sumber":"magma-tanggapan","tipe":null,"desa":"Periangan","kecamatan":"Tabulahan","kab_kode":"76.03","kab_nama":"Kabupaten Mamasa","provinsi":"Sulawesi Barat"}},{"type":"Feature","geometry":{"type":"Point","coordinates":[115.2452,-8.509]},"properties":{"id":"magma:CRS20200915165758","tanggal":"2020-09-11","presisi_tanggal":"hari","waktu_utc":"2020-09-11T02:03:00+00:00","sumber":"magma-tanggapan","tipe":null,"desa":"Sayan","kecamatan":"Ubud","kab_kode":"51.04","kab_nama":"Kabupaten Gianyar","provinsi":"Bali"}},{"type":"Feature","geometry":{"type":"Point","coordinates":[106.7559,-6.7456]},"properties":{"id":"magma:CRS20200922171455","tanggal":"2020-09-21","presisi_tanggal":"hari","waktu_utc":"2020-09-21T10:10:00+00:00","sumber":"magma-tanggapan","tipe":null,"desa":"Pasawahan","kecamatan":"Cicurug","kab_kode":"32.02","kab_nama":"Kabupaten Sukabumi","provinsi":"Jawa Barat"}},{"type":"Feature","geometry":{"type":"Point","coordinates":[106.7718,-6.7647]},"properties":{"id":"pvmbg:625_2020:2020-09-21:0","tanggal":"2020-09-21","presisi_tanggal":"hari","waktu_utc":null,"sumber":"pvmbg-lapangan","tipe":null,"desa":null,"kecamatan":null,"kab_kode":"32.02","kab_nama":"Kabupaten Sukabumi","provinsi":"Jawa Barat"}},{"type":"Feature","geometry":{"type":"Point","coordinates":[106.7878,-6.7482]},"properties":{"id":"pvmbg:805_2020:2020-09-21:0","tanggal":"2020-09-21","presisi_tanggal":"hari","waktu_utc":null,"sumber":"pvmbg-lapangan","tipe":null,"desa":null,"kecamatan":null,"kab_kode":"32.01","kab_nama":"Kabupaten Bogor","provinsi":"Jawa Barat"}},{"type":"Feature","geometry":{"type":"Point","coordinates":[106.7754,-6.7285]},"properties":{"id":"pvmbg:805_2020:2020-09-21:1","tanggal":"2020-09-21","presisi_tanggal":"hari","waktu_utc":null,"sumber":"pvmbg-lapangan","tipe":null,"desa":null,"kecamatan":null,"kab_kode":"32.01","kab_nama":"Kabupaten Bogor","provinsi":"Jawa Barat"}},{"type":"Feature","geometry":{"type":"Point","coordinates":[119.6383,-3.3876]},"properties":{"id":"magma:CRS20200929170338","tanggal":"2020-09-26","presisi_tanggal":"hari","waktu_utc":"2020-09-26T09:01:00+00:00","sumber":"magma-tanggapan","tipe":null,"desa":"Basseang","kecamatan":"Lembang","kab_kode":"73.15","kab_nama":"Kabupaten Pinrang","provinsi":"Sulawesi Selatan"}},{"type":"Feature","geometry":{"type":"Point","coordinates":[101.4027,-0.6012]},"properties":{"id":"magma:CRS20200929172214","tanggal":"2020-09-27","presisi_tanggal":"hari","waktu_utc":"2020-09-27T01:30:00+00:00","sumber":"magma-tanggapan","tipe":null,"desa":"Sungai Alah","kecamatan":"Hulu Kuantan","kab_kode":"14.09","kab_nama":"Kabupaten Kuantan Singingi","provinsi":"Riau"}},{"type":"Feature","geometry":{"type":"Point","coordinates":[108.9918,-7.6396]},"properties":{"id":"magma:CRS20200929162810","tanggal":"2020-09-28","presisi_tanggal":"hari","waktu_utc":"2020-09-27T21:00:00+00:00","sumber":"magma-tanggapan","tipe":null,"desa":"Brebeg","kecamatan":"Jeruklegi","kab_kode":"33.01","kab_nama":"Kabupaten Cilacap","provinsi":"Jawa Tengah"}},{"type":"Feature","geometry":{"type":"Point","coordinates":[108.4184,-7.0006]},"properties":{"id":"pvmbg:743_2020:2020-10-01:0","tanggal":"2020-10-01","presisi_tanggal":"bulan","waktu_utc":null,"sumber":"pvmbg-lapangan","tipe":null,"desa":null,"kecamatan":null,"kab_kode":"32.08","kab_nama":"Kabupaten Kuningan","provinsi":"Jawa Barat"}},{"type":"Feature","geometry":{"type":"Point","coordinates":[107.0608,-6.6798]},"properties":{"id":"pvmbg:794_2020:2020-10-01:0","tanggal":"2020-10-01","presisi_tanggal":"bulan","waktu_utc":null,"sumber":"pvmbg-lapangan","tipe":null,"desa":null,"kecamatan":"Sukaresmi Cianjur","kab_kode":"32.03","kab_nama":"Kabupaten Cianjur","provinsi":"Jawa Barat"}},{"type":"Feature","geometry":{"type":"Point","coordinates":[108.5493,-7.1715]},"properties":{"id":"pvmbg:742_2020:2020-10-04:0","tanggal":"2020-10-04","presisi_tanggal":"hari","waktu_utc":null,"sumber":"pvmbg-lapangan","tipe":null,"desa":null,"kecamatan":null,"kab_kode":"32.08","kab_nama":"Kabupaten Kuningan","provinsi":"Jawa Barat"}},{"type":"Feature","geometry":{"type":"Point","coordinates":[108.5577,-7.1444]},"properties":{"id":"pvmbg:744_2020:2020-10-04:0","tanggal":"2020-10-04","presisi_tanggal":"hari","waktu_utc":null,"sumber":"pvmbg-lapangan","tipe":null,"desa":null,"kecamatan":null,"kab_kode":"32.08","kab_nama":"Kabupaten Kuningan","provinsi":"Jawa Barat"}},{"type":"Feature","geometry":{"type":"Point","coordinates":[108.6307,-7.0419]},"properties":{"id":"pvmbg:745_2020:2020-10-04:0","tanggal":"2020-10-04","presisi_tanggal":"hari","waktu_utc":null,"sumber":"pvmbg-lapangan","tipe":null,"desa":null,"kecamatan":null,"kab_kode":"32.08","kab_nama":"Kabupaten Kuningan","provinsi":"Jawa Barat"}},{"type":"Feature","geometry":{"type":"Point","coordinates":[108.0679,-7.4785]},"properties":{"id":"pvmbg:6263_2020:2020-10-05:0","tanggal":"2020-10-05","presisi_tanggal":"hari","waktu_utc":null,"sumber":"pvmbg-lapangan","tipe":null,"desa":null,"kecamatan":null,"kab_kode":"32.06","kab_nama":"Kabupaten Tasikmalaya","provinsi":"Jawa Barat"}},{"type":"Feature","geometry":{"type":"Point","coordinates":[106.9612,-7.1314]},"properties":{"id":"pvmbg:795_2020:2020-10-09:0","tanggal":"2020-10-09","presisi_tanggal":"hari","waktu_utc":null,"sumber":"pvmbg-lapangan","tipe":null,"desa":null,"kecamatan":null,"kab_kode":"32.03","kab_nama":"Kabupaten Cianjur","provinsi":"Jawa Barat"}},{"type":"Feature","geometry":{"type":"Point","coordinates":[108.0836,-7.5286]},"properties":{"id":"pvmbg:144_2021:2020-10-12:0","tanggal":"2020-10-12","presisi_tanggal":"hari","waktu_utc":null,"sumber":"pvmbg-lapangan","tipe":null,"desa":null,"kecamatan":null,"kab_kode":"32.06","kab_nama":"Kabupaten Tasikmalaya","provinsi":"Jawa Barat"}},{"type":"Feature","geometry":{"type":"Point","coordinates":[107.795,-7.5847]},"properties":{"id":"pvmbg:28_2021:2020-10-12:0","tanggal":"2020-10-12","presisi_tanggal":"hari","waktu_utc":null,"sumber":"pvmbg-lapangan","tipe":null,"desa":null,"kecamatan":null,"kab_kode":"32.05","kab_nama":"Kabupaten Garut","provinsi":"Jawa Barat"}},{"type":"Feature","geometry":{"type":"Point","coordinates":[108.032,-7.5395]},"properties":{"id":"pvmbg:6242_2020:2020-10-12:0","tanggal":"2020-10-12","presisi_tanggal":"hari","waktu_utc":null,"sumber":"pvmbg-lapangan","tipe":null,"desa":null,"kecamatan":null,"kab_kode":"32.06","kab_nama":"Kabupaten Tasikmalaya","provinsi":"Jawa Barat"}},{"type":"Feature","geometry":{"type":"Point","coordinates":[107.9866,-7.5323]},"properties":{"id":"pvmbg:6253_2020:2020-10-12:0","tanggal":"2020-10-12","presisi_tanggal":"hari","waktu_utc":null,"sumber":"pvmbg-lapangan","tipe":null,"desa":null,"kecamatan":null,"kab_kode":"32.06","kab_nama":"Kabupaten Tasikmalaya","provinsi":"Jawa Barat"}},{"type":"Feature","geometry":{"type":"Point","coordinates":[108.0708,-7.5294]},"properties":{"id":"pvmbg:6263_2020:2020-10-12:0","tanggal":"2020-10-12","presisi_tanggal":"hari","waktu_utc":null,"sumber":"pvmbg-lapangan","tipe":null,"desa":null,"kecamatan":null,"kab_kode":"32.06","kab_nama":"Kabupaten Tasikmalaya","provinsi":"Jawa Barat"}},{"type":"Feature","geometry":{"type":"Point","coordinates":[108.1786,-7.5164]},"properties":{"id":"pvmbg:6272_2020:2020-10-12:0","tanggal":"2020-10-12","presisi_tanggal":"hari","waktu_utc":null,"sumber":"pvmbg-lapangan","tipe":null,"desa":null,"kecamatan":null,"kab_kode":"32.06","kab_nama":"Kabupaten Tasikmalaya","provinsi":"Jawa Barat"}},{"type":"Feature","geometry":{"type":"Point","coordinates":[108.1589,-7.5003]},"properties":{"id":"pvmbg:628_2020:2020-10-12:0","tanggal":"2020-10-12","presisi_tanggal":"hari","waktu_utc":null,"sumber":"pvmbg-lapangan","tipe":null,"desa":null,"kecamatan":null,"kab_kode":"32.06","kab_nama":"Kabupaten Tasikmalaya","provinsi":"Jawa Barat"}},{"type":"Feature","geometry":{"type":"Point","coordinates":[108.1552,-7.5265]},"properties":{"id":"pvmbg:628_2020:2020-10-12:1","tanggal":"2020-10-12","presisi_tanggal":"hari","waktu_utc":null,"sumber":"pvmbg-lapangan","tipe":null,"desa":null,"kecamatan":null,"kab_kode":"32.06","kab_nama":"Kabupaten Tasikmalaya","provinsi":"Jawa Barat"}},{"type":"Feature","geometry":{"type":"Point","coordinates":[108.1278,-7.4966]},"properties":{"id":"pvmbg:628_2020:2020-10-12:2","tanggal":"2020-10-12","presisi_tanggal":"hari","waktu_utc":null,"sumber":"pvmbg-lapangan","tipe":null,"desa":null,"kecamatan":null,"kab_kode":"32.06","kab_nama":"Kabupaten Tasikmalaya","provinsi":"Jawa Barat"}},{"type":"Feature","geometry":{"type":"Point","coordinates":[107.7375,-7.5978]},"properties":{"id":"pvmbg:793_2020:2020-10-12:0","tanggal":"2020-10-12","presisi_tanggal":"hari","waktu_utc":null,"sumber":"pvmbg-lapangan","tipe":null,"desa":null,"kecamatan":null,"kab_kode":"32.05","kab_nama":"Kabupaten Garut","provinsi":"Jawa Barat"}},{"type":"Feature","geometry":{"type":"Point","coordinates":[107.7665,-7.5096]},"properties":{"id":"pvmbg:793_2020:2020-10-12:1","tanggal":"2020-10-12","presisi_tanggal":"hari","waktu_utc":null,"sumber":"pvmbg-lapangan","tipe":null,"desa":null,"kecamatan":null,"kab_kode":"32.05","kab_nama":"Kabupaten Garut","provinsi":"Jawa Barat"}},{"type":"Feature","geometry":{"type":"Point","coordinates":[107.918,-7.7043]},"properties":{"id":"pvmbg:793_2020:2020-10-12:2","tanggal":"2020-10-12","presisi_tanggal":"hari","waktu_utc":null,"sumber":"pvmbg-lapangan","tipe":null,"desa":null,"kecamatan":null,"kab_kode":"32.05","kab_nama":"Kabupaten Garut","provinsi":"Jawa Barat"}},{"type":"Feature","geometry":{"type":"Point","coordinates":[108.209,-6.932]},"properties":{"id":"pvmbg:728_2020:2020-10-16:0","tanggal":"2020-10-16","presisi_tanggal":"hari","waktu_utc":null,"sumber":"pvmbg-lapangan","tipe":null,"desa":null,"kecamatan":null,"kab_kode":"32.11","kab_nama":"Kabupaten Sumedang","provinsi":"Jawa Barat"}},{"type":"Feature","geometry":{"type":"Point","coordinates":[108.0064,-6.8222]},"properties":{"id":"pvmbg:730_2020:2020-10-16:0","tanggal":"2020-10-16","presisi_tanggal":"hari","waktu_utc":null,"sumber":"pvmbg-lapangan","tipe":null,"desa":null,"kecamatan":null,"kab_kode":"32.11","kab_nama":"Kabupaten Sumedang","provinsi":"Jawa Barat"}},{"type":"Feature","geometry":{"type":"Point","coordinates":[107.8922,-7.635]},"properties":{"id":"pvmbg:27_2021:2020-10-20:0","tanggal":"2020-10-20","presisi_tanggal":"hari","waktu_utc":null,"sumber":"pvmbg-lapangan","tipe":null,"desa":null,"kecamatan":null,"kab_kode":"32.05","kab_nama":"Kabupaten Garut","provinsi":"Jawa Barat"}},{"type":"Feature","geometry":{"type":"Point","coordinates":[108.5869,-7.5125]},"properties":{"id":"magma:CRS20201030050638","tanggal":"2020-10-26","presisi_tanggal":"hari","waktu_utc":"2020-10-26T15:10:00+00:00","sumber":"magma-tanggapan","tipe":null,"desa":"Labanjaya","kecamatan":"Banjarsari","kab_kode":"32.07","kab_nama":"Kabupaten Ciamis","provinsi":"Jawa Barat"}},{"type":"Feature","geometry":{"type":"Point","coordinates":[109.6431,-7.6425]},"properties":{"id":"pvmbg:762_2020:2020-10-27:0","tanggal":"2020-10-27","presisi_tanggal":"hari","waktu_utc":null,"sumber":"pvmbg-lapangan","tipe":null,"desa":null,"kecamatan":null,"kab_kode":"33.05","kab_nama":"Kabupaten Kebumen","provinsi":"Jawa Tengah"}},{"type":"Feature","geometry":{"type":"Point","coordinates":[107.3435,-6.9641]},"properties":{"id":"magma:CRS20201029045922","tanggal":"2020-10-28","presisi_tanggal":"hari","waktu_utc":"2020-10-27T20:06:00+00:00","sumber":"magma-tanggapan","tipe":null,"desa":"Karangsari","kecamatan":"Cipongkor","kab_kode":"32.17","kab_nama":"Kabupaten Bandung Barat","provinsi":"Jawa Barat"}},{"type":"Feature","geometry":{"type":"Point","coordinates":[100.831,0.3289]},"properties":{"id":"magma:CRS20201030101343","tanggal":"2020-10-28","presisi_tanggal":"hari","waktu_utc":"2020-10-27T17:00:00+00:00","sumber":"magma-tanggapan","tipe":null,"desa":"Pulau Gadang","kecamatan":"Xiii Koto Kampar","kab_kode":"14.01","kab_nama":"Kabupaten Kampar","provinsi":"Riau"}},{"type":"Feature","geometry":{"type":"Point","coordinates":[106.8045,-6.4041]},"properties":{"id":"magma:CRS20201030104752","tanggal":"2020-10-28","presisi_tanggal":"hari","waktu_utc":"2020-10-28T15:10:00+00:00","sumber":"magma-tanggapan","tipe":null,"desa":"Pancoran Mas","kecamatan":"Pancoran Mas","kab_kode":"32.76","kab_nama":"Kota Depok","provinsi":"Jawa Barat"}},{"type":"Feature","geometry":{"type":"Point","coordinates":[106.8216,-6.3218]},"properties":{"id":"magma:CRS20201031052812","tanggal":"2020-10-28","presisi_tanggal":"hari","waktu_utc":"2020-10-28T09:10:00+00:00","sumber":"magma-tanggapan","tipe":null,"desa":"Jagakarsa","kecamatan":"Jagakarsa","kab_kode":"31.74","kab_nama":"Kota Administrasi Jakarta Selatan","provinsi":"Daerah Khusus Ibukota Jakarta"}},{"type":"Feature","geometry":{"type":"Point","coordinates":[106.853,-6.871]},"properties":{"id":"pvmbg:806_2020:2020-10-28:0","tanggal":"2020-10-28","presisi_tanggal":"hari","waktu_utc":null,"sumber":"pvmbg-lapangan","tipe":null,"desa":null,"kecamatan":null,"kab_kode":"32.02","kab_nama":"Kabupaten Sukabumi","provinsi":"Jawa Barat"}},{"type":"Feature","geometry":{"type":"Point","coordinates":[112.0029,-7.141]},"properties":{"id":"magma:CRS20201030055244","tanggal":"2020-10-29","presisi_tanggal":"hari","waktu_utc":"2020-10-29T05:00:00+00:00","sumber":"magma-tanggapan","tipe":null,"desa":"Simbatan","kecamatan":"Kanor","kab_kode":"35.22","kab_nama":"Kabupaten Bojonegoro","provinsi":"Jawa Timur"}},{"type":"Feature","geometry":{"type":"Point","coordinates":[108.5404,-7.4632]},"properties":{"id":"magma:CRS20201031055728","tanggal":"2020-10-30","presisi_tanggal":"hari","waktu_utc":"2020-10-29T22:00:00+00:00","sumber":"magma-tanggapan","tipe":null,"desa":"Sukahurip","kecamatan":"Pamarican","kab_kode":"32.07","kab_nama":"Kabupaten Ciamis","provinsi":"Jawa Barat"}},{"type":"Feature","geometry":{"type":"Point","coordinates":[106.3936,-6.8202]},"properties":{"id":"magma:CRS20201101061825","tanggal":"2020-10-30","presisi_tanggal":"hari","waktu_utc":"2020-10-29T17:00:00+00:00","sumber":"magma-tanggapan","tipe":null,"desa":"Cibeber","kecamatan":"Cibeber","kab_kode":"36.02","kab_nama":"Kabupaten Lebak","provinsi":"Banten"}},{"type":"Feature","geometry":{"type":"Point","coordinates":[107.0598,-7.4205]},"properties":{"id":"magma:CRS20201101080530","tanggal":"2020-10-30","presisi_tanggal":"hari","waktu_utc":"2020-10-30T11:20:00+00:00","sumber":"magma-tanggapan","tipe":null,"desa":"Kertasari","kecamatan":"Sindangbarang","kab_kode":"32.03","kab_nama":"Kabupaten Cianjur","provinsi":"Jawa Barat"}},{"type":"Feature","geometry":{"type":"Point","coordinates":[107.0864,-7.4481]},"properties":{"id":"magma:CRS20201101143431","tanggal":"2020-10-30","presisi_tanggal":"hari","waktu_utc":"2020-10-30T11:19:00+00:00","sumber":"magma-tanggapan","tipe":null,"desa":"Talagasari","kecamatan":"Sindangbarang","kab_kode":"32.03","kab_nama":"Kabupaten Cianjur","provinsi":"Jawa Barat"}},{"type":"Feature","geometry":{"type":"Point","coordinates":[107.0864,-7.4481]},"properties":{"id":"magma:CRS20201101144827","tanggal":"2020-10-30","presisi_tanggal":"hari","waktu_utc":"2020-10-30T11:19:00+00:00","sumber":"magma-tanggapan","tipe":null,"desa":"Talagasari","kecamatan":"Sindangbarang","kab_kode":"32.03","kab_nama":"Kabupaten Cianjur","provinsi":"Jawa Barat"}},{"type":"Feature","geometry":{"type":"Point","coordinates":[106.6922,-6.8261]},"properties":{"id":"pvmbg:808_2020:2020-10-30:0","tanggal":"2020-10-30","presisi_tanggal":"hari","waktu_utc":null,"sumber":"pvmbg-lapangan","tipe":null,"desa":null,"kecamatan":null,"kab_kode":"32.02","kab_nama":"Kabupaten Sukabumi","provinsi":"Jawa Barat"}},{"type":"Feature","geometry":{"type":"Point","coordinates":[109.5919,-7.279]},"properties":{"id":"pvmbg:811_2020:2020-10-30:0","tanggal":"2020-10-30","presisi_tanggal":"hari","waktu_utc":null,"sumber":"pvmbg-lapangan","tipe":null,"desa":null,"kecamatan":"Pandanarum Banjarnegara","kab_kode":"33.04","kab_nama":"Kabupaten Banjarnegara","provinsi":"Jawa Tengah"}},{"type":"Feature","geometry":{"type":"Point","coordinates":[109.5868,-7.2882]},"properties":{"id":"pvmbg:811_2020:2020-10-30:1","tanggal":"2020-10-30","presisi_tanggal":"hari","waktu_utc":null,"sumber":"pvmbg-lapangan","tipe":null,"desa":null,"kecamatan":"Pandanarum Banjarnegara","kab_kode":"33.04","kab_nama":"Kabupaten Banjarnegara","provinsi":"Jawa Tengah"}},{"type":"Feature","geometry":{"type":"Point","coordinates":[109.548,-7.6082]},"properties":{"id":"magma:CRS20201101065736","tanggal":"2020-10-31","presisi_tanggal":"hari","waktu_utc":"2020-10-30T17:00:00+00:00","sumber":"magma-tanggapan","tipe":null,"desa":"Karang Anyar","kecamatan":"Karanganyar","kab_kode":"33.05","kab_nama":"Kabupaten Kebumen","provinsi":"Jawa Tengah"}},{"type":"Feature","geometry":{"type":"Point","coordinates":[109.7721,-7.3319]},"properties":{"id":"pvmbg:813_2020:2020-10-31:0","tanggal":"2020-10-31","presisi_tanggal":"hari","waktu_utc":null,"sumber":"pvmbg-lapangan","tipe":null,"desa":null,"kecamatan":null,"kab_kode":"33.04","kab_nama":"Kabupaten Banjarnegara","provinsi":"Jawa Tengah"}},{"type":"Feature","geometry":{"type":"Point","coordinates":[109.754,-7.335]},"properties":{"id":"pvmbg:813_2020:2020-10-31:1","tanggal":"2020-10-31","presisi_tanggal":"hari","waktu_utc":null,"sumber":"pvmbg-lapangan","tipe":null,"desa":null,"kecamatan":null,"kab_kode":"33.04","kab_nama":"Kabupaten Banjarnegara","provinsi":"Jawa Tengah"}},{"type":"Feature","geometry":{"type":"Point","coordinates":[108.0298,-6.9999]},"properties":{"id":"magma:CRS20201102053948","tanggal":"2020-11-01","presisi_tanggal":"hari","waktu_utc":"2020-10-31T22:00:00+00:00","sumber":"magma-tanggapan","tipe":null,"desa":"Cirapuhan","kecamatan":"Selaawi","kab_kode":"32.05","kab_nama":"Kabupaten Garut","provinsi":"Jawa Barat"}},{"type":"Feature","geometry":{"type":"Point","coordinates":[111.678,-8.2547]},"properties":{"id":"magma:CRS20201102061941","tanggal":"2020-11-01","presisi_tanggal":"hari","waktu_utc":"2020-10-31T20:30:00+00:00","sumber":"magma-tanggapan","tipe":null,"desa":"Dukuh","kecamatan":"Watulimo","kab_kode":"35.03","kab_nama":"Kabupaten Trenggalek","provinsi":"Jawa Timur"}},{"type":"Feature","geometry":{"type":"Point","coordinates":[111.6686,-8.0225]},"properties":{"id":"magma:CRS20201102070146","tanggal":"2020-11-01","presisi_tanggal":"hari","waktu_utc":"2020-10-31T20:30:00+00:00","sumber":"magma-tanggapan","tipe":null,"desa":"Prambon","kecamatan":"Tugu","kab_kode":"35.03","kab_nama":"Kabupaten Trenggalek","provinsi":"Jawa Timur"}},{"type":"Feature","geometry":{"type":"Point","coordinates":[101.5589,-2.7315]},"properties":{"id":"magma:CRS20201104045319","tanggal":"2020-11-01","presisi_tanggal":"hari","waktu_utc":"2020-11-01T00:00:00+00:00","sumber":"magma-tanggapan","tipe":null,"desa":"Dusun Tunggang","kecamatan":"Pondok Suguh","kab_kode":"17.06","kab_nama":"Kabupaten Mukomuko","provinsi":"Bengkulu"}},{"type":"Feature","geometry":{"type":"Point","coordinates":[107.7748,-7.5561]},"properties":{"id":"pvmbg:218_2021:2020-11-01:0","tanggal":"2020-11-01","presisi_tanggal":"bulan","waktu_utc":null,"sumber":"pvmbg-lapangan","tipe":null,"desa":null,"kecamatan":null,"kab_kode":"32.05","kab_nama":"Kabupaten Garut","provinsi":"Jawa Barat"}},{"type":"Feature","geometry":{"type":"Point","coordinates":[106.8296,-7.0175]},"properties":{"id":"pvmbg:810_2020:2020-11-01:0","tanggal":"2020-11-01","presisi_tanggal":"bulan","waktu_utc":null,"sumber":"pvmbg-lapangan","tipe":null,"desa":null,"kecamatan":null,"kab_kode":"32.02","kab_nama":"Kabupaten Sukabumi","provinsi":"Jawa Barat"}},{"type":"Feature","geometry":{"type":"Point","coordinates":[112.9904,-8.2041]},"properties":{"id":"magma:CRS20201103033154","tanggal":"2020-11-02","presisi_tanggal":"hari","waktu_utc":"2020-11-01T21:00:00+00:00","sumber":"magma-tanggapan","tipe":null,"desa":"Oro Oro Ombo","kecamatan":"Pronojiwo","kab_kode":"35.08","kab_nama":"Kabupaten Lumajang","provinsi":"Jawa Timur"}},{"type":"Feature","geometry":{"type":"Point","coordinates":[111.5361,-8.1829]},"properties":{"id":"magma:CRS20201103040510","tanggal":"2020-11-02","presisi_tanggal":"hari","waktu_utc":"2020-11-01T17:15:00+00:00","sumber":"magma-tanggapan","tipe":null,"desa":"Siki","kecamatan":"Dongko","kab_kode":"35.03","kab_nama":"Kabupaten Trenggalek","provinsi":"Jawa Timur"}},{"type":"Feature","geometry":{"type":"Point","coordinates":[110.4322,-7.7362]},"properties":{"id":"magma:CRS20201103050410","tanggal":"2020-11-02","presisi_tanggal":"hari","waktu_utc":"2020-11-02T07:30:00+00:00","sumber":"magma-tanggapan","tipe":null,"desa":"Wedomartani","kecamatan":"Ngemplak","kab_kode":"34.04","kab_nama":"Kabupaten Sleman","provinsi":"Daerah Istimewa Yogyakarta"}},{"type":"Feature","geometry":{"type":"Point","coordinates":[109.9765,-7.5091]},"properties":{"id":"magma:CRS20201103055832","tanggal":"2020-11-02","presisi_tanggal":"hari","waktu_utc":"2020-11-01T22:00:00+00:00","sumber":"magma-tanggapan","tipe":null,"desa":"Gondowulan","kecamatan":"Kepil","kab_kode":"33.07","kab_nama":"Kabupaten Wonosobo","provinsi":"Jawa Tengah"}},{"type":"Feature","geometry":{"type":"Point","coordinates":[111.7346,-7.8404]},"properties":{"id":"magma:CRS20201103062604","tanggal":"2020-11-02","presisi_tanggal":"hari","waktu_utc":"2020-11-01T22:00:00+00:00","sumber":"magma-tanggapan","tipe":null,"desa":"Krisik","kecamatan":"Pudak","kab_kode":"35.02","kab_nama":"Kabupaten Ponorogo","provinsi":"Jawa Timur"}},{"type":"Feature","geometry":{"type":"Point","coordinates":[112.2205,-6.8963]},"properties":{"id":"magma:CRS20201104051415","tanggal":"2020-11-02","presisi_tanggal":"hari","waktu_utc":"2020-11-01T18:00:00+00:00","sumber":"magma-tanggapan","tipe":null,"desa":"Brengkok","kecamatan":"Brondong","kab_kode":"35.24","kab_nama":"Kabupaten Lamongan","provinsi":"Jawa Timur"}},{"type":"Feature","geometry":{"type":"Point","coordinates":[98.8004,1.7597]},"properties":{"id":"magma:CRS20201104054023","tanggal":"2020-11-02","presisi_tanggal":"hari","waktu_utc":"2020-11-02T15:00:00+00:00","sumber":"magma-tanggapan","tipe":null,"desa":"Simaninggir","kecamatan":"Sitahuis","kab_kode":"12.01","kab_nama":"Kabupaten Tapanuli Tengah","provinsi":"Sumatera Utara"}},{"type":"Feature","geometry":{"type":"Point","coordinates":[111.1058,-7.6325]},"properties":{"id":"magma:CRS20201106143957","tanggal":"2020-11-02","presisi_tanggal":"hari","waktu_utc":"2020-11-02T07:00:00+00:00","sumber":"magma-tanggapan","tipe":null,"desa":"Karang","kecamatan":"Karangpandan","kab_kode":"33.13","kab_nama":"Kabupaten Karanganyar","provinsi":"Jawa Tengah"}},{"type":"Feature","geometry":{"type":"Point","coordinates":[109.6198,-7.4014]},"properties":{"id":"pvmbg:24_2021:2020-11-02:0","tanggal":"2020-11-02","presisi_tanggal":"hari","waktu_utc":null,"sumber":"pvmbg-lapangan","tipe":null,"desa":null,"kecamatan":null,"kab_kode":"33.04","kab_nama":"Kabupaten Banjarnegara","provinsi":"Jawa Tengah"}},{"type":"Feature","geometry":{"type":"Point","coordinates":[109.6405,-7.408]},"properties":{"id":"pvmbg:24_2021:2020-11-02:1","tanggal":"2020-11-02","presisi_tanggal":"hari","waktu_utc":null,"sumber":"pvmbg-lapangan","tipe":null,"desa":null,"kecamatan":null,"kab_kode":"33.04","kab_nama":"Kabupaten Banjarnegara","provinsi":"Jawa Tengah"}},{"type":"Feature","geometry":{"type":"Point","coordinates":[117.1603,-0.5173]},"properties":{"id":"magma:CRS20201106074317","tanggal":"2020-11-04","presisi_tanggal":"hari","waktu_utc":"2020-11-03T17:00:00+00:00","sumber":"magma-tanggapan","tipe":null,"desa":"Selili","kecamatan":"Samarinda Ilir","kab_kode":"64.72","kab_nama":"Kota Samarinda","provinsi":"Kalimantan Timur"}},{"type":"Feature","geometry":{"type":"Point","coordinates":[112.7881,-8.2758]},"properties":{"id":"magma:CRS20201126204744","tanggal":"2020-11-04","presisi_tanggal":"hari","waktu_utc":"2020-11-03T22:00:00+00:00","sumber":"magma-tanggapan+pvmbg-lapangan","tipe":null,"desa":"Baturetno","kecamatan":"Dampit","kab_kode":"35.07","kab_nama":"Kabupaten Malang","provinsi":"Jawa Timur"}},{"type":"Feature","geometry":{"type":"Point","coordinates":[108.1844,-7.5509]},"properties":{"id":"magma:CRS20201106082424","tanggal":"2020-11-05","presisi_tanggal":"hari","waktu_utc":"2020-11-04T19:00:00+00:00","sumber":"magma-tanggapan","tipe":null,"desa":"Parung","kecamatan":"Cibalong","kab_kode":"32.06","kab_nama":"Kabupaten Tasikmalaya","provinsi":"Jawa Barat"}},{"type":"Feature","geometry":{"type":"Point","coordinates":[109.4884,-7.2902]},"properties":{"id":"magma:CRS20201106084410","tanggal":"2020-11-05","presisi_tanggal":"hari","waktu_utc":"2020-11-04T18:00:00+00:00","sumber":"magma-tanggapan","tipe":null,"desa":"Rajawana","kecamatan":"Karangmoncol","kab_kode":"33.03","kab_nama":"Kabupaten Purbalingga","provinsi":"Jawa Tengah"}},{"type":"Feature","geometry":{"type":"Point","coordinates":[109.4557,-7.2173]},"properties":{"id":"magma:CRS20201106095839","tanggal":"2020-11-05","presisi_tanggal":"hari","waktu_utc":"2020-11-05T04:30:00+00:00","sumber":"magma-tanggapan","tipe":null,"desa":"Sirau","kecamatan":"Karangmoncol","kab_kode":"33.03","kab_nama":"Kabupaten Purbalingga","provinsi":"Jawa Tengah"}},{"type":"Feature","geometry":{"type":"Point","coordinates":[109.4472,-7.215]},"properties":{"id":"magma:CRS20201106110249","tanggal":"2020-11-05","presisi_tanggal":"hari","waktu_utc":"2020-11-05T04:30:00+00:00","sumber":"magma-tanggapan","tipe":null,"desa":"Sirau","kecamatan":"Karangmoncol","kab_kode":"33.03","kab_nama":"Kabupaten Purbalingga","provinsi":"Jawa Tengah"}},{"type":"Feature","geometry":{"type":"Point","coordinates":[109.9884,-7.3598]},"properties":{"id":"magma:CRS20201107055734","tanggal":"2020-11-05","presisi_tanggal":"hari","waktu_utc":"2020-11-05T10:00:00+00:00","sumber":"magma-tanggapan","tipe":null,"desa":"Candimulyo","kecamatan":"Kertek","kab_kode":"33.07","kab_nama":"Kabupaten Wonosobo","provinsi":"Jawa Tengah"}},{"type":"Feature","geometry":{"type":"Point","coordinates":[109.2311,-7.4495]},"properties":{"id":"magma:CRS20201108053416","tanggal":"2020-11-06","presisi_tanggal":"hari","waktu_utc":"2020-11-06T07:00:00+00:00","sumber":"magma-tanggapan","tipe":null,"desa":"Karangpucung","kecamatan":"Purwokerto Selatan","kab_kode":"33.02","kab_nama":"Kabupaten Banyumas","provinsi":"Jawa Tengah"}},{"type":"Feature","geometry":{"type":"Point","coordinates":[109.4418,-7.1979]},"properties":{"id":"magma:CRS20201109033135","tanggal":"2020-11-07","presisi_tanggal":"hari","waktu_utc":"2020-11-06T17:00:00+00:00","sumber":"magma-tanggapan","tipe":null,"desa":"Sirau","kecamatan":"Karangmoncol","kab_kode":"33.03","kab_nama":"Kabupaten Purbalingga","provinsi":"Jawa Tengah"}},{"type":"Feature","geometry":{"type":"Point","coordinates":[106.3446,-6.9487]},"properties":{"id":"magma:CRS20201109054848","tanggal":"2020-11-07","presisi_tanggal":"hari","waktu_utc":"2020-11-07T07:45:00+00:00","sumber":"magma-tanggapan","tipe":null,"desa":"Lebaktipar","kecamatan":"Cilograng","kab_kode":"36.02","kab_nama":"Kabupaten Lebak","provinsi":"Banten"}},{"type":"Feature","geometry":{"type":"Point","coordinates":[106.1287,-6.8319]},"properties":{"id":"magma:CRS20201109060707","tanggal":"2020-11-07","presisi_tanggal":"hari","waktu_utc":"2020-11-07T05:00:00+00:00","sumber":"magma-tanggapan","tipe":null,"desa":"Barunai","kecamatan":"Cihara","kab_kode":"36.02","kab_nama":"Kabupaten Lebak","provinsi":"Banten"}},{"type":"Feature","geometry":{"type":"Point","coordinates":[109.0542,-7.4123]},"properties":{"id":"magma:CRS20201110030946","tanggal":"2020-11-08","presisi_tanggal":"hari","waktu_utc":"2020-11-08T07:30:00+00:00","sumber":"magma-tanggapan","tipe":null,"desa":"Kracak","kecamatan":"Ajibarang","kab_kode":"33.02","kab_nama":"Kabupaten Banyumas","provinsi":"Jawa Tengah"}},{"type":"Feature","geometry":{"type":"Point","coordinates":[109.0308,-7.4302]},"properties":{"id":"pvmbg:97_2021:2020-11-08:0","tanggal":"2020-11-08","presisi_tanggal":"hari","waktu_utc":null,"sumber":"pvmbg-lapangan","tipe":null,"desa":null,"kecamatan":null,"kab_kode":"33.02","kab_nama":"Kabupaten Banyumas","provinsi":"Jawa Tengah"}},{"type":"Feature","geometry":{"type":"Point","coordinates":[109.5806,-7.3297]},"properties":{"id":"magma:CRS20201110034239","tanggal":"2020-11-09","presisi_tanggal":"hari","waktu_utc":"2020-11-08T20:00:00+00:00","sumber":"magma-tanggapan","tipe":null,"desa":"Punggelan","kecamatan":"Punggelan","kab_kode":"33.04","kab_nama":"Kabupaten Banjarnegara","provinsi":"Jawa Tengah"}},{"type":"Feature","geometry":{"type":"Point","coordinates":[107.113,-7.247]},"properties":{"id":"magma:CRS20201111042904","tanggal":"2020-11-10","presisi_tanggal":"hari","waktu_utc":"2020-11-10T08:00:00+00:00","sumber":"magma-tanggapan","tipe":null,"desa":"Tanggeung","kecamatan":"Tanggeung","kab_kode":"32.03","kab_nama":"Kabupaten Cianjur","provinsi":"Jawa Barat"}},{"type":"Feature","geometry":{"type":"Point","coordinates":[109.6567,-7.6819]},"properties":{"id":"pvmbg:764_2020:2020-11-12:0","tanggal":"2020-11-12","presisi_tanggal":"hari","waktu_utc":null,"sumber":"pvmbg-lapangan","tipe":null,"desa":null,"kecamatan":null,"kab_kode":"33.05","kab_nama":"Kabupaten Kebumen","provinsi":"Jawa Tengah"}},{"type":"Feature","geometry":{"type":"Point","coordinates":[106.9477,-7.2949]},"properties":{"id":"magma:CRS20201116090840","tanggal":"2020-11-14","presisi_tanggal":"hari","waktu_utc":"2020-11-14T10:00:00+00:00","sumber":"magma-tanggapan","tipe":null,"desa":"Ciumbuleuit","kecamatan":"Cidadap","kab_kode":"32.02","kab_nama":"Kabupaten Sukabumi","provinsi":"Jawa Barat"}},{"type":"Feature","geometry":{"type":"Point","coordinates":[106.9772,-7.3093]},"properties":{"id":"magma:CRS20201116092528","tanggal":"2020-11-14","presisi_tanggal":"hari","waktu_utc":"2020-11-14T05:00:00+00:00","sumber":"magma-tanggapan","tipe":null,"desa":"Padaasih","kecamatan":"Cijati","kab_kode":"32.03","kab_nama":"Kabupaten Cianjur","provinsi":"Jawa Barat"}},{"type":"Feature","geometry":{"type":"Point","coordinates":[113.793,-1.0608]},"properties":{"id":"magma:CRS20201117055632","tanggal":"2020-11-14","presisi_tanggal":"hari","waktu_utc":"2020-11-14T06:00:00+00:00","sumber":"magma-tanggapan","tipe":null,"desa":"Sarerangan","kecamatan":"Tewah","kab_kode":"62.10","kab_nama":"Kabupaten Gunung Mas","provinsi":"Kalimantan Tengah"}},{"type":"Feature","geometry":{"type":"Point","coordinates":[111.1712,-8.2226]},"properties":{"id":"magma:CRS20201117103540","tanggal":"2020-11-15","presisi_tanggal":"hari","waktu_utc":"2020-11-14T17:00:00+00:00","sumber":"magma-tanggapan","tipe":null,"desa":"Gawang","kecamatan":"Kebonagung","kab_kode":"35.01","kab_nama":"Kabupaten Pacitan","provinsi":"Jawa Timur"}},{"type":"Feature","geometry":{"type":"Point","coordinates":[111.207,-8.2103]},"properties":{"id":"magma:CRS20201117110259","tanggal":"2020-11-15","presisi_tanggal":"hari","waktu_utc":"2020-11-15T07:30:00+00:00","sumber":"magma-tanggapan","tipe":null,"desa":"Gembuk","kecamatan":"Kebonagung","kab_kode":"35.01","kab_nama":"Kabupaten Pacitan","provinsi":"Jawa Timur"}},{"type":"Feature","geometry":{"type":"Point","coordinates":[106.9063,-7.3849]},"properties":{"id":"magma:CRS20201117114405","tanggal":"2020-11-15","presisi_tanggal":"hari","waktu_utc":"2020-11-15T14:00:00+00:00","sumber":"magma-tanggapan","tipe":null,"desa":"Sukamanah","kecamatan":"Agrabinta","kab_kode":"32.03","kab_nama":"Kabupaten Cianjur","provinsi":"Jawa Barat"}},{"type":"Feature","geometry":{"type":"Point","coordinates":[106.9238,-7.1978]},"properties":{"id":"pvmbg:807_2020:2020-11-15:0","tanggal":"2020-11-15","presisi_tanggal":"hari","waktu_utc":null,"sumber":"pvmbg-lapangan","tipe":null,"desa":null,"kecamatan":null,"kab_kode":"32.02","kab_nama":"Kabupaten Sukabumi","provinsi":"Jawa Barat"}},{"type":"Feature","geometry":{"type":"Point","coordinates":[109.4076,-7.5359]},"properties":{"id":"pvmbg:18_2021:2020-11-16:0","tanggal":"2020-11-16","presisi_tanggal":"hari","waktu_utc":null,"sumber":"pvmbg-lapangan","tipe":null,"desa":null,"kecamatan":null,"kab_kode":"33.04","kab_nama":"Kabupaten Banjarnegara","provinsi":"Jawa Tengah"}},{"type":"Feature","geometry":{"type":"Point","coordinates":[109.6635,-7.3052]},"properties":{"id":"pvmbg:19_2021:2020-11-16:0","tanggal":"2020-11-16","presisi_tanggal":"hari","waktu_utc":null,"sumber":"pvmbg-lapangan","tipe":null,"desa":null,"kecamatan":"B","kab_kode":"33.04","kab_nama":"Kabupaten Banjarnegara","provinsi":"Jawa Tengah"}},{"type":"Feature","geometry":{"type":"Point","coordinates":[109.6076,-7.3061]},"properties":{"id":"pvmbg:21_2021:2020-11-16:0","tanggal":"2020-11-16","presisi_tanggal":"hari","waktu_utc":null,"sumber":"pvmbg-lapangan","tipe":null,"desa":null,"kecamatan":"Pu","kab_kode":"33.04","kab_nama":"Kabupaten Banjarnegara","provinsi":"Jawa Tengah"}},{"type":"Feature","geometry":{"type":"Point","coordinates":[109.4557,-7.5359]},"properties":{"id":"magma:CRS20201118043331","tanggal":"2020-11-17","presisi_tanggal":"hari","waktu_utc":"2020-11-16T19:00:00+00:00","sumber":"magma-tanggapan","tipe":null,"desa":"Sampang","kecamatan":"Sempor","kab_kode":"33.05","kab_nama":"Kabupaten Kebumen","provinsi":"Jawa Tengah"}},{"type":"Feature","geometry":{"type":"Point","coordinates":[109.4086,-7.5016]},"properties":{"id":"magma:CRS20201118051340","tanggal":"2020-11-17","presisi_tanggal":"hari","waktu_utc":"2020-11-16T21:00:00+00:00","sumber":"magma-tanggapan","tipe":null,"desa":"Gentan","kecamatan":"Susukan","kab_kode":"33.04","kab_nama":"Kabupaten Banjarnegara","provinsi":"Jawa Tengah"}},{"type":"Feature","geometry":{"type":"Point","coordinates":[108.5255,-7.3992]},"properties":{"id":"magma:CRS20201118053337","tanggal":"2020-11-17","presisi_tanggal":"hari","waktu_utc":"2020-11-16T17:00:00+00:00","sumber":"magma-tanggapan","tipe":null,"desa":"Binangun","kecamatan":"Pataruman","kab_kode":"32.79","kab_nama":"Kota Banjar","provinsi":"Jawa Barat"}},{"type":"Feature","geometry":{"type":"Point","coordinates":[108.3623,-7.5226]},"properties":{"id":"magma:CRS20201118060131","tanggal":"2020-11-17","presisi_tanggal":"hari","waktu_utc":"2020-11-16T17:00:00+00:00","sumber":"magma-tanggapan","tipe":null,"desa":"Pangkalan","kecamatan":"Langkaplancar","kab_kode":"32.18","kab_nama":"Kabupaten Pangandaran","provinsi":"Jawa Barat"}},{"type":"Feature","geometry":{"type":"Point","coordinates":[108.0273,-7.3478]},"properties":{"id":"magma:CRS20201118062651","tanggal":"2020-11-17","presisi_tanggal":"hari","waktu_utc":"2020-11-16T22:30:00+00:00","sumber":"magma-tanggapan","tipe":null,"desa":"Jayapura","kecamatan":"Cigalontang","kab_kode":"32.06","kab_nama":"Kabupaten Tasikmalaya","provinsi":"Jawa Barat"}},{"type":"Feature","geometry":{"type":"Point","coordinates":[108.865,-7.3666]},"properties":{"id":"magma:CRS20201118084410","tanggal":"2020-11-17","presisi_tanggal":"hari","waktu_utc":"2020-11-16T19:00:00+00:00","sumber":"magma-tanggapan","tipe":null,"desa":"Cimanggu","kecamatan":"Cimanggu","kab_kode":"33.01","kab_nama":"Kabupaten Cilacap","provinsi":"Jawa Tengah"}},{"type":"Feature","geometry":{"type":"Point","coordinates":[108.9028,-7.4124]},"properties":{"id":"magma:CRS20201118090710","tanggal":"2020-11-17","presisi_tanggal":"hari","waktu_utc":"2020-11-16T19:00:00+00:00","sumber":"magma-tanggapan","tipe":null,"desa":"Gunungtelu","kecamatan":"Karangpucung","kab_kode":"33.01","kab_nama":"Kabupaten Cilacap","provinsi":"Jawa Tengah"}},{"type":"Feature","geometry":{"type":"Point","coordinates":[109.3724,-7.5603]},"properties":{"id":"magma:CRS20201118091746","tanggal":"2020-11-17","presisi_tanggal":"hari","waktu_utc":"2020-11-16T20:00:00+00:00","sumber":"magma-tanggapan","tipe":null,"desa":"Banjarpanepen","kecamatan":"Sumpiuh","kab_kode":"33.02","kab_nama":"Kabupaten Banyumas","provinsi":"Jawa Tengah"}},{"type":"Feature","geometry":{"type":"Point","coordinates":[108.3772,-7.5063]},"properties":{"id":"magma:CRS20201119092505","tanggal":"2020-11-17","presisi_tanggal":"hari","waktu_utc":"2020-11-17T05:00:00+00:00","sumber":"magma-tanggapan","tipe":null,"desa":"Bojongkondang","kecamatan":"Langkaplancar","kab_kode":"32.18","kab_nama":"Kabupaten Pangandaran","provinsi":"Jawa Barat"}},{"type":"Feature","geometry":{"type":"Point","coordinates":[108.8665,-7.4453]},"properties":{"id":"pvmbg:10a_2021:2020-11-17:0","tanggal":"2020-11-17","presisi_tanggal":"hari","waktu_utc":null,"sumber":"pvmbg-lapangan","tipe":null,"desa":null,"kecamatan":"Gandrungmangu","kab_kode":"33.01","kab_nama":"Kabupaten Cilacap","provinsi":"Jawa Tengah"}},{"type":"Feature","geometry":{"type":"Point","coordinates":[108.8461,-7.4507]},"properties":{"id":"pvmbg:10a_2021:2020-11-17:1","tanggal":"2020-11-17","presisi_tanggal":"hari","waktu_utc":null,"sumber":"pvmbg-lapangan","tipe":null,"desa":null,"kecamatan":"Gandrungmangu","kab_kode":"33.01","kab_nama":"Kabupaten Cilacap","provinsi":"Jawa Tengah"}},{"type":"Feature","geometry":{"type":"Point","coordinates":[108.877,-7.4154]},"properties":{"id":"pvmbg:22_2021:2020-11-17:0","tanggal":"2020-11-17","presisi_tanggal":"hari","waktu_utc":null,"sumber":"pvmbg-lapangan","tipe":null,"desa":null,"kecamatan":"Karangpucung Cilac","kab_kode":"33.01","kab_nama":"Kabupaten Cilacap","provinsi":"Jawa Tengah"}},{"type":"Feature","geometry":{"type":"Point","coordinates":[108.8889,-7.4298]},"properties":{"id":"pvmbg:22_2021:2020-11-17:1","tanggal":"2020-11-17","presisi_tanggal":"hari","waktu_utc":null,"sumber":"pvmbg-lapangan","tipe":null,"desa":null,"kecamatan":"Karangpucung Cilac","kab_kode":"33.01","kab_nama":"Kabupaten Cilacap","provinsi":"Jawa Tengah"}},{"type":"Feature","geometry":{"type":"Point","coordinates":[109.3442,-7.5683]},"properties":{"id":"pvmbg:815_2020:2020-11-17:0","tanggal":"2020-11-17","presisi_tanggal":"hari","waktu_utc":null,"sumber":"pvmbg-lapangan","tipe":null,"desa":null,"kecamatan":null,"kab_kode":"33.02","kab_nama":"Kabupaten Banyumas","provinsi":"Jawa Tengah"}},{"type":"Feature","geometry":{"type":"Point","coordinates":[111.7891,-8.2219]},"properties":{"id":"magma:CRS20201120065506","tanggal":"2020-11-18","presisi_tanggal":"hari","waktu_utc":"2020-11-18T09:00:00+00:00","sumber":"magma-tanggapan","tipe":null,"desa":"Besuki","kecamatan":"Besuki","kab_kode":"35.04","kab_nama":"Kabupaten Tulungagung","provinsi":"Jawa Timur"}},{"type":"Feature","geometry":{"type":"Point","coordinates":[111.9833,-2.3]},"properties":{"id":"magma:CRS20201121024327","tanggal":"2020-11-18","presisi_tanggal":"hari","waktu_utc":"2020-11-18T13:00:00+00:00","sumber":"magma-tanggapan","tipe":null,"desa":"Pangkut","kecamatan":"Arut Utara","kab_kode":"62.01","kab_nama":"Kabupaten Kotawaringin Barat","provinsi":"Kalimantan Tengah"}},{"type":"Feature","geometry":{"type":"Point","coordinates":[111.8659,-7.8579]},"properties":{"id":"pvmbg:753_2020:2020-11-18:0","tanggal":"2020-11-18","presisi_tanggal":"hari","waktu_utc":null,"sumber":"pvmbg-lapangan","tipe":null,"desa":null,"kecamatan":null,"kab_kode":"35.06","kab_nama":"Kabupaten Kediri","provinsi":"Jawa Timur"}},{"type":"Feature","geometry":{"type":"Point","coordinates":[106.4995,-7.3535]},"properties":{"id":"magma:CRS20201121032337","tanggal":"2020-11-19","presisi_tanggal":"hari","waktu_utc":"2020-11-19T15:00:00+00:00","sumber":"magma-tanggapan","tipe":null,"desa":"Purwasedar","kecamatan":"Ciracap","kab_kode":"32.02","kab_nama":"Kabupaten Sukabumi","provinsi":"Jawa Barat"}},{"type":"Feature","geometry":{"type":"Point","coordinates":[100.4621,0.1654]},"properties":{"id":"magma:CRS20201121034945","tanggal":"2020-11-20","presisi_tanggal":"hari","waktu_utc":"2020-11-20T03:10:00+00:00","sumber":"magma-tanggapan","tipe":null,"desa":"Koto Lamo","kecamatan":"Kapur Ix","kab_kode":"13.07","kab_nama":"Kabupaten Lima Puluh Kota","provinsi":"Sumatera Barat"}},{"type":"Feature","geometry":{"type":"Point","coordinates":[100.5127,-0.17]},"properties":{"id":"magma:CRS20201122060526","tanggal":"2020-11-20","presisi_tanggal":"hari","waktu_utc":"2020-11-20T15:10:00+00:00","sumber":"magma-tanggapan","tipe":null,"desa":"Simpang Sugiran","kecamatan":"Guguak","kab_kode":"13.07","kab_nama":"Kabupaten Lima Puluh Kota","provinsi":"Sumatera Barat"}},{"type":"Feature","geometry":{"type":"Point","coordinates":[107.2194,-7.1289]},"properties":{"id":"magma:CRS20201122063213","tanggal":"2020-11-20","presisi_tanggal":"hari","waktu_utc":"2020-11-20T08:10:00+00:00","sumber":"magma-tanggapan","tipe":null,"desa":"Sindanglaya","kecamatan":"Pagelaran","kab_kode":"32.03","kab_nama":"Kabupaten Cianjur","provinsi":"Jawa Barat"}},{"type":"Feature","geometry":{"type":"Point","coordinates":[98.498,2.9128]},"properties":{"id":"magma:CRS20201122065859","tanggal":"2020-11-20","presisi_tanggal":"hari","waktu_utc":"2020-11-20T09:00:00+00:00","sumber":"magma-tanggapan","tipe":null,"desa":"Pengambaten","kecamatan":"Merek","kab_kode":"12.06","kab_nama":"Kabupaten Karo","provinsi":"Sumatera Utara"}},{"type":"Feature","geometry":{"type":"Point","coordinates":[108.8659,-7.46]},"properties":{"id":"pvmbg:10a_2021:2020-11-20:0","tanggal":"2020-11-20","presisi_tanggal":"hari","waktu_utc":null,"sumber":"pvmbg-lapangan","tipe":null,"desa":null,"kecamatan":"Gandrungmangu","kab_kode":"33.01","kab_nama":"Kabupaten Cilacap","provinsi":"Jawa Tengah"}},{"type":"Feature","geometry":{"type":"Point","coordinates":[108.8528,-7.4331]},"properties":{"id":"pvmbg:10a_2021:2020-11-20:1","tanggal":"2020-11-20","presisi_tanggal":"hari","waktu_utc":null,"sumber":"pvmbg-lapangan","tipe":null,"desa":null,"kecamatan":"Gandrungmangu","kab_kode":"33.01","kab_nama":"Kabupaten Cilacap","provinsi":"Jawa Tengah"}},{"type":"Feature","geometry":{"type":"Point","coordinates":[107.1151,-7.1608]},"properties":{"id":"pvmbg:796_2020:2020-11-20:0","tanggal":"2020-11-20","presisi_tanggal":"hari","waktu_utc":null,"sumber":"pvmbg-lapangan","tipe":null,"desa":null,"kecamatan":null,"kab_kode":"32.03","kab_nama":"Kabupaten Cianjur","provinsi":"Jawa Barat"}},{"type":"Feature","geometry":{"type":"Point","coordinates":[106.6704,-6.8854]},"properties":{"id":"magma:CRS20201123050230","tanggal":"2020-11-21","presisi_tanggal":"hari","waktu_utc":"2020-11-21T15:10:00+00:00","sumber":"magma-tanggapan","tipe":null,"desa":"Pangkalan","kecamatan":"Cikidang","kab_kode":"32.02","kab_nama":"Kabupaten Sukabumi","provinsi":"Jawa Barat"}},{"type":"Feature","geometry":{"type":"Point","coordinates":[106.6704,-6.8854]},"properties":{"id":"magma:CRS20201123052044","tanggal":"2020-11-21","presisi_tanggal":"hari","waktu_utc":"2020-11-21T15:10:00+00:00","sumber":"magma-tanggapan","tipe":null,"desa":"Pangkalan","kecamatan":"Cikidang","kab_kode":"32.02","kab_nama":"Kabupaten Sukabumi","provinsi":"Jawa Barat"}},{"type":"Feature","geometry":{"type":"Point","coordinates":[101.9006,-1.6686]},"properties":{"id":"magma:CRS20201123053655","tanggal":"2020-11-21","presisi_tanggal":"hari","waktu_utc":"2020-11-20T19:00:00+00:00","sumber":"magma-tanggapan","tipe":null,"desa":"Lubuk Kayu Aro","kecamatan":"Rantau Pandan","kab_kode":"15.08","kab_nama":"Kabupaten Bungo","provinsi":"Jambi"}},{"type":"Feature","geometry":{"type":"Point","coordinates":[106.31,-6.8477]},"properties":{"id":"magma:CRS20201123044640","tanggal":"2020-11-22","presisi_tanggal":"hari","waktu_utc":"2020-11-21T20:02:00+00:00","sumber":"magma-tanggapan","tipe":null,"desa":"Cibeber","kecamatan":"Cibeber","kab_kode":"36.02","kab_nama":"Kabupaten Lebak","provinsi":"Banten"}},{"type":"Feature","geometry":{"type":"Point","coordinates":[112.3636,-7.992]},"properties":{"id":"magma:CRS20201124050913","tanggal":"2020-11-22","presisi_tanggal":"hari","waktu_utc":"2020-11-21T17:00:00+00:00","sumber":"magma-tanggapan","tipe":null,"desa":"Semen","kecamatan":"Gandusari","kab_kode":"35.05","kab_nama":"Kabupaten Blitar","provinsi":"Jawa Timur"}},{"type":"Feature","geometry":{"type":"Point","coordinates":[108.2763,-7.0437]},"properties":{"id":"magma:CRS20201124051814","tanggal":"2020-11-22","presisi_tanggal":"hari","waktu_utc":"2020-11-22T10:00:00+00:00","sumber":"magma-tanggapan","tipe":null,"desa":"Cimuncang","kecamatan":"Malausma","kab_kode":"32.10","kab_nama":"Kabupaten Majalengka","provinsi":"Jawa Barat"}},{"type":"Feature","geometry":{"type":"Point","coordinates":[111.6281,-0.2946]},"properties":{"id":"magma:CRS20201124054001","tanggal":"2020-11-23","presisi_tanggal":"hari","waktu_utc":"2020-11-23T06:00:00+00:00","sumber":"magma-tanggapan","tipe":null,"desa":"Pemuar","kecamatan":"Belimbing","kab_kode":"61.10","kab_nama":"Kabupaten Melawi","provinsi":"Kalimantan Barat"}},{"type":"Feature","geometry":{"type":"Point","coordinates":[100.7267,-0.6608]},"properties":{"id":"magma:CRS20201125055126","tanggal":"2020-11-23","presisi_tanggal":"hari","waktu_utc":"2020-11-23T05:12:00+00:00","sumber":"magma-tanggapan","tipe":null,"desa":"Talago Gunung","kecamatan":"Barangin","kab_kode":"13.73","kab_nama":"Kota Sawahlunto","provinsi":"Sumatera Barat"}},{"type":"Feature","geometry":{"type":"Point","coordinates":[102.9723,-4.3209]},"properties":{"id":"magma:CRS20201125055908","tanggal":"2020-11-23","presisi_tanggal":"hari","waktu_utc":"2020-11-23T07:15:00+00:00","sumber":"magma-tanggapan","tipe":null,"desa":"Merambung","kecamatan":"Ulu Manna","kab_kode":"17.01","kab_nama":"Kabupaten Bengkulu Selatan","provinsi":"Bengkulu"}},{"type":"Feature","geometry":{"type":"Point","coordinates":[102.9752,-4.3334]},"properties":{"id":"magma:CRS20201125060230","tanggal":"2020-11-23","presisi_tanggal":"hari","waktu_utc":"2020-11-23T07:15:00+00:00","sumber":"magma-tanggapan","tipe":null,"desa":"Bandar Agung","kecamatan":"Ulu Manna","kab_kode":"17.01","kab_nama":"Kabupaten Bengkulu Selatan","provinsi":"Bengkulu"}},{"type":"Feature","geometry":{"type":"Point","coordinates":[107.1165,-7.0042]},"properties":{"id":"magma:CRS20201125061207","tanggal":"2020-11-23","presisi_tanggal":"hari","waktu_utc":"2020-11-23T10:00:00+00:00","sumber":"magma-tanggapan","tipe":null,"desa":"Campaka","kecamatan":"Campaka","kab_kode":"32.03","kab_nama":"Kabupaten Cianjur","provinsi":"Jawa Barat"}},{"type":"Feature","geometry":{"type":"Point","coordinates":[99.662,0.6724]},"properties":{"id":"magma:CRS20201125062007","tanggal":"2020-11-24","presisi_tanggal":"hari","waktu_utc":"2020-11-24T06:05:00+00:00","sumber":"magma-tanggapan","tipe":null,"desa":"Muara Mais","kecamatan":"Tambangan","kab_kode":"12.13","kab_nama":"Kabupaten Mandailing Natal","provinsi":"Sumatera Utara"}},{"type":"Feature","geometry":{"type":"Point","coordinates":[115.2625,-8.5069]},"properties":{"id":"magma:CRS20201126025814","tanggal":"2020-11-24","presisi_tanggal":"hari","waktu_utc":"2020-11-23T23:00:00+00:00","sumber":"magma-tanggapan","tipe":null,"desa":"Ubud","kecamatan":"Ubud","kab_kode":"51.04","kab_nama":"Kabupaten Gianyar","provinsi":"Bali"}},{"type":"Feature","geometry":{"type":"Point","coordinates":[115.2625,-8.5069]},"properties":{"id":"magma:CRS20201126030235","tanggal":"2020-11-25","presisi_tanggal":"hari","waktu_utc":"2020-11-25T06:00:00+00:00","sumber":"magma-tanggapan","tipe":null,"desa":"Ubud","kecamatan":"Ubud","kab_kode":"51.04","kab_nama":"Kabupaten Gianyar","provinsi":"Bali"}},{"type":"Feature","geometry":{"type":"Point","coordinates":[110.4113,-7.514]},"properties":{"id":"magma:CRS20201126030605","tanggal":"2020-11-25","presisi_tanggal":"hari","waktu_utc":"2020-11-25T02:30:00+00:00","sumber":"magma-tanggapan","tipe":null,"desa":"Tlogolele","kecamatan":"Selo","kab_kode":"33.09","kab_nama":"Kabupaten Boyolali","provinsi":"Jawa Tengah"}},{"type":"Feature","geometry":{"type":"Point","coordinates":[110.5633,-8.1107]},"properties":{"id":"magma:CRS20201128061315","tanggal":"2020-11-25","presisi_tanggal":"hari","waktu_utc":"2020-11-25T06:45:00+00:00","sumber":"magma-tanggapan","tipe":null,"desa":"Kemadang","kecamatan":"Tanjungsari","kab_kode":"34.03","kab_nama":"Kabupaten Gunungkidul","provinsi":"Daerah Istimewa Yogyakarta"}},{"type":"Feature","geometry":{"type":"Point","coordinates":[100.0975,-0.513]},"properties":{"id":"magma:CRS20201128075539","tanggal":"2020-11-25","presisi_tanggal":"hari","waktu_utc":"2020-11-25T15:10:00+00:00","sumber":"magma-tanggapan","tipe":null,"desa":"Pilubang","kecamatan":"Sungai Limau","kab_kode":"13.05","kab_nama":"Kabupaten Padang Pariaman","provinsi":"Sumatera Barat"}},{"type":"Feature","geometry":{"type":"Point","coordinates":[108.1043,-7.1794]},"properties":{"id":"magma:CRS20201128082111","tanggal":"2020-11-25","presisi_tanggal":"hari","waktu_utc":"2020-11-25T09:10:00+00:00","sumber":"magma-tanggapan","tipe":null,"desa":"Bugel","kecamatan":"Ciawi","kab_kode":"32.06","kab_nama":"Kabupaten Tasikmalaya","provinsi":"Jawa Barat"}},{"type":"Feature","geometry":{"type":"Point","coordinates":[108.134,-7.1678]},"properties":{"id":"magma:CRS20201128084406","tanggal":"2020-11-25","presisi_tanggal":"hari","waktu_utc":"2020-11-25T09:10:00+00:00","sumber":"magma-tanggapan","tipe":null,"desa":"Margasari","kecamatan":"Ciawi","kab_kode":"32.06","kab_nama":"Kabupaten Tasikmalaya","provinsi":"Jawa Barat"}},{"type":"Feature","geometry":{"type":"Point","coordinates":[112.3586,0.4947]},"properties":{"id":"magma:CRS20201128091048","tanggal":"2020-11-25","presisi_tanggal":"hari","waktu_utc":"2020-11-24T17:00:00+00:00","sumber":"magma-tanggapan","tipe":null,"desa":"Sasan","kecamatan":"Pengkadan","kab_kode":"61.06","kab_nama":"Kabupaten Kapuas Hulu","provinsi":"Kalimantan Barat"}},{"type":"Feature","geometry":{"type":"Point","coordinates":[115.3608,-8.252]},"properties":{"id":"magma:CRS20201128093448","tanggal":"2020-11-25","presisi_tanggal":"hari","waktu_utc":"2020-11-25T06:00:00+00:00","sumber":"magma-tanggapan","tipe":null,"desa":"Batur Selatan","kecamatan":"Kintamani","kab_kode":"51.06","kab_nama":"Kabupaten Bangli","provinsi":"Bali"}},{"type":"Feature","geometry":{"type":"Point","coordinates":[100.3554,-0.2624]},"properties":{"id":"magma:CRS20201128095532","tanggal":"2020-11-26","presisi_tanggal":"hari","waktu_utc":"2020-11-25T22:30:00+00:00","sumber":"magma-tanggapan","tipe":null,"desa":"Gadut","kecamatan":"Tilatang Kamang","kab_kode":"13.06","kab_nama":"Kabupaten Agam","provinsi":"Sumatera Barat"}},{"type":"Feature","geometry":{"type":"Point","coordinates":[100.3386,-0.2116]},"properties":{"id":"magma:CRS20201128100319","tanggal":"2020-11-26","presisi_tanggal":"hari","waktu_utc":"2020-11-25T21:00:00+00:00","sumber":"magma-tanggapan","tipe":null,"desa":"Koto Rantang","kecamatan":"Palupuh","kab_kode":"13.06","kab_nama":"Kabupaten Agam","provinsi":"Sumatera Barat"}},{"type":"Feature","geometry":{"type":"Point","coordinates":[114.9813,-8.3378]},"properties":{"id":"magma:CRS20201130004107","tanggal":"2020-11-26","presisi_tanggal":"hari","waktu_utc":"2020-11-26T10:30:00+00:00","sumber":"magma-tanggapan","tipe":null,"desa":"Pajahan","kecamatan":"Pupuan","kab_kode":"51.02","kab_nama":"Kabupaten Tabanan","provinsi":"Bali"}},{"type":"Feature","geometry":{"type":"Point","coordinates":[100.2993,-0.392]},"properties":{"id":"magma:CRS20201128100825","tanggal":"2020-11-27","presisi_tanggal":"hari","waktu_utc":"2020-11-26T19:00:00+00:00","sumber":"magma-tanggapan","tipe":null,"desa":"Malalak Timur","kecamatan":"Malalak","kab_kode":"13.06","kab_nama":"Kabupaten Agam","provinsi":"Sumatera Barat"}},{"type":"Feature","geometry":{"type":"Point","coordinates":[100.2993,-0.392]},"properties":{"id":"magma:CRS20201130003008","tanggal":"2020-11-27","presisi_tanggal":"hari","waktu_utc":"2020-11-27T03:10:00+00:00","sumber":"magma-tanggapan","tipe":null,"desa":"Malalak Timur","kecamatan":"Malalak","kab_kode":"13.06","kab_nama":"Kabupaten Agam","provinsi":"Sumatera Barat"}},{"type":"Feature","geometry":{"type":"Point","coordinates":[107.3671,-7.2838]},"properties":{"id":"magma:CRS20201130003430","tanggal":"2020-11-27","presisi_tanggal":"hari","waktu_utc":"2020-11-27T03:10:00+00:00","sumber":"magma-tanggapan","tipe":null,"desa":"Sukabakti","kecamatan":"Naringgul","kab_kode":"32.03","kab_nama":"Kabupaten Cianjur","provinsi":"Jawa Barat"}},{"type":"Feature","geometry":{"type":"Point","coordinates":[111.0818,0.0435]},"properties":{"id":"magma:CRS20201130010058","tanggal":"2020-11-27","presisi_tanggal":"hari","waktu_utc":"2020-11-27T09:00:00+00:00","sumber":"magma-tanggapan","tipe":null,"desa":"Sungai Ayak I","kecamatan":"Belitang Hilir","kab_kode":"61.09","kab_nama":"Kabupaten Sekadau","provinsi":"Kalimantan Barat"}},{"type":"Feature","geometry":{"type":"Point","coordinates":[113.5937,-7.8119]},"properties":{"id":"magma:CRS20201130012018","tanggal":"2020-11-27","presisi_tanggal":"hari","waktu_utc":"2020-11-26T22:00:00+00:00","sumber":"magma-tanggapan","tipe":null,"desa":"Blimbing","kecamatan":"Pakuniran","kab_kode":"35.13","kab_nama":"Kabupaten Probolinggo","provinsi":"Jawa Timur"}},{"type":"Feature","geometry":{"type":"Point","coordinates":[113.0016,-7.8987]},"properties":{"id":"magma:CRS20201130013133","tanggal":"2020-11-27","presisi_tanggal":"hari","waktu_utc":"2020-11-26T22:00:00+00:00","sumber":"magma-tanggapan","tipe":null,"desa":"Lumbang","kecamatan":"Lumbang","kab_kode":"35.13","kab_nama":"Kabupaten Probolinggo","provinsi":"Jawa Timur"}},{"type":"Feature","geometry":{"type":"Point","coordinates":[102.9263,-3.9917]},"properties":{"id":"magma:CRS20201130014535","tanggal":"2020-11-27","presisi_tanggal":"hari","waktu_utc":"2020-11-27T13:10:00+00:00","sumber":"magma-tanggapan","tipe":null,"desa":"Suban","kecamatan":"Semidang Alas","kab_kode":"17.05","kab_nama":"Kabupaten Seluma","provinsi":"Bengkulu"}},{"type":"Feature","geometry":{"type":"Point","coordinates":[109.7,-7.6159]},"properties":{"id":"pvmbg:763_2020:2020-11-27:0","tanggal":"2020-11-27","presisi_tanggal":"hari","waktu_utc":null,"sumber":"pvmbg-lapangan","tipe":null,"desa":null,"kecamatan":null,"kab_kode":"33.05","kab_nama":"Kabupaten Kebumen","provinsi":"Jawa Tengah"}},{"type":"Feature","geometry":{"type":"Point","coordinates":[109.6156,-7.603]},"properties":{"id":"pvmbg:765_2020:2020-11-27:0","tanggal":"2020-11-27","presisi_tanggal":"hari","waktu_utc":null,"sumber":"pvmbg-lapangan","tipe":null,"desa":null,"kecamatan":"Sruweng Kabupten Kebumen","kab_kode":"33.05","kab_nama":"Kabupaten Kebumen","provinsi":"Jawa Tengah"}},{"type":"Feature","geometry":{"type":"Point","coordinates":[109.6323,-7.6026]},"properties":{"id":"pvmbg:765_2020:2020-11-27:1","tanggal":"2020-11-27","presisi_tanggal":"hari","waktu_utc":null,"sumber":"pvmbg-lapangan","tipe":null,"desa":null,"kecamatan":"Sruweng Kabupten Kebumen","kab_kode":"33.05","kab_nama":"Kabupaten Kebumen","provinsi":"Jawa Tengah"}},{"type":"Feature","geometry":{"type":"Point","coordinates":[109.4938,-7.5683]},"properties":{"id":"pvmbg:766_2020:2020-11-27:0","tanggal":"2020-11-27","presisi_tanggal":"hari","waktu_utc":null,"sumber":"pvmbg-lapangan","tipe":null,"desa":null,"kecamatan":null,"kab_kode":"33.05","kab_nama":"Kabupaten Kebumen","provinsi":"Jawa Tengah"}},{"type":"Feature","geometry":{"type":"Point","coordinates":[109.5455,-7.587]},"properties":{"id":"pvmbg:766_2020:2020-11-27:1","tanggal":"2020-11-27","presisi_tanggal":"hari","waktu_utc":null,"sumber":"pvmbg-lapangan","tipe":null,"desa":null,"kecamatan":null,"kab_kode":"33.05","kab_nama":"Kabupaten Kebumen","provinsi":"Jawa Tengah"}},{"type":"Feature","geometry":{"type":"Point","coordinates":[109.8003,-7.6287]},"properties":{"id":"pvmbg:769_2020:2020-11-27:0","tanggal":"2020-11-27","presisi_tanggal":"hari","waktu_utc":null,"sumber":"pvmbg-lapangan","tipe":null,"desa":null,"kecamatan":"Padureso","kab_kode":"33.05","kab_nama":"Kabupaten Kebumen","provinsi":"Jawa Tengah"}},{"type":"Feature","geometry":{"type":"Point","coordinates":[109.8102,-7.6262]},"properties":{"id":"pvmbg:769_2020:2020-11-27:1","tanggal":"2020-11-27","presisi_tanggal":"hari","waktu_utc":null,"sumber":"pvmbg-lapangan","tipe":null,"desa":null,"kecamatan":"Padureso","kab_kode":"33.05","kab_nama":"Kabupaten Kebumen","provinsi":"Jawa Tengah"}},{"type":"Feature","geometry":{"type":"Point","coordinates":[117.1603,-0.5173]},"properties":{"id":"magma:CRS20201130005521","tanggal":"2020-11-28","presisi_tanggal":"hari","waktu_utc":"2020-11-28T00:00:00+00:00","sumber":"magma-tanggapan","tipe":null,"desa":"Selili","kecamatan":"Samarinda Ilir","kab_kode":"64.72","kab_nama":"Kota Samarinda","provinsi":"Kalimantan Timur"}},{"type":"Feature","geometry":{"type":"Point","coordinates":[118.3111,-8.6083]},"properties":{"id":"magma:CRS20201130011156","tanggal":"2020-11-28","presisi_tanggal":"hari","waktu_utc":"2020-11-28T10:00:00+00:00","sumber":"magma-tanggapan","tipe":null,"desa":"Nangatumpu","kecamatan":"Manggalewa","kab_kode":"52.05","kab_nama":"Kabupaten Dompu","provinsi":"Nusa Tenggara Barat"}},{"type":"Feature","geometry":{"type":"Point","coordinates":[109.7294,-7.4513]},"properties":{"id":"magma:CRS20201130013707","tanggal":"2020-11-28","presisi_tanggal":"hari","waktu_utc":"2020-11-28T07:40:00+00:00","sumber":"magma-tanggapan","tipe":null,"desa":"Pesangkalan","kecamatan":"Pagedongan","kab_kode":"33.04","kab_nama":"Kabupaten Banjarnegara","provinsi":"Jawa Tengah"}},{"type":"Feature","geometry":{"type":"Point","coordinates":[115.6687,-2.2937]},"properties":{"id":"magma:CRS20201201050850","tanggal":"2020-11-28","presisi_tanggal":"hari","waktu_utc":"2020-11-28T04:00:00+00:00","sumber":"magma-tanggapan","tipe":null,"desa":"Tabuan","kecamatan":"Halong","kab_kode":"63.11","kab_nama":"Kabupaten Balangan","provinsi":"Kalimantan Selatan"}},{"type":"Feature","geometry":{"type":"Point","coordinates":[111.7674,-7.9639]},"properties":{"id":"magma:CRS20201201051411","tanggal":"2020-11-29","presisi_tanggal":"hari","waktu_utc":"2020-11-29T11:00:00+00:00","sumber":"magma-tanggapan","tipe":null,"desa":"Kradinan","kecamatan":"Pager Wojo","kab_kode":"35.04","kab_nama":"Kabupaten Tulungagung","provinsi":"Jawa Timur"}},{"type":"Feature","geometry":{"type":"Point","coordinates":[112.3904,-8.0594]},"properties":{"id":"magma:CRS20201201051840","tanggal":"2020-11-29","presisi_tanggal":"hari","waktu_utc":"2020-11-29T06:00:00+00:00","sumber":"magma-tanggapan","tipe":null,"desa":"Sidorejo","kecamatan":"Doko","kab_kode":"35.05","kab_nama":"Kabupaten Blitar","provinsi":"Jawa Timur"}},{"type":"Feature","geometry":{"type":"Point","coordinates":[107.9561,-6.8558]},"properties":{"id":"magma:CRS20201201052137","tanggal":"2020-11-29","presisi_tanggal":"hari","waktu_utc":"2020-11-29T09:30:00+00:00","sumber":"magma-tanggapan","tipe":null,"desa":"Cikoneng","kecamatan":"Ganeas","kab_kode":"32.11","kab_nama":"Kabupaten Sumedang","provinsi":"Jawa Barat"}},{"type":"Feature","geometry":{"type":"Point","coordinates":[112.6392,-7.9929]},"properties":{"id":"magma:CRS20201202054842","tanggal":"2020-11-29","presisi_tanggal":"hari","waktu_utc":"2020-11-29T15:00:00+00:00","sumber":"magma-tanggapan","tipe":null,"desa":"Kotalama","kecamatan":"Kedungkandang","kab_kode":"35.73","kab_nama":"Kota Malang","provinsi":"Jawa Timur"}},{"type":"Feature","geometry":{"type":"Point","coordinates":[108.0777,-7.5763]},"properties":{"id":"magma:CRS20201202060319","tanggal":"2020-11-30","presisi_tanggal":"hari","waktu_utc":"2020-11-30T13:00:00+00:00","sumber":"magma-tanggapan","tipe":null,"desa":"Pamijahan","kecamatan":"Bantarkalong","kab_kode":"32.06","kab_nama":"Kabupaten Tasikmalaya","provinsi":"Jawa Barat"}},{"type":"Feature","geometry":{"type":"Point","coordinates":[106.2287,-6.8337]},"properties":{"id":"magma:CRS20201202061654","tanggal":"2020-12-01","presisi_tanggal":"hari","waktu_utc":"2020-12-01T01:10:00+00:00","sumber":"magma-tanggapan","tipe":null,"desa":"Panggarangan","kecamatan":"Panggarangan","kab_kode":"36.02","kab_nama":"Kabupaten Lebak","provinsi":"Banten"}},{"type":"Feature","geometry":{"type":"Point","coordinates":[107.3671,-7.2838]},"properties":{"id":"magma:CRS20201202064730","tanggal":"2020-12-01","presisi_tanggal":"hari","waktu_utc":"2020-11-30T17:10:00+00:00","sumber":"magma-tanggapan","tipe":null,"desa":"Sukabakti","kecamatan":"Naringgul","kab_kode":"32.03","kab_nama":"Kabupaten Cianjur","provinsi":"Jawa Barat"}},{"type":"Feature","geometry":{"type":"Point","coordinates":[109.7979,-7.4148]},"properties":{"id":"magma:CRS20201202070220","tanggal":"2020-12-01","presisi_tanggal":"hari","waktu_utc":"2020-12-01T12:00:00+00:00","sumber":"magma-tanggapan","tipe":null,"desa":"Bandingan","kecamatan":"Sigaluh","kab_kode":"33.04","kab_nama":"Kabupaten Banjarnegara","provinsi":"Jawa Tengah"}},{"type":"Feature","geometry":{"type":"Point","coordinates":[110.3636,-7.3577]},"properties":{"id":"magma:CRS20201203052045","tanggal":"2020-12-01","presisi_tanggal":"hari","waktu_utc":"2020-12-01T12:10:00+00:00","sumber":"magma-tanggapan","tipe":null,"desa":"Sambungrejo","kecamatan":"Grabag","kab_kode":"33.08","kab_nama":"Kabupaten Magelang","provinsi":"Jawa Tengah"}},{"type":"Feature","geometry":{"type":"Point","coordinates":[107.515,-7.2728]},"properties":{"id":"magma:CRS20201203053956","tanggal":"2020-12-01","presisi_tanggal":"hari","waktu_utc":"2020-11-30T19:00:00+00:00","sumber":"magma-tanggapan","tipe":null,"desa":"Sukamulya","kecamatan":"Talegong","kab_kode":"32.05","kab_nama":"Kabupaten Garut","provinsi":"Jawa Barat"}},{"type":"Feature","geometry":{"type":"Point","coordinates":[110.3875,-7.331]},"properties":{"id":"magma:CRS20201203060556","tanggal":"2020-12-01","presisi_tanggal":"hari","waktu_utc":"2020-12-01T05:12:00+00:00","sumber":"magma-tanggapan","tipe":null,"desa":"Wirogomo","kecamatan":"Banyubiru","kab_kode":"33.22","kab_nama":"Kabupaten Semarang","provinsi":"Jawa Tengah"}},{"type":"Feature","geometry":{"type":"Point","coordinates":[108.6117,-7.2595]},"properties":{"id":"magma:CRS20201203063000","tanggal":"2020-12-01","presisi_tanggal":"hari","waktu_utc":"2020-11-30T17:00:00+00:00","sumber":"magma-tanggapan","tipe":null,"desa":"Dayeuhluhur","kecamatan":"Dayeuhluhur","kab_kode":"33.01","kab_nama":"Kabupaten Cilacap","provinsi":"Jawa Tengah"}},{"type":"Feature","geometry":{"type":"Point","coordinates":[108.5927,-7.2372]},"properties":{"id":"magma:CRS20201203063810","tanggal":"2020-12-01","presisi_tanggal":"hari","waktu_utc":"2020-11-30T17:00:00+00:00","sumber":"magma-tanggapan","tipe":null,"desa":"Bingkeng","kecamatan":"Dayeuhluhur","kab_kode":"33.01","kab_nama":"Kabupaten Cilacap","provinsi":"Jawa Tengah"}},{"type":"Feature","geometry":{"type":"Point","coordinates":[108.9019,-7.2188]},"properties":{"id":"magma:CRS20201203070223","tanggal":"2020-12-01","presisi_tanggal":"hari","waktu_utc":"2020-12-01T09:10:00+00:00","sumber":"magma-tanggapan","tipe":null,"desa":"Ciomas","kecamatan":"Bantarkawung","kab_kode":"33.29","kab_nama":"Kabupaten Brebes","provinsi":"Jawa Tengah"}},{"type":"Feature","geometry":{"type":"Point","coordinates":[109.0075,-7.2576]},"properties":{"id":"magma:CRS20201203081259","tanggal":"2020-12-01","presisi_tanggal":"hari","waktu_utc":"2020-12-01T09:10:00+00:00","sumber":"magma-tanggapan","tipe":null,"desa":"Kalierang","kecamatan":"Bumiayu","kab_kode":"33.29","kab_nama":"Kabupaten Brebes","provinsi":"Jawa Tengah"}},{"type":"Feature","geometry":{"type":"Point","coordinates":[107.7229,-7.547]},"properties":{"id":"pvmbg:2019_2021:2020-12-01:0","tanggal":"2020-12-01","presisi_tanggal":"bulan","waktu_utc":null,"sumber":"pvmbg-lapangan","tipe":null,"desa":null,"kecamatan":null,"kab_kode":"32.05","kab_nama":"Kabupaten Garut","provinsi":"Jawa Barat"}},{"type":"Feature","geometry":{"type":"Point","coordinates":[107.6796,-7.4323]},"properties":{"id":"pvmbg:2020_2021:2020-12-01:0","tanggal":"2020-12-01","presisi_tanggal":"bulan","waktu_utc":null,"sumber":"pvmbg-lapangan","tipe":null,"desa":null,"kecamatan":null,"kab_kode":"32.05","kab_nama":"Kabupaten Garut","provinsi":"Jawa Barat"}},{"type":"Feature","geometry":{"type":"Point","coordinates":[109.4508,-7.582]},"properties":{"id":"pvmbg:768_2020:2020-12-01:0","tanggal":"2020-12-01","presisi_tanggal":"bulan","waktu_utc":null,"sumber":"pvmbg-lapangan","tipe":null,"desa":null,"kecamatan":null,"kab_kode":"33.05","kab_nama":"Kabupaten Kebumen","provinsi":"Jawa Tengah"}},{"type":"Feature","geometry":{"type":"Point","coordinates":[109.4598,-7.5928]},"properties":{"id":"pvmbg:768_2020:2020-12-01:1","tanggal":"2020-12-01","presisi_tanggal":"bulan","waktu_utc":null,"sumber":"pvmbg-lapangan","tipe":null,"desa":null,"kecamatan":null,"kab_kode":"33.05","kab_nama":"Kabupaten Kebumen","provinsi":"Jawa Tengah"}},{"type":"Feature","geometry":{"type":"Point","coordinates":[109.8471,-7.446]},"properties":{"id":"magma:CRS20201203083241","tanggal":"2020-12-02","presisi_tanggal":"hari","waktu_utc":"2020-12-01T17:00:00+00:00","sumber":"magma-tanggapan","tipe":null,"desa":"Kaliwiro","kecamatan":"Kaliwiro","kab_kode":"33.07","kab_nama":"Kabupaten Wonosobo","provinsi":"Jawa Tengah"}},{"type":"Feature","geometry":{"type":"Point","coordinates":[107.0164,-7.1982]},"properties":{"id":"magma:CRS20201204070036","tanggal":"2020-12-02","presisi_tanggal":"hari","waktu_utc":"2020-12-02T10:10:00+00:00","sumber":"magma-tanggapan","tipe":null,"desa":"Kadupandak","kecamatan":"Kadupandak","kab_kode":"32.03","kab_nama":"Kabupaten Cianjur","provinsi":"Jawa Barat"}},{"type":"Feature","geometry":{"type":"Point","coordinates":[109.0356,-7.2792]},"properties":{"id":"magma:CRS20201204084722","tanggal":"2020-12-02","presisi_tanggal":"hari","waktu_utc":"2020-12-02T15:10:00+00:00","sumber":"magma-tanggapan","tipe":null,"desa":"Ragatunjung","kecamatan":"Paguyangan","kab_kode":"33.29","kab_nama":"Kabupaten Brebes","provinsi":"Jawa Tengah"}},{"type":"Feature","geometry":{"type":"Point","coordinates":[107.1928,-7.086]},"properties":{"id":"magma:CRS20201205052649","tanggal":"2020-12-02","presisi_tanggal":"hari","waktu_utc":"2020-12-02T09:10:00+00:00","sumber":"magma-tanggapan","tipe":null,"desa":"Sukabungah","kecamatan":"Campaka Mulya","kab_kode":"32.03","kab_nama":"Kabupaten Cianjur","provinsi":"Jawa Barat"}},{"type":"Feature","geometry":{"type":"Point","coordinates":[109.6829,-7.4344]},"properties":{"id":"pvmbg:8_2021:2020-12-02:0","tanggal":"2020-12-02","presisi_tanggal":"hari","waktu_utc":null,"sumber":"pvmbg-lapangan","tipe":null,"desa":null,"kecamatan":null,"kab_kode":"33.04","kab_nama":"Kabupaten Banjarnegara","provinsi":"Jawa Tengah"}},{"type":"Feature","geometry":{"type":"Point","coordinates":[110.176,-7.4049]},"properties":{"id":"magma:CRS20201204090333","tanggal":"2020-12-03","presisi_tanggal":"hari","waktu_utc":"2020-12-02T18:00:00+00:00","sumber":"magma-tanggapan","tipe":null,"desa":"Windusari","kecamatan":"Windusari","kab_kode":"33.08","kab_nama":"Kabupaten Magelang","provinsi":"Jawa Tengah"}},{"type":"Feature","geometry":{"type":"Point","coordinates":[111.1146,-7.735]},"properties":{"id":"magma:CRS20201205055632","tanggal":"2020-12-03","presisi_tanggal":"hari","waktu_utc":"2020-12-03T03:00:00+00:00","sumber":"magma-tanggapan","tipe":null,"desa":"Wonokeling","kecamatan":"Jatiyoso","kab_kode":"33.13","kab_nama":"Kabupaten Karanganyar","provinsi":"Jawa Tengah"}},{"type":"Feature","geometry":{"type":"Point","coordinates":[109.4824,-7.3521]},"properties":{"id":"magma:CRS20201206021235","tanggal":"2020-12-03","presisi_tanggal":"hari","waktu_utc":"2020-12-02T23:00:00+00:00","sumber":"magma-tanggapan+pvmbg-lapangan","tipe":null,"desa":"Tumanggal","kecamatan":"Pengadegan","kab_kode":"33.03","kab_nama":"Kabupaten Purbalingga","provinsi":"Jawa Tengah"}},{"type":"Feature","geometry":{"type":"Point","coordinates":[109.786,-7.3025]},"properties":{"id":"magma:CRS20201207055657","tanggal":"2020-12-03","presisi_tanggal":"hari","waktu_utc":"2020-12-02T17:00:00+00:00","sumber":"magma-tanggapan+pvmbg-lapangan","tipe":null,"desa":"Kalitlaga","kecamatan":"Pagentan","kab_kode":"33.04","kab_nama":"Kabupaten Banjarnegara","provinsi":"Jawa Tengah"}},{"type":"Feature","geometry":{"type":"Point","coordinates":[107.5136,-7.2995]},"properties":{"id":"pvmbg:643_2020:2020-12-03:0","tanggal":"2020-12-03","presisi_tanggal":"hari","waktu_utc":null,"sumber":"pvmbg-lapangan","tipe":null,"desa":null,"kecamatan":"Talegong","kab_kode":"32.05","kab_nama":"Kabupaten Garut","provinsi":"Jawa Barat"}},{"type":"Feature","geometry":{"type":"Point","coordinates":[107.5303,-7.2875]},"properties":{"id":"pvmbg:767_2020:2020-12-03:0","tanggal":"2020-12-03","presisi_tanggal":"hari","waktu_utc":null,"sumber":"pvmbg-lapangan","tipe":null,"desa":null,"kecamatan":null,"kab_kode":"32.05","kab_nama":"Kabupaten Garut","provinsi":"Jawa Barat"}},{"type":"Feature","geometry":{"type":"Point","coordinates":[107.5121,-7.3022]},"properties":{"id":"pvmbg:772_2020:2020-12-03:0","tanggal":"2020-12-03","presisi_tanggal":"hari","waktu_utc":null,"sumber":"pvmbg-lapangan","tipe":null,"desa":null,"kecamatan":"Talegong","kab_kode":"32.05","kab_nama":"Kabupaten Garut","provinsi":"Jawa Barat"}},{"type":"Feature","geometry":{"type":"Point","coordinates":[107.5121,-7.3022]},"properties":{"id":"pvmbg:800_2020:2020-12-03:0","tanggal":"2020-12-03","presisi_tanggal":"hari","waktu_utc":null,"sumber":"pvmbg-lapangan","tipe":null,"desa":null,"kecamatan":"Talegong","kab_kode":"32.05","kab_nama":"Kabupaten Garut","provinsi":"Jawa Barat"}},{"type":"Feature","geometry":{"type":"Point","coordinates":[99.0751,1.4815]},"properties":{"id":"magma:CRS20201206024351","tanggal":"2020-12-04","presisi_tanggal":"hari","waktu_utc":"2020-12-04T08:32:00+00:00","sumber":"magma-tanggapan","tipe":null,"desa":"Wek I","kecamatan":"Batang Toru","kab_kode":"12.03","kab_nama":"Kabupaten Tapanuli Selatan","provinsi":"Sumatera Utara"}},{"type":"Feature","geometry":{"type":"Point","coordinates":[107.5505,-7.3646]},"properties":{"id":"magma:CRS20201207054111","tanggal":"2020-12-04","presisi_tanggal":"hari","waktu_utc":"2020-12-03T17:00:00+00:00","sumber":"magma-tanggapan","tipe":null,"desa":"Cisewu","kecamatan":"Cisewu","kab_kode":"32.05","kab_nama":"Kabupaten Garut","provinsi":"Jawa Barat"}},{"type":"Feature","geometry":{"type":"Point","coordinates":[109.7773,-7.3191]},"properties":{"id":"pvmbg:7_2021:2020-12-04:0","tanggal":"2020-12-04","presisi_tanggal":"hari","waktu_utc":null,"sumber":"pvmbg-lapangan","tipe":null,"desa":null,"kecamatan":null,"kab_kode":"33.04","kab_nama":"Kabupaten Banjarnegara","provinsi":"Jawa Tengah"}},{"type":"Feature","geometry":{"type":"Point","coordinates":[107.5128,-7.3665]},"properties":{"id":"pvmbg:801_2020:2020-12-04:0","tanggal":"2020-12-04","presisi_tanggal":"hari","waktu_utc":null,"sumber":"pvmbg-lapangan","tipe":null,"desa":null,"kecamatan":null,"kab_kode":"32.05","kab_nama":"Kabupaten Garut","provinsi":"Jawa Barat"}},{"type":"Feature","geometry":{"type":"Point","coordinates":[111.0985,-7.6338]},"properties":{"id":"magma:CRS20201206030452","tanggal":"2020-12-05","presisi_tanggal":"hari","waktu_utc":"2020-12-05T11:00:00+00:00","sumber":"magma-tanggapan","tipe":null,"desa":"Gerdu","kecamatan":"Karangpandan","kab_kode":"33.13","kab_nama":"Kabupaten Karanganyar","provinsi":"Jawa Tengah"}},{"type":"Feature","geometry":{"type":"Point","coordinates":[106.1963,-6.6565]},"properties":{"id":"magma:CRS20201207062603","tanggal":"2020-12-05","presisi_tanggal":"hari","waktu_utc":"2020-12-05T15:10:00+00:00","sumber":"magma-tanggapan","tipe":null,"desa":"Karangnunggal","kecamatan":"Cirinten","kab_kode":"36.02","kab_nama":"Kabupaten Lebak","provinsi":"Banten"}},{"type":"Feature","geometry":{"type":"Point","coordinates":[107.178,-7.3431]},"properties":{"id":"magma:CRS20201207061644","tanggal":"2020-12-06","presisi_tanggal":"hari","waktu_utc":"2020-12-06T09:10:00+00:00","sumber":"magma-tanggapan","tipe":null,"desa":"Cikangkareng","kecamatan":"Cibinong","kab_kode":"32.03","kab_nama":"Kabupaten Cianjur","provinsi":"Jawa Barat"}},{"type":"Feature","geometry":{"type":"Point","coordinates":[106.6196,-7.3555]},"properties":{"id":"magma:CRS20201208064952","tanggal":"2020-12-07","presisi_tanggal":"hari","waktu_utc":"2020-12-07T04:00:00+00:00","sumber":"magma-tanggapan","tipe":null,"desa":"Cikalong","kecamatan":"Cibitung","kab_kode":"32.02","kab_nama":"Kabupaten Sukabumi","provinsi":"Jawa Barat"}},{"type":"Feature","geometry":{"type":"Point","coordinates":[114.447,-0.6555]},"properties":{"id":"magma:CRS20201209055703","tanggal":"2020-12-07","presisi_tanggal":"hari","waktu_utc":"2020-12-07T05:00:00+00:00","sumber":"magma-tanggapan","tipe":null,"desa":"Olong Hanangan","kecamatan":"Tanah Siang Selatan","kab_kode":"62.12","kab_nama":"Kabupaten Murung Raya","provinsi":"Kalimantan Tengah"}},{"type":"Feature","geometry":{"type":"Point","coordinates":[110.4113,-7.0546]},"properties":{"id":"magma:CRS20201209060138","tanggal":"2020-12-08","presisi_tanggal":"hari","waktu_utc":"2020-12-07T17:00:00+00:00","sumber":"magma-tanggapan","tipe":null,"desa":"Srondol Kulon","kecamatan":"Banyumanik","kab_kode":"33.74","kab_nama":"Kota Semarang","provinsi":"Jawa Tengah"}},{"type":"Feature","geometry":{"type":"Point","coordinates":[120.0376,-8.6177]},"properties":{"id":"magma:CRS20201210063049","tanggal":"2020-12-09","presisi_tanggal":"hari","waktu_utc":"2020-12-08T17:00:00+00:00","sumber":"magma-tanggapan","tipe":null,"desa":"Golo Desat","kecamatan":"Mbeliling","kab_kode":"53.15","kab_nama":"Kabupaten Manggarai Barat","provinsi":"Nusa Tenggara Timur"}},{"type":"Feature","geometry":{"type":"Point","coordinates":[109.189,-7.1663]},"properties":{"id":"magma:CRS20201211043232","tanggal":"2020-12-09","presisi_tanggal":"hari","waktu_utc":"2020-12-08T17:00:00+00:00","sumber":"magma-tanggapan","tipe":null,"desa":"Bojong","kecamatan":"Bojong","kab_kode":"33.28","kab_nama":"Kabupaten Tegal","provinsi":"Jawa Tengah"}},{"type":"Feature","geometry":{"type":"Point","coordinates":[113.3883,-6.9875]},"properties":{"id":"magma:CRS20201211043739","tanggal":"2020-12-09","presisi_tanggal":"hari","waktu_utc":"2020-12-09T09:10:00+00:00","sumber":"magma-tanggapan","tipe":null,"desa":"Karang Penang Oloh","kecamatan":"Karang Penang","kab_kode":"35.27","kab_nama":"Kabupaten Sampang","provinsi":"Jawa Timur"}},{"type":"Feature","geometry":{"type":"Point","coordinates":[110.9882,-6.5686]},"properties":{"id":"magma:CRS20201212211626","tanggal":"2020-12-10","presisi_tanggal":"hari","waktu_utc":"2020-12-10T07:30:00+00:00","sumber":"magma-tanggapan","tipe":null,"desa":"Gunungwungkal","kecamatan":"Gunung Wungkal","kab_kode":"33.18","kab_nama":"Kabupaten Pati","provinsi":"Jawa Tengah"}},{"type":"Feature","geometry":{"type":"Point","coordinates":[103.226,-4.6382]},"properties":{"id":"magma:CRS20201212212851","tanggal":"2020-12-10","presisi_tanggal":"hari","waktu_utc":"2020-12-09T17:30:00+00:00","sumber":"magma-tanggapan","tipe":null,"desa":"Tanjung Harapan","kecamatan":"Semidang Gumay","kab_kode":"17.04","kab_nama":"Kabupaten Kaur","provinsi":"Bengkulu"}},{"type":"Feature","geometry":{"type":"Point","coordinates":[109.1731,-7.3505]},"properties":{"id":"magma:CRS20201212212136","tanggal":"2020-12-11","presisi_tanggal":"hari","waktu_utc":"2020-12-11T15:10:00+00:00","sumber":"magma-tanggapan","tipe":null,"desa":"Sunyalangu","kecamatan":"Karanglewas","kab_kode":"33.02","kab_nama":"Kabupaten Banyumas","provinsi":"Jawa Tengah"}},{"type":"Feature","geometry":{"type":"Point","coordinates":[100.2993,-0.392]},"properties":{"id":"magma:CRS20201212213448","tanggal":"2020-12-11","presisi_tanggal":"hari","waktu_utc":"2020-12-11T00:10:00+00:00","sumber":"magma-tanggapan","tipe":null,"desa":"Malalak Timur","kecamatan":"Malalak","kab_kode":"13.06","kab_nama":"Kabupaten Agam","provinsi":"Sumatera Barat"}},{"type":"Feature","geometry":{"type":"Point","coordinates":[111.1981,-7.9203]},"properties":{"id":"magma:CRS20201212225907","tanggal":"2020-12-12","presisi_tanggal":"hari","waktu_utc":"2020-12-11T20:00:00+00:00","sumber":"magma-tanggapan","tipe":null,"desa":"Bugelan","kecamatan":"Kismantoro","kab_kode":"33.12","kab_nama":"Kabupaten Wonogiri","provinsi":"Jawa Tengah"}},{"type":"Feature","geometry":{"type":"Point","coordinates":[111.2338,-7.693]},"properties":{"id":"magma:CRS20201212232057","tanggal":"2020-12-12","presisi_tanggal":"hari","waktu_utc":"2020-12-12T03:10:00+00:00","sumber":"magma-tanggapan","tipe":null,"desa":"Puntukdoro","kecamatan":"Plaosan","kab_kode":"35.20","kab_nama":"Kabupaten Magetan","provinsi":"Jawa Timur"}},{"type":"Feature","geometry":{"type":"Point","coordinates":[109.8842,-7.5571]},"properties":{"id":"magma:CRS20201214111853","tanggal":"2020-12-12","presisi_tanggal":"hari","waktu_utc":"2020-12-12T15:10:00+00:00","sumber":"magma-tanggapan","tipe":null,"desa":"Cepedak","kecamatan":"Bruno","kab_kode":"33.06","kab_nama":"Kabupaten Purworejo","provinsi":"Jawa Tengah"}},{"type":"Feature","geometry":{"type":"Point","coordinates":[109.6967,-7.2809]},"properties":{"id":"magma:CRS20201214113746","tanggal":"2020-12-12","presisi_tanggal":"hari","waktu_utc":"2020-12-12T12:00:00+00:00","sumber":"magma-tanggapan","tipe":null,"desa":"Pagerpelah","kecamatan":"Karangkobar","kab_kode":"33.04","kab_nama":"Kabupaten Banjarnegara","provinsi":"Jawa Tengah"}},{"type":"Feature","geometry":{"type":"Point","coordinates":[112.444,-7.3961]},"properties":{"id":"magma:CRS20201215060359","tanggal":"2020-12-12","presisi_tanggal":"hari","waktu_utc":"2020-12-12T08:00:00+00:00","sumber":"magma-tanggapan","tipe":null,"desa":"Bendung","kecamatan":"Jetis","kab_kode":"35.16","kab_nama":"Kabupaten Mojokerto","provinsi":"Jawa Timur"}},{"type":"Feature","geometry":{"type":"Point","coordinates":[110.112,-7.5194]},"properties":{"id":"magma:CRS20201214083534","tanggal":"2020-12-13","presisi_tanggal":"hari","waktu_utc":"2020-12-13T09:30:00+00:00","sumber":"magma-tanggapan","tipe":null,"desa":"Banjaretno","kecamatan":"Kajoran","kab_kode":"33.08","kab_nama":"Kabupaten Magelang","provinsi":"Jawa Tengah"}},{"type":"Feature","geometry":{"type":"Point","coordinates":[110.176,-7.4049]},"properties":{"id":"magma:CRS20201214085350","tanggal":"2020-12-13","presisi_tanggal":"hari","waktu_utc":"2020-12-13T09:00:00+00:00","sumber":"magma-tanggapan","tipe":null,"desa":"Windusari","kecamatan":"Windusari","kab_kode":"33.08","kab_nama":"Kabupaten Magelang","provinsi":"Jawa Tengah"}},{"type":"Feature","geometry":{"type":"Point","coordinates":[109.3853,-7.3009]},"properties":{"id":"magma:CRS20201214090629","tanggal":"2020-12-13","presisi_tanggal":"hari","waktu_utc":"2020-12-12T21:10:00+00:00","sumber":"magma-tanggapan","tipe":null,"desa":"Banjarsari","kecamatan":"Bobotsari","kab_kode":"33.03","kab_nama":"Kabupaten Purbalingga","provinsi":"Jawa Tengah"}},{"type":"Feature","geometry":{"type":"Point","coordinates":[109.3932,-7.3612]},"properties":{"id":"magma:CRS20201214101743","tanggal":"2020-12-13","presisi_tanggal":"hari","waktu_utc":"2020-12-12T21:10:00+00:00","sumber":"magma-tanggapan","tipe":null,"desa":"Slinga","kecamatan":"Kaligondang","kab_kode":"33.03","kab_nama":"Kabupaten Purbalingga","provinsi":"Jawa Tengah"}},{"type":"Feature","geometry":{"type":"Point","coordinates":[109.3932,-7.3304]},"properties":{"id":"magma:CRS20201214102017","tanggal":"2020-12-13","presisi_tanggal":"hari","waktu_utc":"2020-12-12T21:30:00+00:00","sumber":"magma-tanggapan","tipe":null,"desa":"Tangkisan","kecamatan":"Mrebet","kab_kode":"33.03","kab_nama":"Kabupaten Purbalingga","provinsi":"Jawa Tengah"}},{"type":"Feature","geometry":{"type":"Point","coordinates":[109.3679,-7.2866]},"properties":{"id":"magma:CRS20201214102701","tanggal":"2020-12-13","presisi_tanggal":"hari","waktu_utc":"2020-12-12T21:10:00+00:00","sumber":"magma-tanggapan+pvmbg-lapangan","tipe":null,"desa":"Karangtalun","kecamatan":"Bobotsari","kab_kode":"33.03","kab_nama":"Kabupaten Purbalingga","provinsi":"Jawa Tengah"}},{"type":"Feature","geometry":{"type":"Point","coordinates":[109.3813,-7.3566]},"properties":{"id":"magma:CRS20201214102942","tanggal":"2020-12-13","presisi_tanggal":"hari","waktu_utc":"2020-12-12T21:10:00+00:00","sumber":"magma-tanggapan","tipe":null,"desa":"Banjaran","kecamatan":"Bojongsari","kab_kode":"33.03","kab_nama":"Kabupaten Purbalingga","provinsi":"Jawa Tengah"}},{"type":"Feature","geometry":{"type":"Point","coordinates":[109.4824,-7.3521]},"properties":{"id":"magma:CRS20201214103710","tanggal":"2020-12-13","presisi_tanggal":"hari","waktu_utc":"2020-12-12T21:10:00+00:00","sumber":"magma-tanggapan","tipe":null,"desa":"Tumanggal","kecamatan":"Pengadegan","kab_kode":"33.03","kab_nama":"Kabupaten Purbalingga","provinsi":"Jawa Tengah"}},{"type":"Feature","geometry":{"type":"Point","coordinates":[109.1018,-7.1789]},"properties":{"id":"magma:CRS20201214111441","tanggal":"2020-12-13","presisi_tanggal":"hari","waktu_utc":"2020-12-13T01:00:00+00:00","sumber":"magma-tanggapan","tipe":null,"desa":"Begawat","kecamatan":"Bumijawa","kab_kode":"33.28","kab_nama":"Kabupaten Tegal","provinsi":"Jawa Tengah"}},{"type":"Feature","geometry":{"type":"Point","coordinates":[107.9917,-7.3803]},"properties":{"id":"magma:CRS20201215055605","tanggal":"2020-12-13","presisi_tanggal":"hari","waktu_utc":"2020-12-13T12:30:00+00:00","sumber":"magma-tanggapan","tipe":null,"desa":"Sundawenang","kecamatan":"Salawu","kab_kode":"32.06","kab_nama":"Kabupaten Tasikmalaya","provinsi":"Jawa Barat"}},{"type":"Feature","geometry":{"type":"Point","coordinates":[111.672,-7.6728]},"properties":{"id":"magma:CRS20201215061406","tanggal":"2020-12-13","presisi_tanggal":"hari","waktu_utc":"2020-12-13T00:10:00+00:00","sumber":"magma-tanggapan","tipe":null,"desa":"Randualas","kecamatan":"Kare","kab_kode":"35.19","kab_nama":"Kabupaten Madiun","provinsi":"Jawa Timur"}},{"type":"Feature","geometry":{"type":"Point","coordinates":[111.8896,-7.8984]},"properties":{"id":"magma:CRS20201215063120","tanggal":"2020-12-13","presisi_tanggal":"hari","waktu_utc":"2020-12-13T11:00:00+00:00","sumber":"magma-tanggapan","tipe":null,"desa":"Pamongan","kecamatan":"Mojo","kab_kode":"35.06","kab_nama":"Kabupaten Kediri","provinsi":"Jawa Timur"}},{"type":"Feature","geometry":{"type":"Point","coordinates":[112.888,-7.8604]},"properties":{"id":"magma:CRS20201216055045","tanggal":"2020-12-13","presisi_tanggal":"hari","waktu_utc":"2020-12-13T15:10:00+00:00","sumber":"magma-tanggapan","tipe":null,"desa":"Baledono","kecamatan":"Tosari","kab_kode":"35.14","kab_nama":"Kabupaten Pasuruan","provinsi":"Jawa Timur"}},{"type":"Feature","geometry":{"type":"Point","coordinates":[112.0447,-8.1148]},"properties":{"id":"magma:CRS20201216055434","tanggal":"2020-12-13","presisi_tanggal":"hari","waktu_utc":"2020-12-13T03:10:00+00:00","sumber":"magma-tanggapan","tipe":null,"desa":"Buntaran","kecamatan":"Rejotangan","kab_kode":"35.04","kab_nama":"Kabupaten Tulungagung","provinsi":"Jawa Timur"}},{"type":"Feature","geometry":{"type":"Point","coordinates":[106.47,-6.6035]},"properties":{"id":"magma:CRS20201216060816","tanggal":"2020-12-13","presisi_tanggal":"hari","waktu_utc":"2020-12-13T15:22:00+00:00","sumber":"magma-tanggapan","tipe":null,"desa":"Pasir Madang","kecamatan":"Sukajaya","kab_kode":"32.01","kab_nama":"Kabupaten Bogor","provinsi":"Jawa Barat"}},{"type":"Feature","geometry":{"type":"Point","coordinates":[108.8661,-7.3624]},"properties":{"id":"pvmbg:17_2021:2020-12-13:0","tanggal":"2020-12-13","presisi_tanggal":"hari","waktu_utc":null,"sumber":"pvmbg-lapangan","tipe":null,"desa":null,"kecamatan":null,"kab_kode":"33.01","kab_nama":"Kabupaten Cilacap","provinsi":"Jawa Tengah"}},{"type":"Feature","geometry":{"type":"Point","coordinates":[108.9047,-7.42]},"properties":{"id":"pvmbg:22_2021:2020-12-13:0","tanggal":"2020-12-13","presisi_tanggal":"hari","waktu_utc":null,"sumber":"pvmbg-lapangan","tipe":null,"desa":null,"kecamatan":"Karangpucung Cilac","kab_kode":"33.01","kab_nama":"Kabupaten Cilacap","provinsi":"Jawa Tengah"}},{"type":"Feature","geometry":{"type":"Point","coordinates":[108.9229,-7.3839]},"properties":{"id":"pvmbg:22_2021:2020-12-13:1","tanggal":"2020-12-13","presisi_tanggal":"hari","waktu_utc":null,"sumber":"pvmbg-lapangan","tipe":null,"desa":null,"kecamatan":"Karangpucung Cilac","kab_kode":"33.01","kab_nama":"Kabupaten Cilacap","provinsi":"Jawa Tengah"}},{"type":"Feature","geometry":{"type":"Point","coordinates":[109.7366,-7.3105]},"properties":{"id":"pvmbg:6_2021:2020-12-13:0","tanggal":"2020-12-13","presisi_tanggal":"hari","waktu_utc":null,"sumber":"pvmbg-lapangan","tipe":null,"desa":null,"kecamatan":null,"kab_kode":"33.04","kab_nama":"Kabupaten Banjarnegara","provinsi":"Jawa Tengah"}},{"type":"Feature","geometry":{"type":"Point","coordinates":[108.5077,-7.0343]},"properties":{"id":"magma:CRS20201216055907","tanggal":"2020-12-14","presisi_tanggal":"hari","waktu_utc":"2020-12-14T07:45:00+00:00","sumber":"magma-tanggapan","tipe":null,"desa":"Cirukem","kecamatan":"Garawangi","kab_kode":"32.08","kab_nama":"Kabupaten Kuningan","provinsi":"Jawa Barat"}},{"type":"Feature","geometry":{"type":"Point","coordinates":[108.5048,-7.4544]},"properties":{"id":"magma:CRS20201216061438","tanggal":"2020-12-14","presisi_tanggal":"hari","waktu_utc":"2020-12-13T20:30:00+00:00","sumber":"magma-tanggapan","tipe":null,"desa":"Neglasari","kecamatan":"Pamarican","kab_kode":"32.07","kab_nama":"Kabupaten Ciamis","provinsi":"Jawa Barat"}},{"type":"Feature","geometry":{"type":"Point","coordinates":[110.1194,-7.5434]},"properties":{"id":"magma:CRS20201216091935","tanggal":"2020-12-14","presisi_tanggal":"hari","waktu_utc":"2020-12-14T04:30:00+00:00","sumber":"magma-tanggapan","tipe":null,"desa":"Sidosari","kecamatan":"Salaman","kab_kode":"33.08","kab_nama":"Kabupaten Magelang","provinsi":"Jawa Tengah"}},{"type":"Feature","geometry":{"type":"Point","coordinates":[108.9217,-7.3886]},"properties":{"id":"pvmbg:22_2021:2020-12-14:0","tanggal":"2020-12-14","presisi_tanggal":"hari","waktu_utc":null,"sumber":"pvmbg-lapangan","tipe":null,"desa":null,"kecamatan":"Karangpucung Cilac","kab_kode":"33.01","kab_nama":"Kabupaten Cilacap","provinsi":"Jawa Tengah"}},{"type":"Feature","geometry":{"type":"Point","coordinates":[115.2186,-8.4125]},"properties":{"id":"magma:CRS20201216053851","tanggal":"2020-12-15","presisi_tanggal":"hari","waktu_utc":"2020-12-14T21:30:00+00:00","sumber":"magma-tanggapan","tipe":null,"desa":"Pangsan","kecamatan":"Petang","kab_kode":"51.03","kab_nama":"Kabupaten Badung","provinsi":"Bali"}},{"type":"Feature","geometry":{"type":"Point","coordinates":[115.1741,-8.6403]},"properties":{"id":"magma:CRS20201216054137","tanggal":"2020-12-15","presisi_tanggal":"hari","waktu_utc":"2020-12-14T21:30:00+00:00","sumber":"magma-tanggapan","tipe":null,"desa":"Kerobokan Kaja","kecamatan":"Kuta Utara","kab_kode":"51.03","kab_nama":"Kabupaten Badung","provinsi":"Bali"}},{"type":"Feature","geometry":{"type":"Point","coordinates":[115.1741,-8.6403]},"properties":{"id":"magma:CRS20201216054338","tanggal":"2020-12-15","presisi_tanggal":"hari","waktu_utc":"2020-12-14T21:30:00+00:00","sumber":"magma-tanggapan","tipe":null,"desa":"Kerobokan Kaja","kecamatan":"Kuta Utara","kab_kode":"51.03","kab_nama":"Kabupaten Badung","provinsi":"Bali"}},{"type":"Feature","geometry":{"type":"Point","coordinates":[108.4335,-7.0861]},"properties":{"id":"magma:CRS20201216060245","tanggal":"2020-12-15","presisi_tanggal":"hari","waktu_utc":"2020-12-15T09:00:00+00:00","sumber":"magma-tanggapan","tipe":null,"desa":"Padahurip","kecamatan":"Selajambe","kab_kode":"32.08","kab_nama":"Kabupaten Kuningan","provinsi":"Jawa Barat"}},{"type":"Feature","geometry":{"type":"Point","coordinates":[107.9265,-7.3209]},"properties":{"id":"magma:CRS20201216061814","tanggal":"2020-12-15","presisi_tanggal":"hari","waktu_utc":"2020-12-15T08:00:00+00:00","sumber":"magma-tanggapan","tipe":null,"desa":"Sukamaju","kecamatan":"Cilawu","kab_kode":"32.05","kab_nama":"Kabupaten Garut","provinsi":"Jawa Barat"}},{"type":"Feature","geometry":{"type":"Point","coordinates":[108.4068,-7.0795]},"properties":{"id":"magma:CRS20201217043123","tanggal":"2020-12-15","presisi_tanggal":"hari","waktu_utc":"2020-12-14T17:00:00+00:00","sumber":"magma-tanggapan","tipe":null,"desa":"Cimenga","kecamatan":"Darma","kab_kode":"32.08","kab_nama":"Kabupaten Kuningan","provinsi":"Jawa Barat"}},{"type":"Feature","geometry":{"type":"Point","coordinates":[111.1057,-7.3195]},"properties":{"id":"magma:CRS20201217043455","tanggal":"2020-12-15","presisi_tanggal":"hari","waktu_utc":"2020-12-14T21:00:00+00:00","sumber":"magma-tanggapan","tipe":null,"desa":"Jenar","kecamatan":"Jenar","kab_kode":"33.14","kab_nama":"Kabupaten Sragen","provinsi":"Jawa Tengah"}},{"type":"Feature","geometry":{"type":"Point","coordinates":[112.9238,-7.8989]},"properties":{"id":"magma:CRS20201217044119","tanggal":"2020-12-15","presisi_tanggal":"hari","waktu_utc":"2020-12-15T09:30:00+00:00","sumber":"magma-tanggapan","tipe":null,"desa":"Wonokitri","kecamatan":"Tosari","kab_kode":"35.14","kab_nama":"Kabupaten Pasuruan","provinsi":"Jawa Timur"}},{"type":"Feature","geometry":{"type":"Point","coordinates":[107.0038,-7.2694]},"properties":{"id":"magma:CRS20201217045131","tanggal":"2020-12-15","presisi_tanggal":"hari","waktu_utc":"2020-12-15T10:30:00+00:00","sumber":"magma-tanggapan","tipe":null,"desa":"Bojonglarang","kecamatan":"Cijati","kab_kode":"32.03","kab_nama":"Kabupaten Cianjur","provinsi":"Jawa Barat"}},{"type":"Feature","geometry":{"type":"Point","coordinates":[106.9707,-7.0116]},"properties":{"id":"pvmbg:119_2021:2020-12-15:0","tanggal":"2020-12-15","presisi_tanggal":"hari","waktu_utc":null,"sumber":"pvmbg-lapangan","tipe":null,"desa":null,"kecamatan":null,"kab_kode":"32.02","kab_nama":"Kabupaten Sukabumi","provinsi":"Jawa Barat"}},{"type":"Feature","geometry":{"type":"Point","coordinates":[106.9303,-7.0468]},"properties":{"id":"pvmbg:119_2021:2020-12-15:1","tanggal":"2020-12-15","presisi_tanggal":"hari","waktu_utc":null,"sumber":"pvmbg-lapangan","tipe":null,"desa":null,"kecamatan":null,"kab_kode":"32.02","kab_nama":"Kabupaten Sukabumi","provinsi":"Jawa Barat"}},{"type":"Feature","geometry":{"type":"Point","coordinates":[108.6474,-7.2335]},"properties":{"id":"pvmbg:23_2021:2020-12-15:0","tanggal":"2020-12-15","presisi_tanggal":"hari","waktu_utc":null,"sumber":"pvmbg-lapangan","tipe":null,"desa":null,"kecamatan":null,"kab_kode":"33.01","kab_nama":"Kabupaten Cilacap","provinsi":"Jawa Tengah"}},{"type":"Feature","geometry":{"type":"Point","coordinates":[115.2897,-8.3674]},"properties":{"id":"magma:CRS20201217042231","tanggal":"2020-12-16","presisi_tanggal":"hari","waktu_utc":"2020-12-15T21:10:00+00:00","sumber":"magma-tanggapan","tipe":null,"desa":"Taro","kecamatan":"Tegallalang","kab_kode":"51.04","kab_nama":"Kabupaten Gianyar","provinsi":"Bali"}},{"type":"Feature","geometry":{"type":"Point","coordinates":[107.9917,-7.3441]},"properties":{"id":"magma:CRS20201217043923","tanggal":"2020-12-16","presisi_tanggal":"hari","waktu_utc":"2020-12-15T21:00:00+00:00","sumber":"magma-tanggapan","tipe":null,"desa":"Nangtang","kecamatan":"Cigalontang","kab_kode":"32.06","kab_nama":"Kabupaten Tasikmalaya","provinsi":"Jawa Barat"}},{"type":"Feature","geometry":{"type":"Point","coordinates":[100.3386,-0.4522]},"properties":{"id":"magma:CRS20201217044728","tanggal":"2020-12-16","presisi_tanggal":"hari","waktu_utc":"2020-12-16T10:58:00+00:00","sumber":"magma-tanggapan","tipe":null,"desa":"Singgalang","kecamatan":"Sepuluh Koto","kab_kode":"13.04","kab_nama":"Kabupaten Tanah Datar","provinsi":"Sumatera Barat"}},{"type":"Feature","geometry":{"type":"Point","coordinates":[106.5286,-7.0709]},"properties":{"id":"magma:CRS20201217045405","tanggal":"2020-12-16","presisi_tanggal":"hari","waktu_utc":"2020-12-15T20:00:00+00:00","sumber":"magma-tanggapan","tipe":null,"desa":"Sangrawayang","kecamatan":"Simpenan","kab_kode":"32.02","kab_nama":"Kabupaten Sukabumi","provinsi":"Jawa Barat"}},{"type":"Feature","geometry":{"type":"Point","coordinates":[122.526,0.933]},"properties":{"id":"magma:CRS20201219050503","tanggal":"2020-12-16","presisi_tanggal":"hari","waktu_utc":"2020-12-16T03:10:00+00:00","sumber":"magma-tanggapan","tipe":null,"desa":"Deme Ii","kecamatan":"Sumalata Timur","kab_kode":"75.05","kab_nama":"Kabupaten Gorontalo Utara","provinsi":"Gorontalo"}},{"type":"Feature","geometry":{"type":"Point","coordinates":[108.8225,-7.4844]},"properties":{"id":"magma:CRS20201219052032","tanggal":"2020-12-16","presisi_tanggal":"hari","waktu_utc":"2020-12-16T13:10:00+00:00","sumber":"magma-tanggapan","tipe":null,"desa":"Wringinharjo","kecamatan":"Gandrungmangu","kab_kode":"33.01","kab_nama":"Kabupaten Cilacap","provinsi":"Jawa Tengah"}},{"type":"Feature","geometry":{"type":"Point","coordinates":[108.766,-7.2369]},"properties":{"id":"magma:CRS20201219052633","tanggal":"2020-12-16","presisi_tanggal":"hari","waktu_utc":"2020-12-16T13:10:00+00:00","sumber":"magma-tanggapan","tipe":null,"desa":"Pengadegan","kecamatan":"Majenang","kab_kode":"33.01","kab_nama":"Kabupaten Cilacap","provinsi":"Jawa Tengah"}},{"type":"Feature","geometry":{"type":"Point","coordinates":[108.3772,-6.7729]},"properties":{"id":"magma:CRS20201219054204","tanggal":"2020-12-16","presisi_tanggal":"hari","waktu_utc":"2020-12-16T09:10:00+00:00","sumber":"magma-tanggapan","tipe":null,"desa":"Ujungberung","kecamatan":"Sindangwangi","kab_kode":"32.10","kab_nama":"Kabupaten Majalengka","provinsi":"Jawa Barat"}},{"type":"Feature","geometry":{"type":"Point","coordinates":[106.4759,-7.1463]},"properties":{"id":"magma:CRS20201221043155","tanggal":"2020-12-16","presisi_tanggal":"hari","waktu_utc":"2020-12-15T17:00:00+00:00","sumber":"magma-tanggapan","tipe":null,"desa":"Girimukti","kecamatan":"Ciemas","kab_kode":"32.02","kab_nama":"Kabupaten Sukabumi","provinsi":"Jawa Barat"}},{"type":"Feature","geometry":{"type":"Point","coordinates":[109.7461,-7.2978]},"properties":{"id":"pvmbg:6_2021:2020-12-16:0","tanggal":"2020-12-16","presisi_tanggal":"hari","waktu_utc":null,"sumber":"pvmbg-lapangan","tipe":null,"desa":null,"kecamatan":null,"kab_kode":"33.04","kab_nama":"Kabupaten Banjarnegara","provinsi":"Jawa Tengah"}},{"type":"Feature","geometry":{"type":"Point","coordinates":[106.9241,-7.0055]},"properties":{"id":"magma:CRS20201219052926","tanggal":"2020-12-17","presisi_tanggal":"hari","waktu_utc":"2020-12-17T02:00:00+00:00","sumber":"magma-tanggapan","tipe":null,"desa":"Nyalindung","kecamatan":"Nyalindung","kab_kode":"32.02","kab_nama":"Kabupaten Sukabumi","provinsi":"Jawa Barat"}},{"type":"Feature","geometry":{"type":"Point","coordinates":[108.3475,-6.9278]},"properties":{"id":"magma:CRS20201219053440","tanggal":"2020-12-17","presisi_tanggal":"hari","waktu_utc":"2020-12-17T01:10:00+00:00","sumber":"magma-tanggapan","tipe":null,"desa":"Cibunut","kecamatan":"Argapura","kab_kode":"32.10","kab_nama":"Kabupaten Majalengka","provinsi":"Jawa Barat"}},{"type":"Feature","geometry":{"type":"Point","coordinates":[109.2579,-7.4149]},"properties":{"id":"magma:CRS20201219055004","tanggal":"2020-12-17","presisi_tanggal":"hari","waktu_utc":"2020-12-17T11:00:00+00:00","sumber":"magma-tanggapan","tipe":null,"desa":"Arcawinangun","kecamatan":"Purwokerto Timur","kab_kode":"33.02","kab_nama":"Kabupaten Banyumas","provinsi":"Jawa Tengah"}},{"type":"Feature","geometry":{"type":"Point","coordinates":[108.1814,-6.9755]},"properties":{"id":"magma:CRS20201219055426","tanggal":"2020-12-17","presisi_tanggal":"hari","waktu_utc":"2020-12-16T17:00:00+00:00","sumber":"magma-tanggapan","tipe":null,"desa":"Sadawangi","kecamatan":"Lemahsugih","kab_kode":"32.10","kab_nama":"Kabupaten Majalengka","provinsi":"Jawa Barat"}},{"type":"Feature","geometry":{"type":"Point","coordinates":[106.2875,-6.5529]},"properties":{"id":"magma:CRS20201219055803","tanggal":"2020-12-17","presisi_tanggal":"hari","waktu_utc":"2020-12-16T17:00:00+00:00","sumber":"magma-tanggapan","tipe":null,"desa":"Muncang","kecamatan":"Muncang","kab_kode":"36.02","kab_nama":"Kabupaten Lebak","provinsi":"Banten"}},{"type":"Feature","geometry":{"type":"Point","coordinates":[108.5864,-7.0273]},"properties":{"id":"magma:CRS20201219060036","tanggal":"2020-12-17","presisi_tanggal":"hari","waktu_utc":"2020-12-17T06:00:00+00:00","sumber":"magma-tanggapan","tipe":null,"desa":"Cinagara","kecamatan":"Lebakwangi","kab_kode":"32.08","kab_nama":"Kabupaten Kuningan","provinsi":"Jawa Barat"}},{"type":"Feature","geometry":{"type":"Point","coordinates":[110.0003,-7.1343]},"properties":{"id":"magma:CRS20201219060951","tanggal":"2020-12-17","presisi_tanggal":"hari","waktu_utc":"2020-12-17T04:00:00+00:00","sumber":"magma-tanggapan","tipe":null,"desa":"Sukorejo","kecamatan":"Sukorejo","kab_kode":"33.24","kab_nama":"Kabupaten Kendal","provinsi":"Jawa Tengah"}},{"type":"Feature","geometry":{"type":"Point","coordinates":[119.7773,-5.2439]},"properties":{"id":"magma:CRS20201219054555","tanggal":"2020-12-18","presisi_tanggal":"hari","waktu_utc":"2020-12-17T17:00:00+00:00","sumber":"magma-tanggapan","tipe":null,"desa":"Parigi","kecamatan":"Tinggimoncong","kab_kode":"73.06","kab_nama":"Kabupaten Gowa","provinsi":"Sulawesi Selatan"}},{"type":"Feature","geometry":{"type":"Point","coordinates":[106.2934,-6.4858]},"properties":{"id":"magma:CRS20201220062439","tanggal":"2020-12-18","presisi_tanggal":"hari","waktu_utc":"2020-12-18T05:00:00+00:00","sumber":"magma-tanggapan","tipe":null,"desa":"Sangiang Jaya","kecamatan":"Cimarga","kab_kode":"36.02","kab_nama":"Kabupaten Lebak","provinsi":"Banten"}},{"type":"Feature","geometry":{"type":"Point","coordinates":[110.316,-6.9827]},"properties":{"id":"magma:CRS20201220063722","tanggal":"2020-12-18","presisi_tanggal":"hari","waktu_utc":"2020-12-17T17:00:00+00:00","sumber":"magma-tanggapan","tipe":null,"desa":"Wonosari","kecamatan":"Ngaliyan","kab_kode":"33.74","kab_nama":"Kota Semarang","provinsi":"Jawa Tengah"}},{"type":"Feature","geometry":{"type":"Point","coordinates":[110.3979,-7.0108]},"properties":{"id":"magma:CRS20201220064728","tanggal":"2020-12-18","presisi_tanggal":"hari","waktu_utc":"2020-12-17T17:00:00+00:00","sumber":"magma-tanggapan","tipe":null,"desa":"Bendan Ngisor","kecamatan":"Gajah Mungkur","kab_kode":"33.74","kab_nama":"Kota Semarang","provinsi":"Jawa Tengah"}},{"type":"Feature","geometry":{"type":"Point","coordinates":[110.4113,-7.0394]},"properties":{"id":"magma:CRS20201220064941","tanggal":"2020-12-18","presisi_tanggal":"hari","waktu_utc":"2020-12-17T17:00:00+00:00","sumber":"magma-tanggapan","tipe":null,"desa":"Tinjomoyo","kecamatan":"Banyumanik","kab_kode":"33.74","kab_nama":"Kota Semarang","provinsi":"Jawa Tengah"}},{"type":"Feature","geometry":{"type":"Point","coordinates":[110.4471,-7.0174]},"properties":{"id":"magma:CRS20201220065139","tanggal":"2020-12-18","presisi_tanggal":"hari","waktu_utc":"2020-12-17T17:00:00+00:00","sumber":"magma-tanggapan","tipe":null,"desa":"Tandang","kecamatan":"Tembalang","kab_kode":"33.74","kab_nama":"Kota Semarang","provinsi":"Jawa Tengah"}},{"type":"Feature","geometry":{"type":"Point","coordinates":[108.4335,-7.0861]},"properties":{"id":"magma:CRS20201219053839","tanggal":"2020-12-19","presisi_tanggal":"hari","waktu_utc":"2020-12-18T17:00:00+00:00","sumber":"magma-tanggapan","tipe":null,"desa":"Padahurip","kecamatan":"Selajambe","kab_kode":"32.08","kab_nama":"Kabupaten Kuningan","provinsi":"Jawa Barat"}},{"type":"Feature","geometry":{"type":"Point","coordinates":[113.4121,-7.0561]},"properties":{"id":"magma:CRS20201220062831","tanggal":"2020-12-19","presisi_tanggal":"hari","waktu_utc":"2020-12-18T19:10:00+00:00","sumber":"magma-tanggapan","tipe":null,"desa":"Palengaan Laok","kecamatan":"Palengaan","kab_kode":"35.28","kab_nama":"Kabupaten Pamekasan","provinsi":"Jawa Timur"}},{"type":"Feature","geometry":{"type":"Point","coordinates":[112.5573,-7.8665]},"properties":{"id":"magma:CRS20201220063303","tanggal":"2020-12-19","presisi_tanggal":"hari","waktu_utc":"2020-12-18T17:00:00+00:00","sumber":"magma-tanggapan","tipe":null,"desa":"Giripurno","kecamatan":"Bumiaji","kab_kode":"35.79","kab_nama":"Kota Batu","provinsi":"Jawa Timur"}},{"type":"Feature","geometry":{"type":"Point","coordinates":[110.4679,-7.8475]},"properties":{"id":"magma:CRS20201221043709","tanggal":"2020-12-19","presisi_tanggal":"hari","waktu_utc":"2020-12-19T01:10:00+00:00","sumber":"magma-tanggapan","tipe":null,"desa":"Srimulyo","kecamatan":"Piyungan","kab_kode":"34.02","kab_nama":"Kabupaten Bantul","provinsi":"Daerah Istimewa Yogyakarta"}},{"type":"Feature","geometry":{"type":"Point","coordinates":[99.6675,-2.0856]},"properties":{"id":"magma:CRS20201223052337","tanggal":"2020-12-19","presisi_tanggal":"hari","waktu_utc":"2020-12-19T09:30:00+00:00","sumber":"magma-tanggapan","tipe":null,"desa":"Goisooinan","kecamatan":"Sipora Utara","kab_kode":"13.09","kab_nama":"Kabupaten Kepulauan Mentawai","provinsi":"Sumatera Barat"}},{"type":"Feature","geometry":{"type":"Point","coordinates":[106.7574,-6.8449]},"properties":{"id":"magma:CRS20201221042616","tanggal":"2020-12-20","presisi_tanggal":"hari","waktu_utc":"2020-12-19T22:30:00+00:00","sumber":"magma-tanggapan+pvmbg-lapangan","tipe":null,"desa":"Parungkuda","kecamatan":"Parung Kuda","kab_kode":"32.02","kab_nama":"Kabupaten Sukabumi","provinsi":"Jawa Barat"}},{"type":"Feature","geometry":{"type":"Point","coordinates":[107.9917,-6.9727]},"properties":{"id":"magma:CRS20201223051157","tanggal":"2020-12-20","presisi_tanggal":"hari","waktu_utc":"2020-12-20T13:10:00+00:00","sumber":"magma-tanggapan","tipe":null,"desa":"Buana Mekar","kecamatan":"Cibugel","kab_kode":"32.11","kab_nama":"Kabupaten Sumedang","provinsi":"Jawa Barat"}},{"type":"Feature","geometry":{"type":"Point","coordinates":[105.9362,-6.3854]},"properties":{"id":"magma:CRS20201223051706","tanggal":"2020-12-20","presisi_tanggal":"hari","waktu_utc":"2020-12-19T17:00:00+00:00","sumber":"magma-tanggapan","tipe":null,"desa":"Kananga","kecamatan":"Menes","kab_kode":"36.01","kab_nama":"Kabupaten Pandeglang","provinsi":"Banten"}},{"type":"Feature","geometry":{"type":"Point","coordinates":[107.6853,-7.5611]},"properties":{"id":"pvmbg:29_2021:2020-12-20:0","tanggal":"2020-12-20","presisi_tanggal":"hari","waktu_utc":null,"sumber":"pvmbg-lapangan","tipe":null,"desa":null,"kecamatan":null,"kab_kode":"32.05","kab_nama":"Kabupaten Garut","provinsi":"Jawa Barat"}},{"type":"Feature","geometry":{"type":"Point","coordinates":[109.3982,-7.3127]},"properties":{"id":"pvmbg:59_2021:2020-12-21:0","tanggal":"2020-12-21","presisi_tanggal":"hari","waktu_utc":null,"sumber":"pvmbg-lapangan","tipe":null,"desa":null,"kecamatan":null,"kab_kode":"33.03","kab_nama":"Kabupaten Purbalingga","provinsi":"Jawa Tengah"}},{"type":"Feature","geometry":{"type":"Point","coordinates":[108.3297,-6.9234]},"properties":{"id":"magma:CRS20201223053049","tanggal":"2020-12-22","presisi_tanggal":"hari","waktu_utc":"2020-12-21T18:30:00+00:00","sumber":"magma-tanggapan","tipe":null,"desa":"Tejamulya","kecamatan":"Argapura","kab_kode":"32.10","kab_nama":"Kabupaten Majalengka","provinsi":"Jawa Barat"}},{"type":"Feature","geometry":{"type":"Point","coordinates":[98.6766,2.5939]},"properties":{"id":"magma:CRS20201224135012","tanggal":"2020-12-22","presisi_tanggal":"hari","waktu_utc":"2020-12-22T16:00:00+00:00","sumber":"magma-tanggapan","tipe":null,"desa":"Tanjung Bunga","kecamatan":"Pangururan","kab_kode":"12.17","kab_nama":"Kabupaten Samosir","provinsi":"Sumatera Utara"}},{"type":"Feature","geometry":{"type":"Point","coordinates":[106.5761,-7.0545]},"properties":{"id":"magma:CRS20201224134521","tanggal":"2020-12-23","presisi_tanggal":"hari","waktu_utc":"2020-12-23T08:00:00+00:00","sumber":"magma-tanggapan","tipe":null,"desa":"Loji","kecamatan":"Simpenan","kab_kode":"32.02","kab_nama":"Kabupaten Sukabumi","provinsi":"Jawa Barat"}},{"type":"Feature","geometry":{"type":"Point","coordinates":[107.5964,-6.9223]},"properties":{"id":"magma:CRS20201225061926","tanggal":"2020-12-23","presisi_tanggal":"hari","waktu_utc":"2020-12-23T01:00:00+00:00","sumber":"magma-tanggapan","tipe":null,"desa":"Cibadak","kecamatan":"Astanaanyar","kab_kode":"32.73","kab_nama":"Kota Bandung","provinsi":"Jawa Barat"}},{"type":"Feature","geometry":{"type":"Point","coordinates":[107.515,-7.2728]},"properties":{"id":"magma:CRS20201225201814","tanggal":"2020-12-24","presisi_tanggal":"hari","waktu_utc":"2020-12-24T13:10:00+00:00","sumber":"magma-tanggapan","tipe":null,"desa":"Sukamulya","kecamatan":"Talegong","kab_kode":"32.05","kab_nama":"Kabupaten Garut","provinsi":"Jawa Barat"}},{"type":"Feature","geometry":{"type":"Point","coordinates":[107.6172,-6.8106]},"properties":{"id":"magma:CRS20201225220537","tanggal":"2020-12-24","presisi_tanggal":"hari","waktu_utc":"2020-12-24T15:10:00+00:00","sumber":"magma-tanggapan","tipe":null,"desa":"Letta","kecamatan":"Lembang","kab_kode":"32.17","kab_nama":"Kabupaten Bandung Barat","provinsi":"Jawa Barat"}},{"type":"Feature","geometry":{"type":"Point","coordinates":[109.2148,-7.2972]},"properties":{"id":"magma:CRS20201227021027","tanggal":"2020-12-25","presisi_tanggal":"hari","waktu_utc":"2020-12-25T09:10:00+00:00","sumber":"magma-tanggapan","tipe":null,"desa":"Ketenger","kecamatan":"Baturraden","kab_kode":"33.02","kab_nama":"Kabupaten Banyumas","provinsi":"Jawa Tengah"}},{"type":"Feature","geometry":{"type":"Point","coordinates":[107.5712,-6.7985]},"properties":{"id":"magma:CRS20201227020553","tanggal":"2020-12-26","presisi_tanggal":"hari","waktu_utc":"2020-12-26T08:00:00+00:00","sumber":"magma-tanggapan","tipe":null,"desa":"Kertawangi","kecamatan":"Cisarua","kab_kode":"32.17","kab_nama":"Kabupaten Bandung Barat","provinsi":"Jawa Barat"}},{"type":"Feature","geometry":{"type":"Point","coordinates":[111.1981,-7.9203]},"properties":{"id":"magma:CRS20210101110224","tanggal":"2020-12-26","presisi_tanggal":"hari","waktu_utc":"2020-12-26T16:00:00+00:00","sumber":"magma-tanggapan","tipe":null,"desa":"Bugelan","kecamatan":"Kismantoro","kab_kode":"33.12","kab_nama":"Kabupaten Wonogiri","provinsi":"Jawa Tengah"}},{"type":"Feature","geometry":{"type":"Point","coordinates":[109.5557,-7.598]},"properties":{"id":"pvmbg:792_2020:2020-12-26:0","tanggal":"2020-12-26","presisi_tanggal":"hari","waktu_utc":null,"sumber":"pvmbg-lapangan","tipe":null,"desa":null,"kecamatan":null,"kab_kode":"33.05","kab_nama":"Kabupaten Kebumen","provinsi":"Jawa Tengah"}},{"type":"Feature","geometry":{"type":"Point","coordinates":[112.3636,-7.7984]},"properties":{"id":"magma:CRS20210101093604","tanggal":"2020-12-27","presisi_tanggal":"hari","waktu_utc":"2020-12-26T21:00:00+00:00","sumber":"magma-tanggapan","tipe":null,"desa":"Pait","kecamatan":"Kasembon","kab_kode":"35.07","kab_nama":"Kabupaten Malang","provinsi":"Jawa Timur"}},{"type":"Feature","geometry":{"type":"Point","coordinates":[106.9226,-6.9164]},"properties":{"id":"magma:CRS20210101111840","tanggal":"2020-12-27","presisi_tanggal":"hari","waktu_utc":"2020-12-27T11:00:00+00:00","sumber":"magma-tanggapan","tipe":null,"desa":"Sriwidari","kecamatan":"Gunung Puyuh","kab_kode":"32.72","kab_nama":"Kota Sukabumi","provinsi":"Jawa Barat"}},{"type":"Feature","geometry":{"type":"Point","coordinates":[115.2334,-8.3989]},"properties":{"id":"magma:CRS20210101112322","tanggal":"2020-12-27","presisi_tanggal":"hari","waktu_utc":"2020-12-27T09:20:00+00:00","sumber":"magma-tanggapan","tipe":null,"desa":"Buahan","kecamatan":"Payangan","kab_kode":"51.04","kab_nama":"Kabupaten Gianyar","provinsi":"Bali"}},{"type":"Feature","geometry":{"type":"Point","coordinates":[115.3401,-8.5176]},"properties":{"id":"magma:CRS20210102050420","tanggal":"2020-12-27","presisi_tanggal":"hari","waktu_utc":"2020-12-26T17:00:00+00:00","sumber":"magma-tanggapan","tipe":null,"desa":"Bunutin","kecamatan":"Bangli","kab_kode":"51.06","kab_nama":"Kabupaten Bangli","provinsi":"Bali"}},{"type":"Feature","geometry":{"type":"Point","coordinates":[108.4335,-7.0861]},"properties":{"id":"magma:CRS20210102044149","tanggal":"2020-12-28","presisi_tanggal":"hari","waktu_utc":"2020-12-27T17:00:00+00:00","sumber":"magma-tanggapan","tipe":null,"desa":"Padahurip","kecamatan":"Selajambe","kab_kode":"32.08","kab_nama":"Kabupaten Kuningan","provinsi":"Jawa Barat"}},{"type":"Feature","geometry":{"type":"Point","coordinates":[108.3679,-7.1888]},"properties":{"id":"magma:CRS20210102045006","tanggal":"2020-12-28","presisi_tanggal":"hari","waktu_utc":"2020-12-28T09:10:00+00:00","sumber":"magma-tanggapan","tipe":null,"desa":"Kawali","kecamatan":"Kawali","kab_kode":"32.07","kab_nama":"Kabupaten Ciamis","provinsi":"Jawa Barat"}},{"type":"Feature","geometry":{"type":"Point","coordinates":[108.22,-7.0639]},"properties":{"id":"magma:CRS20210102045407","tanggal":"2020-12-28","presisi_tanggal":"hari","waktu_utc":"2020-12-28T09:10:00+00:00","sumber":"magma-tanggapan","tipe":null,"desa":"Tenggerraharja","kecamatan":"Sukamantri","kab_kode":"32.07","kab_nama":"Kabupaten Ciamis","provinsi":"Jawa Barat"}},{"type":"Feature","geometry":{"type":"Point","coordinates":[108.5077,-7.168]},"properties":{"id":"magma:CRS20210102045859","tanggal":"2020-12-28","presisi_tanggal":"hari","waktu_utc":"2020-12-28T09:10:00+00:00","sumber":"magma-tanggapan","tipe":null,"desa":"Dadiharja","kecamatan":"Rancah","kab_kode":"32.07","kab_nama":"Kabupaten Ciamis","provinsi":"Jawa Barat"}},{"type":"Feature","geometry":{"type":"Point","coordinates":[108.5041,-7.4563]},"properties":{"id":"pvmbg:25_2021:2020-12-28:0","tanggal":"2020-12-28","presisi_tanggal":"hari","waktu_utc":null,"sumber":"pvmbg-lapangan","tipe":null,"desa":null,"kecamatan":null,"kab_kode":"32.07","kab_nama":"Kabupaten Ciamis","provinsi":"Jawa Barat"}},{"type":"Feature","geometry":{"type":"Point","coordinates":[108.3297,-6.9234]},"properties":{"id":"magma:CRS20210102043530","tanggal":"2020-12-29","presisi_tanggal":"hari","waktu_utc":"2020-12-28T17:00:00+00:00","sumber":"magma-tanggapan","tipe":null,"desa":"Tejamulya","kecamatan":"Argapura","kab_kode":"32.10","kab_nama":"Kabupaten Majalengka","provinsi":"Jawa Barat"}},{"type":"Feature","geometry":{"type":"Point","coordinates":[110.1581,-7.6571]},"properties":{"id":"magma:CRS20210102063229","tanggal":"2020-12-29","presisi_tanggal":"hari","waktu_utc":"2020-12-29T13:30:00+00:00","sumber":"magma-tanggapan","tipe":null,"desa":"Ngargosari","kecamatan":"Samigaluh","kab_kode":"34.01","kab_nama":"Kabupaten Kulon Progo","provinsi":"Daerah Istimewa Yogyakarta"}},{"type":"Feature","geometry":{"type":"Point","coordinates":[110.1581,-7.8012]},"properties":{"id":"magma:CRS20210102064254","tanggal":"2020-12-29","presisi_tanggal":"hari","waktu_utc":"2020-12-29T13:45:00+00:00","sumber":"magma-tanggapan","tipe":null,"desa":"Sidomulyo","kecamatan":"Pengasih","kab_kode":"34.01","kab_nama":"Kabupaten Kulon Progo","provinsi":"Daerah Istimewa Yogyakarta"}},{"type":"Feature","geometry":{"type":"Point","coordinates":[112.9565,-7.1176]},"properties":{"id":"magma:CRS20210102053317","tanggal":"2020-12-30","presisi_tanggal":"hari","waktu_utc":"2020-12-29T22:00:00+00:00","sumber":"magma-tanggapan","tipe":null,"desa":"Galis","kecamatan":"Galis","kab_kode":"35.26","kab_nama":"Kabupaten Bangkalan","provinsi":"Jawa Timur"}},{"type":"Feature","geometry":{"type":"Point","coordinates":[111.8896,-7.8984]},"properties":{"id":"magma:CRS20210102054409","tanggal":"2020-12-30","presisi_tanggal":"hari","waktu_utc":"2020-12-30T13:10:00+00:00","sumber":"magma-tanggapan","tipe":null,"desa":"Pamongan","kecamatan":"Mojo","kab_kode":"35.06","kab_nama":"Kabupaten Kediri","provinsi":"Jawa Timur"}},{"type":"Feature","geometry":{"type":"Point","coordinates":[111.8986,-7.4271]},"properties":{"id":"magma:CRS20210102054756","tanggal":"2020-12-30","presisi_tanggal":"hari","waktu_utc":"2020-12-30T06:30:00+00:00","sumber":"magma-tanggapan","tipe":null,"desa":"Pajeng","kecamatan":"Gondang","kab_kode":"35.22","kab_nama":"Kabupaten Bojonegoro","provinsi":"Jawa Timur"}},{"type":"Feature","geometry":{"type":"Point","coordinates":[108.1757,-6.9725]},"properties":{"id":"magma:CRS20210102055712","tanggal":"2020-12-30","presisi_tanggal":"hari","waktu_utc":"2020-12-30T10:10:00+00:00","sumber":"magma-tanggapan","tipe":null,"desa":"Dayeuhwangi","kecamatan":"Lemahsugih","kab_kode":"32.10","kab_nama":"Kabupaten Majalengka","provinsi":"Jawa Barat"}},{"type":"Feature","geometry":{"type":"Point","coordinates":[112.8099,-8.071]},"properties":{"id":"pvmbg:642_2020:2020-12-30:0","tanggal":"2020-12-30","presisi_tanggal":"hari","waktu_utc":null,"sumber":"pvmbg-lapangan","tipe":null,"desa":null,"kecamatan":null,"kab_kode":"35.07","kab_nama":"Kabupaten Malang","provinsi":"Jawa Timur"}},{"type":"Feature","geometry":{"type":"Point","coordinates":[112.4977,-7.8698]},"properties":{"id":"magma:CRS20210102053739","tanggal":"2020-12-31","presisi_tanggal":"hari","waktu_utc":"2020-12-30T22:10:00+00:00","sumber":"magma-tanggapan","tipe":null,"desa":"Songgokerto","kecamatan":"Batu","kab_kode":"35.79","kab_nama":"Kota Batu","provinsi":"Jawa Timur"}},{"type":"Feature","geometry":{"type":"Point","coordinates":[108.3297,-6.9234]},"properties":{"id":"magma:CRS20210102055324","tanggal":"2020-12-31","presisi_tanggal":"hari","waktu_utc":"2020-12-30T17:00:00+00:00","sumber":"magma-tanggapan","tipe":null,"desa":"Tejamulya","kecamatan":"Argapura","kab_kode":"32.10","kab_nama":"Kabupaten Majalengka","provinsi":"Jawa Barat"}},{"type":"Feature","geometry":{"type":"Point","coordinates":[108.2081,-6.8589]},"properties":{"id":"magma:CRS20210102060001","tanggal":"2020-12-31","presisi_tanggal":"hari","waktu_utc":"2020-12-30T17:00:00+00:00","sumber":"magma-tanggapan","tipe":null,"desa":"Sidamukti","kecamatan":"Majalengka","kab_kode":"32.10","kab_nama":"Kabupaten Majalengka","provinsi":"Jawa Barat"}},{"type":"Feature","geometry":{"type":"Point","coordinates":[110.6109,-7.83]},"properties":{"id":"magma:CRS20210102060519","tanggal":"2020-12-31","presisi_tanggal":"hari","waktu_utc":"2020-12-31T12:40:00+00:00","sumber":"magma-tanggapan","tipe":null,"desa":"Mertelu","kecamatan":"Gedang Sari","kab_kode":"34.03","kab_nama":"Kabupaten Gunungkidul","provinsi":"Daerah Istimewa Yogyakarta"}},{"type":"Feature","geometry":{"type":"Point","coordinates":[110.3845,-7.9651]},"properties":{"id":"magma:CRS20210102061116","tanggal":"2020-12-31","presisi_tanggal":"hari","waktu_utc":"2020-12-30T21:00:00+00:00","sumber":"magma-tanggapan","tipe":null,"desa":"Selopamioro","kecamatan":"Imogiri","kab_kode":"34.02","kab_nama":"Kabupaten Bantul","provinsi":"Daerah Istimewa Yogyakarta"}},{"type":"Feature","geometry":{"type":"Point","coordinates":[110.4947,-7.8282]},"properties":{"id":"magma:CRS20210102061502","tanggal":"2020-12-31","presisi_tanggal":"hari","waktu_utc":"2020-12-30T17:30:00+00:00","sumber":"magma-tanggapan","tipe":null,"desa":"Srimartani","kecamatan":"Piyungan","kab_kode":"34.02","kab_nama":"Kabupaten Bantul","provinsi":"Daerah Istimewa Yogyakarta"}},{"type":"Feature","geometry":{"type":"Point","coordinates":[110.4679,-7.8475]},"properties":{"id":"magma:CRS20210102062013","tanggal":"2020-12-31","presisi_tanggal":"hari","waktu_utc":"2020-12-31T16:15:00+00:00","sumber":"magma-tanggapan","tipe":null,"desa":"Srimulyo","kecamatan":"Piyungan","kab_kode":"34.02","kab_nama":"Kabupaten Bantul","provinsi":"Daerah Istimewa Yogyakarta"}},{"type":"Feature","geometry":{"type":"Point","coordinates":[110.4411,-7.8824]},"properties":{"id":"magma:CRS20210102062412","tanggal":"2020-12-31","presisi_tanggal":"hari","waktu_utc":"2020-12-31T00:30:00+00:00","sumber":"magma-tanggapan","tipe":null,"desa":"Wonolelo","kecamatan":"Pleret","kab_kode":"34.02","kab_nama":"Kabupaten Bantul","provinsi":"Daerah Istimewa Yogyakarta"}},{"type":"Feature","geometry":{"type":"Point","coordinates":[112.5275,-7.8987]},"properties":{"id":"magma:CRS20210103080257","tanggal":"2021-01-01","presisi_tanggal":"hari","waktu_utc":"2020-12-31T17:00:00+00:00","sumber":"magma-tanggapan","tipe":null,"desa":"Oro-Oro Ombo","kecamatan":"Batu","kab_kode":"35.79","kab_nama":"Kota Batu","provinsi":"Jawa Timur"}},{"type":"Feature","geometry":{"type":"Point","coordinates":[111.8986,-7.8852]},"properties":{"id":"magma:CRS20210103081115","tanggal":"2021-01-01","presisi_tanggal":"hari","waktu_utc":"2021-01-01T11:00:00+00:00","sumber":"magma-tanggapan","tipe":null,"desa":"Blimbing","kecamatan":"Mojo","kab_kode":"35.06","kab_nama":"Kabupaten Kediri","provinsi":"Jawa Timur"}},{"type":"Feature","geometry":{"type":"Point","coordinates":[110.3368,-7.9882]},"properties":{"id":"magma:CRS20210103082001","tanggal":"2021-01-01","presisi_tanggal":"hari","waktu_utc":"2021-01-01T00:10:00+00:00","sumber":"magma-tanggapan","tipe":null,"desa":"Seloharjo","kecamatan":"Pundong","kab_kode":"34.02","kab_nama":"Kabupaten Bantul","provinsi":"Daerah Istimewa Yogyakarta"}},{"type":"Feature","geometry":{"type":"Point","coordinates":[110.1135,-7.5694]},"properties":{"id":"magma:CRS20210103095756","tanggal":"2021-01-01","presisi_tanggal":"hari","waktu_utc":"2021-01-01T10:30:00+00:00","sumber":"magma-tanggapan","tipe":null,"desa":"Sriwedari","kecamatan":"Salaman","kab_kode":"33.08","kab_nama":"Kabupaten Magelang","provinsi":"Jawa Tengah"}},{"type":"Feature","geometry":{"type":"Point","coordinates":[108.3166,-7.4031]},"properties":{"id":"pvmbg:143_2021:2021-01-01:0","tanggal":"2021-01-01","presisi_tanggal":"tahun","waktu_utc":null,"sumber":"pvmbg-lapangan","tipe":null,"desa":null,"kecamatan":"Gunung T","kab_kode":"32.06","kab_nama":"Kabupaten Tasikmalaya","provinsi":"Jawa Barat"}},{"type":"Feature","geometry":{"type":"Point","coordinates":[108.2395,-7.4171]},"properties":{"id":"pvmbg:145_2021:2021-01-01:0","tanggal":"2021-01-01","presisi_tanggal":"tahun","waktu_utc":null,"sumber":"pvmbg-lapangan","tipe":null,"desa":null,"kecamatan":"Ta","kab_kode":"32.78","kab_nama":"Kota Tasikmalaya","provinsi":"Jawa Barat"}},{"type":"Feature","geometry":{"type":"Point","coordinates":[108.3333,-7.1885]},"properties":{"id":"pvmbg:14_2021:2021-01-01:0","tanggal":"2021-01-01","presisi_tanggal":"tahun","waktu_utc":null,"sumber":"pvmbg-lapangan","tipe":null,"desa":null,"kecamatan":null,"kab_kode":"32.07","kab_nama":"Kabupaten Ciamis","provinsi":"Jawa Barat"}},{"type":"Feature","geometry":{"type":"Point","coordinates":[108.3681,-7.1]},"properties":{"id":"pvmbg:15_2021:2021-01-01:0","tanggal":"2021-01-01","presisi_tanggal":"tahun","waktu_utc":null,"sumber":"pvmbg-lapangan","tipe":null,"desa":null,"kecamatan":null,"kab_kode":"32.07","kab_nama":"Kabupaten Ciamis","provinsi":"Jawa Barat"}},{"type":"Feature","geometry":{"type":"Point","coordinates":[108.3399,-7.0942]},"properties":{"id":"pvmbg:160_2021:2021-01-01:0","tanggal":"2021-01-01","presisi_tanggal":"tahun","waktu_utc":null,"sumber":"pvmbg-lapangan","tipe":null,"desa":null,"kecamatan":"Sukaman","kab_kode":"32.07","kab_nama":"Kabupaten Ciamis","provinsi":"Jawa Barat"}},{"type":"Feature","geometry":{"type":"Point","coordinates":[107.0641,-6.6568]},"properties":{"id":"pvmbg:287_2021:2021-01-01:0","tanggal":"2021-01-01","presisi_tanggal":"tahun","waktu_utc":null,"sumber":"pvmbg-lapangan","tipe":null,"desa":null,"kecamatan":null,"kab_kode":"32.01","kab_nama":"Kabupaten Bogor","provinsi":"Jawa Barat"}},{"type":"Feature","geometry":{"type":"Point","coordinates":[107.0379,-6.659]},"properties":{"id":"pvmbg:287_2021:2021-01-01:1","tanggal":"2021-01-01","presisi_tanggal":"tahun","waktu_utc":null,"sumber":"pvmbg-lapangan","tipe":null,"desa":null,"kecamatan":null,"kab_kode":"32.01","kab_nama":"Kabupaten Bogor","provinsi":"Jawa Barat"}},{"type":"Feature","geometry":{"type":"Point","coordinates":[108.9509,-7.4154]},"properties":{"id":"pvmbg:75_2024:2021-01-01:0","tanggal":"2021-01-01","presisi_tanggal":"tahun","waktu_utc":null,"sumber":"pvmbg-lapangan","tipe":null,"desa":null,"kecamatan":null,"kab_kode":"33.02","kab_nama":"Kabupaten Banyumas","provinsi":"Jawa Tengah"}},{"type":"Feature","geometry":{"type":"Point","coordinates":[104.4869,0.9162]},"properties":{"id":"magma:CRS20210103063853","tanggal":"2021-01-02","presisi_tanggal":"hari","waktu_utc":"2021-01-02T01:10:00+00:00","sumber":"magma-tanggapan","tipe":null,"desa":"Melayu Kota Piring","kecamatan":"Tanjungpinang Timur","kab_kode":"21.72","kab_nama":"Kota Tanjung Pinang","provinsi":"Kepulauan Riau"}},{"type":"Feature","geometry":{"type":"Point","coordinates":[104.5601,0.9139]},"properties":{"id":"magma:CRS20210103065158","tanggal":"2021-01-02","presisi_tanggal":"hari","waktu_utc":"2021-01-02T01:10:00+00:00","sumber":"magma-tanggapan","tipe":null,"desa":"Sungai Lekop","kecamatan":"Bintan Timur","kab_kode":"21.01","kab_nama":"Kabupaten Bintan","provinsi":"Kepulauan Riau"}},{"type":"Feature","geometry":{"type":"Point","coordinates":[104.0279,1.1648]},"properties":{"id":"magma:CRS20210103071230","tanggal":"2021-01-02","presisi_tanggal":"hari","waktu_utc":"2021-01-02T12:10:00+00:00","sumber":"magma-tanggapan","tipe":null,"desa":"Batu Selicin","kecamatan":"Lubuk Baja","kab_kode":"21.71","kab_nama":"Kota Batam","provinsi":"Kepulauan Riau"}},{"type":"Feature","geometry":{"type":"Point","coordinates":[104.031,1.1619]},"properties":{"id":"magma:CRS20210103072208","tanggal":"2021-01-02","presisi_tanggal":"hari","waktu_utc":"2021-01-02T12:10:00+00:00","sumber":"magma-tanggapan","tipe":null,"desa":"Tanjung Buntung","kecamatan":"Bengkong","kab_kode":"21.71","kab_nama":"Kota Batam","provinsi":"Kepulauan Riau"}},{"type":"Feature","geometry":{"type":"Point","coordinates":[104.018,1.172]},"properties":{"id":"magma:CRS20210103075703","tanggal":"2021-01-02","presisi_tanggal":"hari","waktu_utc":"2021-01-02T12:10:00+00:00","sumber":"magma-tanggapan","tipe":null,"desa":"Telaga","kecamatan":"Batu Ampar","kab_kode":"21.71","kab_nama":"Kota Batam","provinsi":"Kepulauan Riau"}},{"type":"Feature","geometry":{"type":"Point","coordinates":[112.5632,-7.9017]},"properties":{"id":"magma:CRS20210103080800","tanggal":"2021-01-02","presisi_tanggal":"hari","waktu_utc":"2021-01-01T17:00:00+00:00","sumber":"magma-tanggapan","tipe":null,"desa":"Mojorejo","kecamatan":"Junrejo","kab_kode":"35.79","kab_nama":"Kota Batu","provinsi":"Jawa Timur"}},{"type":"Feature","geometry":{"type":"Point","coordinates":[110.193,-7.526]},"properties":{"id":"magma:CRS20210103083037","tanggal":"2021-01-02","presisi_tanggal":"hari","waktu_utc":"2021-01-02T01:10:00+00:00","sumber":"magma-tanggapan","tipe":null,"desa":"Sukorejo","kecamatan":"Mertoyudan","kab_kode":"33.08","kab_nama":"Kabupaten Magelang","provinsi":"Jawa Tengah"}},{"type":"Feature","geometry":{"type":"Point","coordinates":[106.75,-6.7304]},"properties":{"id":"magma:CRS20210104055044","tanggal":"2021-01-02","presisi_tanggal":"hari","waktu_utc":"2021-01-02T08:00:00+00:00","sumber":"magma-tanggapan","tipe":null,"desa":"Kutajaya","kecamatan":"Cicurug","kab_kode":"32.02","kab_nama":"Kabupaten Sukabumi","provinsi":"Jawa Barat"}},{"type":"Feature","geometry":{"type":"Point","coordinates":[117.0853,-0.6326]},"properties":{"id":"magma:CRS20210104055657","tanggal":"2021-01-03","presisi_tanggal":"hari","waktu_utc":"2021-01-02T17:00:00+00:00","sumber":"magma-tanggapan","tipe":null,"desa":"Purwajaya","kecamatan":"Loa Janan","kab_kode":"64.02","kab_nama":"Kabupaten Kutai Kartanegara","provinsi":"Kalimantan Timur"}},{"type":"Feature","geometry":{"type":"Point","coordinates":[112.5737,-7.91]},"properties":{"id":"magma:CRS20210105054808","tanggal":"2021-01-03","presisi_tanggal":"hari","waktu_utc":"2021-01-02T17:00:00+00:00","sumber":"magma-tanggapan","tipe":null,"desa":"Dadaprejo","kecamatan":"Junrejo","kab_kode":"35.79","kab_nama":"Kota Batu","provinsi":"Jawa Timur"}},{"type":"Feature","geometry":{"type":"Point","coordinates":[109.0668,-7.2651]},"properties":{"id":"pvmbg:114_2021:2021-01-03:0","tanggal":"2021-01-03","presisi_tanggal":"hari","waktu_utc":null,"sumber":"pvmbg-lapangan","tipe":null,"desa":null,"kecamatan":"Paguyan","kab_kode":"33.29","kab_nama":"Kabupaten Brebes","provinsi":"Jawa Tengah"}},{"type":"Feature","geometry":{"type":"Point","coordinates":[109.1018,-7.1481]},"properties":{"id":"magma:CRS20210105062413","tanggal":"2021-01-04","presisi_tanggal":"hari","waktu_utc":"2021-01-03T17:00:00+00:00","sumber":"magma-tanggapan","tipe":null,"desa":"Pagerkasih","kecamatan":"Bumijawa","kab_kode":"33.28","kab_nama":"Kabupaten Tegal","provinsi":"Jawa Tengah"}},{"type":"Feature","geometry":{"type":"Point","coordinates":[109.0661,-7.1804]},"properties":{"id":"magma:CRS20210105063059","tanggal":"2021-01-04","presisi_tanggal":"hari","waktu_utc":"2021-01-03T17:00:00+00:00","sumber":"magma-tanggapan","tipe":null,"desa":"Cempaka","kecamatan":"Bumijawa","kab_kode":"33.28","kab_nama":"Kabupaten Tegal","provinsi":"Jawa Tengah"}},{"type":"Feature","geometry":{"type":"Point","coordinates":[109.1375,-7.1414]},"properties":{"id":"magma:CRS20210105063553","tanggal":"2021-01-04","presisi_tanggal":"hari","waktu_utc":"2021-01-03T17:00:00+00:00","sumber":"magma-tanggapan","tipe":null,"desa":"Sokasari","kecamatan":"Bumijawa","kab_kode":"33.28","kab_nama":"Kabupaten Tegal","provinsi":"Jawa Tengah"}},{"type":"Feature","geometry":{"type":"Point","coordinates":[117.0853,-0.6326]},"properties":{"id":"magma:CRS20210105181345","tanggal":"2021-01-04","presisi_tanggal":"hari","waktu_utc":"2021-01-03T17:00:00+00:00","sumber":"magma-tanggapan","tipe":null,"desa":"Purwajaya","kecamatan":"Loa Janan","kab_kode":"64.02","kab_nama":"Kabupaten Kutai Kartanegara","provinsi":"Kalimantan Timur"}},{"type":"Feature","geometry":{"type":"Point","coordinates":[115.2037,-8.4564]},"properties":{"id":"magma:CRS20210105192854","tanggal":"2021-01-04","presisi_tanggal":"hari","waktu_utc":"2021-01-04T00:00:00+00:00","sumber":"magma-tanggapan","tipe":null,"desa":"Caubelayu","kecamatan":"Marga","kab_kode":"51.02","kab_nama":"Kabupaten Tabanan","provinsi":"Bali"}},{"type":"Feature","geometry":{"type":"Point","coordinates":[115.2393,-8.1521]},"properties":{"id":"magma:CRS20210105195716","tanggal":"2021-01-04","presisi_tanggal":"hari","waktu_utc":"2021-01-03T20:12:00+00:00","sumber":"magma-tanggapan","tipe":null,"desa":"Mengening","kecamatan":"Kubutambahan","kab_kode":"51.08","kab_nama":"Kabupaten Buleleng","provinsi":"Bali"}},{"type":"Feature","geometry":{"type":"Point","coordinates":[106.9758,-7.0133]},"properties":{"id":"pvmbg:104_2021:2021-01-04:0","tanggal":"2021-01-04","presisi_tanggal":"hari","waktu_utc":null,"sumber":"pvmbg-lapangan","tipe":null,"desa":null,"kecamatan":"Nyalindung","kab_kode":"32.02","kab_nama":"Kabupaten Sukabumi","provinsi":"Jawa Barat"}},{"type":"Feature","geometry":{"type":"Point","coordinates":[107.0038,-7.0077]},"properties":{"id":"pvmbg:105_2021:2021-01-04:0","tanggal":"2021-01-04","presisi_tanggal":"hari","waktu_utc":null,"sumber":"pvmbg-lapangan","tipe":null,"desa":null,"kecamatan":null,"kab_kode":"32.02","kab_nama":"Kabupaten Sukabumi","provinsi":"Jawa Barat"}},{"type":"Feature","geometry":{"type":"Point","coordinates":[108.3623,-7.1096]},"properties":{"id":"magma:CRS20210108085242","tanggal":"2021-01-05","presisi_tanggal":"hari","waktu_utc":"2021-01-05T10:30:00+00:00","sumber":"magma-tanggapan","tipe":null,"desa":"Indragiri","kecamatan":"Panawangan","kab_kode":"32.07","kab_nama":"Kabupaten Ciamis","provinsi":"Jawa Barat"}},{"type":"Feature","geometry":{"type":"Point","coordinates":[115.6214,-8.3949]},"properties":{"id":"magma:CRS20210107125514","tanggal":"2021-01-06","presisi_tanggal":"hari","waktu_utc":"2021-01-06T07:00:00+00:00","sumber":"magma-tanggapan","tipe":null,"desa":"Tri Buana","kecamatan":"Abang","kab_kode":"51.07","kab_nama":"Kabupaten Karangasem","provinsi":"Bali"}},{"type":"Feature","geometry":{"type":"Point","coordinates":[109.6669,-7.2771]},"properties":{"id":"magma:CRS20210109181133","tanggal":"2021-01-06","presisi_tanggal":"hari","waktu_utc":"2021-01-06T05:00:00+00:00","sumber":"magma-tanggapan","tipe":null,"desa":"Sembawa","kecamatan":"Kalibening","kab_kode":"33.04","kab_nama":"Kabupaten Banjarnegara","provinsi":"Jawa Tengah"}},{"type":"Feature","geometry":{"type":"Point","coordinates":[109.9705,-7.0948]},"properties":{"id":"magma:CRS20210109185001","tanggal":"2021-01-06","presisi_tanggal":"hari","waktu_utc":"2021-01-06T10:10:00+00:00","sumber":"magma-tanggapan","tipe":null,"desa":"Tirtomulyo","kecamatan":"Plantungan","kab_kode":"33.24","kab_nama":"Kabupaten Kendal","provinsi":"Jawa Tengah"}},{"type":"Feature","geometry":{"type":"Point","coordinates":[108.8311,-7.1962]},"properties":{"id":"pvmbg:115_2021:2021-01-07:0","tanggal":"2021-01-07","presisi_tanggal":"hari","waktu_utc":null,"sumber":"pvmbg-lapangan","tipe":null,"desa":null,"kecamatan":"Salem","kab_kode":"33.29","kab_nama":"Kabupaten Brebes","provinsi":"Jawa Tengah"}},{"type":"Feature","geometry":{"type":"Point","coordinates":[100.1927,-0.3134]},"properties":{"id":"magma:CRS20210108214517","tanggal":"2021-01-08","presisi_tanggal":"hari","waktu_utc":"2021-01-08T08:45:00+00:00","sumber":"magma-tanggapan","tipe":null,"desa":"Tanjung Sari","kecamatan":"Tanjung Raya","kab_kode":"13.06","kab_nama":"Kabupaten Agam","provinsi":"Sumatera Barat"}},{"type":"Feature","geometry":{"type":"Point","coordinates":[110.2683,-7.0153]},"properties":{"id":"magma:CRS20210109220848","tanggal":"2021-01-08","presisi_tanggal":"hari","waktu_utc":"2021-01-08T09:15:00+00:00","sumber":"magma-tanggapan","tipe":null,"desa":"Darupono","kecamatan":"Kaliwungu Selatan","kab_kode":"33.24","kab_nama":"Kabupaten Kendal","provinsi":"Jawa Tengah"}},{"type":"Feature","geometry":{"type":"Point","coordinates":[115.2512,-8.4784]},"properties":{"id":"magma:CRS20210109221955","tanggal":"2021-01-08","presisi_tanggal":"hari","waktu_utc":"2021-01-08T00:15:00+00:00","sumber":"magma-tanggapan","tipe":null,"desa":"Kedewatan","kecamatan":"Ubud","kab_kode":"51.04","kab_nama":"Kabupaten Gianyar","provinsi":"Bali"}},{"type":"Feature","geometry":{"type":"Point","coordinates":[100.5184,-1.1257]},"properties":{"id":"magma:CRS20210112212624","tanggal":"2021-01-08","presisi_tanggal":"hari","waktu_utc":"2021-01-08T12:00:00+00:00","sumber":"magma-tanggapan","tipe":null,"desa":"Barung Barung Balantai","kecamatan":"Koto Xi Tarusan","kab_kode":"13.01","kab_nama":"Kabupaten Pesisir Selatan","provinsi":"Sumatera Barat"}},{"type":"Feature","geometry":{"type":"Point","coordinates":[108.0379,-6.7942]},"properties":{"id":"pvmbg:189_2021:2021-01-08:0","tanggal":"2021-01-08","presisi_tanggal":"hari","waktu_utc":null,"sumber":"pvmbg-lapangan","tipe":null,"desa":null,"kecamatan":null,"kab_kode":"32.11","kab_nama":"Kabupaten Sumedang","provinsi":"Jawa Barat"}},{"type":"Feature","geometry":{"type":"Point","coordinates":[107.8184,-6.9575]},"properties":{"id":"magma:CRS20210110064611","tanggal":"2021-01-09","presisi_tanggal":"hari","waktu_utc":"2021-01-09T09:00:00+00:00","sumber":"magma-tanggapan+pvmbg-lapangan","tipe":null,"desa":"Cihanjuang","kecamatan":"Cimanggung","kab_kode":"32.11","kab_nama":"Kabupaten Sumedang","provinsi":"Jawa Barat"}},{"type":"Feature","geometry":{"type":"Point","coordinates":[107.5619,-6.857]},"properties":{"id":"magma:CRS20210111064608","tanggal":"2021-01-10","presisi_tanggal":"hari","waktu_utc":"2021-01-10T08:00:00+00:00","sumber":"magma-tanggapan","tipe":null,"desa":"Citeureup","kecamatan":"Cimahi Utara","kab_kode":"32.77","kab_nama":"Kota Cimahi","provinsi":"Jawa Barat"}},{"type":"Feature","geometry":{"type":"Point","coordinates":[109.8103,-7.5401]},"properties":{"id":"magma:CRS20210112204202","tanggal":"2021-01-12","presisi_tanggal":"hari","waktu_utc":"2021-01-11T21:45:00+00:00","sumber":"magma-tanggapan","tipe":null,"desa":"Trimulyo","kecamatan":"Wadaslintang","kab_kode":"33.07","kab_nama":"Kabupaten Wonosobo","provinsi":"Jawa Tengah"}},{"type":"Feature","geometry":{"type":"Point","coordinates":[110.3953,-7.4934]},"properties":{"id":"magma:CRS20210113222004","tanggal":"2021-01-12","presisi_tanggal":"hari","waktu_utc":"2021-01-12T15:15:00+00:00","sumber":"magma-tanggapan","tipe":null,"desa":"Wonolelo","kecamatan":"Sawangan","kab_kode":"33.08","kab_nama":"Kabupaten Magelang","provinsi":"Jawa Tengah"}},{"type":"Feature","geometry":{"type":"Point","coordinates":[109.479,-7.4875]},"properties":{"id":"magma:CRS20210114045457","tanggal":"2021-01-12","presisi_tanggal":"hari","waktu_utc":"2021-01-12T15:00:00+00:00","sumber":"magma-tanggapan","tipe":null,"desa":"Glempang","kecamatan":"Mandiraja","kab_kode":"33.04","kab_nama":"Kabupaten Banjarnegara","provinsi":"Jawa Tengah"}},{"type":"Feature","geometry":{"type":"Point","coordinates":[112.514,-7.841]},"properties":{"id":"magma:CRS20210114051456","tanggal":"2021-01-12","presisi_tanggal":"hari","waktu_utc":"2021-01-12T11:30:00+00:00","sumber":"magma-tanggapan","tipe":null,"desa":"Gunungsari","kecamatan":"Bumiaji","kab_kode":"35.79","kab_nama":"Kota Batu","provinsi":"Jawa Timur"}},{"type":"Feature","geometry":{"type":"Point","coordinates":[109.0548,-7.3938]},"properties":{"id":"pvmbg:100_2021:2021-01-12:0","tanggal":"2021-01-12","presisi_tanggal":"hari","waktu_utc":null,"sumber":"pvmbg-lapangan","tipe":null,"desa":null,"kecamatan":null,"kab_kode":"33.02","kab_nama":"Kabupaten Banyumas","provinsi":"Jawa Tengah"}},{"type":"Feature","geometry":{"type":"Point","coordinates":[109.05,-7.2052]},"properties":{"id":"pvmbg:116_2021:2021-01-12:0","tanggal":"2021-01-12","presisi_tanggal":"hari","waktu_utc":null,"sumber":"pvmbg-lapangan","tipe":null,"desa":null,"kecamatan":null,"kab_kode":"33.29","kab_nama":"Kabupaten Brebes","provinsi":"Jawa Tengah"}},{"type":"Feature","geometry":{"type":"Point","coordinates":[109.372,-7.3375]},"properties":{"id":"pvmbg:56_2021:2021-01-12:0","tanggal":"2021-01-12","presisi_tanggal":"hari","waktu_utc":null,"sumber":"pvmbg-lapangan","tipe":null,"desa":null,"kecamatan":null,"kab_kode":"33.03","kab_nama":"Kabupaten Purbalingga","provinsi":"Jawa Tengah"}},{"type":"Feature","geometry":{"type":"Point","coordinates":[109.95,-7.543]},"properties":{"id":"pvmbg:94_2021:2021-01-12:0","tanggal":"2021-01-12","presisi_tanggal":"hari","waktu_utc":null,"sumber":"pvmbg-lapangan","tipe":null,"desa":null,"kecamatan":null,"kab_kode":"33.06","kab_nama":"Kabupaten Purworejo","provinsi":"Jawa Tengah"}},{"type":"Feature","geometry":{"type":"Point","coordinates":[109.0318,-7.383]},"properties":{"id":"pvmbg:98_2021:2021-01-12:0","tanggal":"2021-01-12","presisi_tanggal":"hari","waktu_utc":null,"sumber":"pvmbg-lapangan","tipe":null,"desa":null,"kecamatan":null,"kab_kode":"33.02","kab_nama":"Kabupaten Banyumas","provinsi":"Jawa Tengah"}},{"type":"Feature","geometry":{"type":"Point","coordinates":[109.1813,-7.3352]},"properties":{"id":"pvmbg:99_2021:2021-01-12:0","tanggal":"2021-01-12","presisi_tanggal":"hari","waktu_utc":null,"sumber":"pvmbg-lapangan","tipe":null,"desa":null,"kecamatan":null,"kab_kode":"33.02","kab_nama":"Kabupaten Banyumas","provinsi":"Jawa Tengah"}},{"type":"Feature","geometry":{"type":"Point","coordinates":[119.2844,-3.2973]},"properties":{"id":"magma:CRS20210115054733","tanggal":"2021-01-13","presisi_tanggal":"hari","waktu_utc":"2021-01-13T07:00:00+00:00","sumber":"magma-tanggapan","tipe":null,"desa":"Kalimbua","kecamatan":"Tapango","kab_kode":"76.04","kab_nama":"Kabupaten Polewali Mandar","provinsi":"Sulawesi Barat"}},{"type":"Feature","geometry":{"type":"Point","coordinates":[108.5997,-7.3161]},"properties":{"id":"magma:CRS20210115055233","tanggal":"2021-01-13","presisi_tanggal":"hari","waktu_utc":"2021-01-13T11:00:00+00:00","sumber":"magma-tanggapan","tipe":null,"desa":"Panulisan Timur","kecamatan":"Dayeuhluhur","kab_kode":"33.01","kab_nama":"Kabupaten Cilacap","provinsi":"Jawa Tengah"}},{"type":"Feature","geometry":{"type":"Point","coordinates":[108.766,-7.2369]},"properties":{"id":"magma:CRS20210115055433","tanggal":"2021-01-13","presisi_tanggal":"hari","waktu_utc":"2021-01-12T19:01:00+00:00","sumber":"magma-tanggapan","tipe":null,"desa":"Pengadegan","kecamatan":"Majenang","kab_kode":"33.01","kab_nama":"Kabupaten Cilacap","provinsi":"Jawa Tengah"}},{"type":"Feature","geometry":{"type":"Point","coordinates":[109.4186,-7.3605]},"properties":{"id":"pvmbg:54_2021:2021-01-13:0","tanggal":"2021-01-13","presisi_tanggal":"hari","waktu_utc":null,"sumber":"pvmbg-lapangan","tipe":null,"desa":null,"kecamatan":null,"kab_kode":"33.03","kab_nama":"Kabupaten Purbalingga","provinsi":"Jawa Tengah"}},{"type":"Feature","geometry":{"type":"Point","coordinates":[109.392,-7.3559]},"properties":{"id":"pvmbg:54_2021:2021-01-13:1","tanggal":"2021-01-13","presisi_tanggal":"hari","waktu_utc":null,"sumber":"pvmbg-lapangan","tipe":null,"desa":null,"kecamatan":null,"kab_kode":"33.03","kab_nama":"Kabupaten Purbalingga","provinsi":"Jawa Tengah"}},{"type":"Feature","geometry":{"type":"Point","coordinates":[109.3772,-7.3589]},"properties":{"id":"pvmbg:55_2021:2021-01-13:0","tanggal":"2021-01-13","presisi_tanggal":"hari","waktu_utc":null,"sumber":"pvmbg-lapangan","tipe":null,"desa":null,"kecamatan":null,"kab_kode":"33.03","kab_nama":"Kabupaten Purbalingga","provinsi":"Jawa Tengah"}},{"type":"Feature","geometry":{"type":"Point","coordinates":[115.263,-8.4523]},"properties":{"id":"magma:CRS20210115053922","tanggal":"2021-01-14","presisi_tanggal":"hari","waktu_utc":"2021-01-14T05:00:00+00:00","sumber":"magma-tanggapan","tipe":null,"desa":"Kelusa","kecamatan":"Payangan","kab_kode":"51.04","kab_nama":"Kabupaten Gianyar","provinsi":"Bali"}},{"type":"Feature","geometry":{"type":"Point","coordinates":[115.0674,-8.4455]},"properties":{"id":"magma:CRS20210115054248","tanggal":"2021-01-14","presisi_tanggal":"hari","waktu_utc":"2021-01-13T22:00:00+00:00","sumber":"magma-tanggapan","tipe":null,"desa":"Gunung Salak","kecamatan":"Selemadeg Timur","kab_kode":"51.02","kab_nama":"Kabupaten Tabanan","provinsi":"Bali"}},{"type":"Feature","geometry":{"type":"Point","coordinates":[118.7769,-3.1015]},"properties":{"id":"magma:CRS20210116071857","tanggal":"2021-01-14","presisi_tanggal":"hari","waktu_utc":"2021-01-14T06:45:00+00:00","sumber":"magma-tanggapan","tipe":null,"desa":"Onang","kecamatan":"Tubo Sendana","kab_kode":"76.05","kab_nama":"Kabupaten Majene","provinsi":"Sulawesi Barat"}},{"type":"Feature","geometry":{"type":"Point","coordinates":[115.3756,-8.5252]},"properties":{"id":"magma:CRS20210116090347","tanggal":"2021-01-14","presisi_tanggal":"hari","waktu_utc":"2021-01-13T19:14:00+00:00","sumber":"magma-tanggapan","tipe":null,"desa":"Getakan","kecamatan":"Banjarangkan","kab_kode":"51.05","kab_nama":"Kabupaten Klungkung","provinsi":"Bali"}},{"type":"Feature","geometry":{"type":"Point","coordinates":[107.5299,-7.2485]},"properties":{"id":"pvmbg:36_2022:2021-01-15:0","tanggal":"2021-01-15","presisi_tanggal":"hari","waktu_utc":null,"sumber":"pvmbg-lapangan","tipe":"Longsoran","desa":"Sukaluyu","kecamatan":"Pangalengan","kab_kode":"32.04","kab_nama":"Kabupaten Bandung","provinsi":"Jawa Barat"}},{"type":"Feature","geometry":{"type":"Point","coordinates":[111.5766,-8.231]},"properties":{"id":"magma:CRS20210119205156","tanggal":"2021-01-16","presisi_tanggal":"hari","waktu_utc":"2021-01-16T14:15:00+00:00","sumber":"magma-tanggapan","tipe":null,"desa":"Salamwates","kecamatan":"Dongko","kab_kode":"35.03","kab_nama":"Kabupaten Trenggalek","provinsi":"Jawa Timur"}},{"type":"Feature","geometry":{"type":"Point","coordinates":[118.3111,-8.6083]},"properties":{"id":"magma:CRS20210118230555","tanggal":"2021-01-17","presisi_tanggal":"hari","waktu_utc":"2021-01-17T02:10:00+00:00","sumber":"magma-tanggapan","tipe":null,"desa":"Nangatumpu","kecamatan":"Manggalewa","kab_kode":"52.05","kab_nama":"Kabupaten Dompu","provinsi":"Nusa Tenggara Barat"}},{"type":"Feature","geometry":{"type":"Point","coordinates":[110.9685,-8.1717]},"properties":{"id":"magma:CRS20210119212027","tanggal":"2021-01-17","presisi_tanggal":"hari","waktu_utc":"2021-01-16T17:45:00+00:00","sumber":"magma-tanggapan","tipe":null,"desa":"Bomo","kecamatan":"Punung","kab_kode":"35.01","kab_nama":"Kabupaten Pacitan","provinsi":"Jawa Timur"}},{"type":"Feature","geometry":{"type":"Point","coordinates":[108.2288,-7.4943]},"properties":{"id":"pvmbg:139_2021:2021-01-17:0","tanggal":"2021-01-17","presisi_tanggal":"hari","waktu_utc":null,"sumber":"pvmbg-lapangan","tipe":null,"desa":null,"kecamatan":null,"kab_kode":"32.06","kab_nama":"Kabupaten Tasikmalaya","provinsi":"Jawa Barat"}},{"type":"Feature","geometry":{"type":"Point","coordinates":[112.4977,-7.8698]},"properties":{"id":"magma:CRS20210118211018","tanggal":"2021-01-18","presisi_tanggal":"hari","waktu_utc":"2021-01-17T19:32:00+00:00","sumber":"magma-tanggapan","tipe":null,"desa":"Songgokerto","kecamatan":"Batu","kab_kode":"35.79","kab_nama":"Kota Batu","provinsi":"Jawa Timur"}},{"type":"Feature","geometry":{"type":"Point","coordinates":[110.3696,-7.9478]},"properties":{"id":"magma:CRS20210119202301","tanggal":"2021-01-18","presisi_tanggal":"hari","waktu_utc":"2021-01-18T11:29:00+00:00","sumber":"magma-tanggapan","tipe":null,"desa":"Sriharjo","kecamatan":"Imogiri","kab_kode":"34.02","kab_nama":"Kabupaten Bantul","provinsi":"Daerah Istimewa Yogyakarta"}},{"type":"Feature","geometry":{"type":"Point","coordinates":[107.5594,-6.7886]},"properties":{"id":"magma:CRS20210119200113","tanggal":"2021-01-19","presisi_tanggal":"hari","waktu_utc":"2021-01-19T14:00:00+00:00","sumber":"magma-tanggapan","tipe":null,"desa":"Tugumukti","kecamatan":"Cisarua","kab_kode":"32.17","kab_nama":"Kabupaten Bandung Barat","provinsi":"Jawa Barat"}},{"type":"Feature","geometry":{"type":"Point","coordinates":[112.6452,-7.9671]},"properties":{"id":"magma:CRS20210119201104","tanggal":"2021-01-19","presisi_tanggal":"hari","waktu_utc":"2021-01-19T10:30:00+00:00","sumber":"magma-tanggapan","tipe":null,"desa":"Bunulrejo","kecamatan":"Blimbing","kab_kode":"35.73","kab_nama":"Kota Malang","provinsi":"Jawa Timur"}},{"type":"Feature","geometry":{"type":"Point","coordinates":[118.9121,-2.9456]},"properties":{"id":"magma:CRS20210119201807","tanggal":"2021-01-19","presisi_tanggal":"hari","waktu_utc":"2021-01-19T05:00:00+00:00","sumber":"magma-tanggapan","tipe":null,"desa":"Mekkatta","kecamatan":"Malunda","kab_kode":"76.05","kab_nama":"Kabupaten Majene","provinsi":"Sulawesi Barat"}},{"type":"Feature","geometry":{"type":"Point","coordinates":[136.4273,-3.9534]},"properties":{"id":"magma:CRS20210120220513","tanggal":"2021-01-19","presisi_tanggal":"hari","waktu_utc":"2021-01-19T09:30:00+00:00","sumber":"magma-tanggapan","tipe":null,"desa":"Umbutu / Uyubutu / Uwibutu","kecamatan":"Paniai Timur","kab_kode":"94.03","kab_nama":"Kabupaten Paniai","provinsi":"Papua Tengah"}},{"type":"Feature","geometry":{"type":"Point","coordinates":[110.4441,-7.9105]},"properties":{"id":"magma:CRS20210120222914","tanggal":"2021-01-19","presisi_tanggal":"hari","waktu_utc":"2021-01-19T09:36:00+00:00","sumber":"magma-tanggapan","tipe":null,"desa":"Muntuk","kecamatan":"Dlingo","kab_kode":"34.02","kab_nama":"Kabupaten Bantul","provinsi":"Daerah Istimewa Yogyakarta"}},{"type":"Feature","geometry":{"type":"Point","coordinates":[106.9766,-6.7223]},"properties":{"id":"pvmbg:106_2021:2021-01-19:0","tanggal":"2021-01-19","presisi_tanggal":"hari","waktu_utc":null,"sumber":"pvmbg-lapangan","tipe":null,"desa":null,"kecamatan":null,"kab_kode":"32.01","kab_nama":"Kabupaten Bogor","provinsi":"Jawa Barat"}},{"type":"Feature","geometry":{"type":"Point","coordinates":[106.9665,-6.7105]},"properties":{"id":"pvmbg:13_2021:2021-01-19:0","tanggal":"2021-01-19","presisi_tanggal":"hari","waktu_utc":null,"sumber":"pvmbg-lapangan","tipe":null,"desa":null,"kecamatan":null,"kab_kode":"32.01","kab_nama":"Kabupaten Bogor","provinsi":"Jawa Barat"}},{"type":"Feature","geometry":{"type":"Point","coordinates":[108.3623,-7.4708]},"properties":{"id":"magma:CRS20210121152300","tanggal":"2021-01-21","presisi_tanggal":"hari","waktu_utc":"2021-01-21T06:05:00+00:00","sumber":"magma-tanggapan","tipe":null,"desa":"Cisarua","kecamatan":"Cineam","kab_kode":"32.06","kab_nama":"Kabupaten Tasikmalaya","provinsi":"Jawa Barat"}},{"type":"Feature","geometry":{"type":"Point","coordinates":[108.0576,-7.4131]},"properties":{"id":"pvmbg:140_2021:2021-01-21:0","tanggal":"2021-01-21","presisi_tanggal":"hari","waktu_utc":null,"sumber":"pvmbg-lapangan","tipe":null,"desa":null,"kecamatan":null,"kab_kode":"32.06","kab_nama":"Kabupaten Tasikmalaya","provinsi":"Jawa Barat"}},{"type":"Feature","geometry":{"type":"Point","coordinates":[108.1222,-7.6034]},"properties":{"id":"pvmbg:140_2021:2021-01-21:1","tanggal":"2021-01-21","presisi_tanggal":"hari","waktu_utc":null,"sumber":"pvmbg-lapangan","tipe":null,"desa":null,"kecamatan":null,"kab_kode":"32.06","kab_nama":"Kabupaten Tasikmalaya","provinsi":"Jawa Barat"}},{"type":"Feature","geometry":{"type":"Point","coordinates":[120.7032,-8.6859]},"properties":{"id":"pvmbg:314_2024:2021-01-21:0","tanggal":"2021-01-21","presisi_tanggal":"hari","waktu_utc":null,"sumber":"pvmbg-lapangan","tipe":null,"desa":null,"kecamatan":null,"kab_kode":"53.19","kab_nama":"Kabupaten Manggarai Timur","provinsi":"Nusa Tenggara Timur"}},{"type":"Feature","geometry":{"type":"Point","coordinates":[120.691,-8.6488]},"properties":{"id":"pvmbg:314_2024:2021-01-21:1","tanggal":"2021-01-21","presisi_tanggal":"hari","waktu_utc":null,"sumber":"pvmbg-lapangan","tipe":null,"desa":null,"kecamatan":null,"kab_kode":"53.19","kab_nama":"Kabupaten Manggarai Timur","provinsi":"Nusa Tenggara Timur"}},{"type":"Feature","geometry":{"type":"Point","coordinates":[124.8362,1.4607]},"properties":{"id":"magma:CRS20210124051952","tanggal":"2021-01-22","presisi_tanggal":"hari","waktu_utc":"2021-01-21T16:00:00+00:00","sumber":"magma-tanggapan","tipe":null,"desa":"Ranotana","kecamatan":"Sario","kab_kode":"71.71","kab_nama":"Kota Manado","provinsi":"Sulawesi Utara"}},{"type":"Feature","geometry":{"type":"Point","coordinates":[108.3846,-7.0226]},"properties":{"id":"magma:CRS20210124055624","tanggal":"2021-01-22","presisi_tanggal":"hari","waktu_utc":"2021-01-22T11:03:00+00:00","sumber":"magma-tanggapan","tipe":null,"desa":"Sindangpanji","kecamatan":"Cikijing","kab_kode":"32.10","kab_nama":"Kabupaten Majalengka","provinsi":"Jawa Barat"}},{"type":"Feature","geometry":{"type":"Point","coordinates":[112.5513,-7.613]},"properties":{"id":"magma:CRS20210125212542","tanggal":"2021-01-25","presisi_tanggal":"hari","waktu_utc":"2021-01-24T21:00:00+00:00","sumber":"magma-tanggapan","tipe":null,"desa":"Sumberkembar","kecamatan":"Pacet","kab_kode":"35.16","kab_nama":"Kabupaten Mojokerto","provinsi":"Jawa Timur"}},{"type":"Feature","geometry":{"type":"Point","coordinates":[108.1458,-6.8229]},"properties":{"id":"magma:CRS20210125214634","tanggal":"2021-01-25","presisi_tanggal":"hari","waktu_utc":"2021-01-24T23:00:00+00:00","sumber":"magma-tanggapan","tipe":null,"desa":"Jembarwangi","kecamatan":"Tomo","kab_kode":"32.11","kab_nama":"Kabupaten Sumedang","provinsi":"Jawa Barat"}},{"type":"Feature","geometry":{"type":"Point","coordinates":[123.6316,-10.1619]},"properties":{"id":"magma:CRS20210125215946","tanggal":"2021-01-25","presisi_tanggal":"hari","waktu_utc":"2021-01-24T21:00:00+00:00","sumber":"magma-tanggapan","tipe":null,"desa":"Tuak Daun Merah","kecamatan":"Oebobo","kab_kode":"53.71","kab_nama":"Kota Kupang","provinsi":"Nusa Tenggara Timur"}},{"type":"Feature","geometry":{"type":"Point","coordinates":[107.9845,-6.9067]},"properties":{"id":"pvmbg:38_2022:2021-01-25:0","tanggal":"2021-01-25","presisi_tanggal":"hari","waktu_utc":null,"sumber":"pvmbg-lapangan","tipe":"Longsoran","desa":"Bangbayang","kecamatan":"Situraja","kab_kode":"32.11","kab_nama":"Kabupaten Sumedang","provinsi":"Jawa Barat"}},{"type":"Feature","geometry":{"type":"Point","coordinates":[107.9883,-6.9914]},"properties":{"id":"pvmbg:38_2022:2021-01-25:1","tanggal":"2021-01-25","presisi_tanggal":"hari","waktu_utc":null,"sumber":"pvmbg-lapangan","tipe":"Longsoran","desa":"Bangbayang","kecamatan":"Situraja","kab_kode":"32.05","kab_nama":"Kabupaten Garut","provinsi":"Jawa Barat"}},{"type":"Feature","geometry":{"type":"Point","coordinates":[110.2565,-7.3233]},"properties":{"id":"magma:CRS20210129214532","tanggal":"2021-01-28","presisi_tanggal":"hari","waktu_utc":"2021-01-28T11:00:00+00:00","sumber":"magma-tanggapan","tipe":null,"desa":"Purwosari","kecamatan":"Kranggan","kab_kode":"33.23","kab_nama":"Kabupaten Temanggung","provinsi":"Jawa Tengah"}},{"type":"Feature","geometry":{"type":"Point","coordinates":[110.0583,-7.1419]},"properties":{"id":"magma:CRS20210129220559","tanggal":"2021-01-28","presisi_tanggal":"hari","waktu_utc":"2021-01-28T11:30:00+00:00","sumber":"magma-tanggapan","tipe":null,"desa":"Jlegong","kecamatan":"Bejen","kab_kode":"33.23","kab_nama":"Kabupaten Temanggung","provinsi":"Jawa Tengah"}},{"type":"Feature","geometry":{"type":"Point","coordinates":[110.9402,-8.0478]},"properties":{"id":"magma:CRS20210130051358","tanggal":"2021-01-28","presisi_tanggal":"hari","waktu_utc":"2021-01-27T20:00:00+00:00","sumber":"magma-tanggapan","tipe":null,"desa":"Guwotirto","kecamatan":"Giriwoyo","kab_kode":"33.12","kab_nama":"Kabupaten Wonogiri","provinsi":"Jawa Tengah"}},{"type":"Feature","geometry":{"type":"Point","coordinates":[109.852,-7.1116]},"properties":{"id":"magma:CRS20210129211714","tanggal":"2021-01-29","presisi_tanggal":"hari","waktu_utc":"2021-01-28T23:00:00+00:00","sumber":"magma-tanggapan","tipe":null,"desa":"Keteleng","kecamatan":"Blado","kab_kode":"33.25","kab_nama":"Kabupaten Batang","provinsi":"Jawa Tengah"}},{"type":"Feature","geometry":{"type":"Point","coordinates":[128.4764,2.5867]},"properties":{"id":"magma:CRS20210201121617","tanggal":"2021-01-30","presisi_tanggal":"hari","waktu_utc":"2021-01-29T17:23:00+00:00","sumber":"magma-tanggapan","tipe":null,"desa":"Podimor Padange","kecamatan":"Morotai Jaya","kab_kode":"82.07","kab_nama":"Kabupaten Pulau Morotai","provinsi":"Maluku Utara"}},{"type":"Feature","geometry":{"type":"Point","coordinates":[107.5078,-6.6546]},"properties":{"id":"magma:CRS20210331224850","tanggal":"2021-02-01","presisi_tanggal":"hari","waktu_utc":"2021-01-31T23:00:00+00:00","sumber":"magma-tanggapan+pvmbg-lapangan","tipe":null,"desa":"Pondokbungur","kecamatan":"Pondok Salam","kab_kode":"32.14","kab_nama":"Kabupaten Purwakarta","provinsi":"Jawa Barat"}},{"type":"Feature","geometry":{"type":"Point","coordinates":[108.1701,-6.9868]},"properties":{"id":"pvmbg:204_2021:2021-02-01:0","tanggal":"2021-02-01","presisi_tanggal":"bulan","waktu_utc":null,"sumber":"pvmbg-lapangan","tipe":null,"desa":null,"kecamatan":null,"kab_kode":"32.10","kab_nama":"Kabupaten Majalengka","provinsi":"Jawa Barat"}},{"type":"Feature","geometry":{"type":"Point","coordinates":[109.8009,-7.4573]},"properties":{"id":"pvmbg:246_2021:2021-02-01:0","tanggal":"2021-02-01","presisi_tanggal":"bulan","waktu_utc":null,"sumber":"pvmbg-lapangan","tipe":null,"desa":null,"kecamatan":null,"kab_kode":"33.07","kab_nama":"Kabupaten Wonosobo","provinsi":"Jawa Tengah"}},{"type":"Feature","geometry":{"type":"Point","coordinates":[109.8462,-7.4925]},"properties":{"id":"pvmbg:246_2021:2021-02-01:1","tanggal":"2021-02-01","presisi_tanggal":"bulan","waktu_utc":null,"sumber":"pvmbg-lapangan","tipe":null,"desa":null,"kecamatan":null,"kab_kode":"33.07","kab_nama":"Kabupaten Wonosobo","provinsi":"Jawa Tengah"}},{"type":"Feature","geometry":{"type":"Point","coordinates":[106.6407,-6.5017]},"properties":{"id":"pvmbg:284_2021:2021-02-01:0","tanggal":"2021-02-01","presisi_tanggal":"bulan","waktu_utc":null,"sumber":"pvmbg-lapangan","tipe":null,"desa":null,"kecamatan":null,"kab_kode":"32.01","kab_nama":"Kabupaten Bogor","provinsi":"Jawa Barat"}},{"type":"Feature","geometry":{"type":"Point","coordinates":[107.0665,-6.469]},"properties":{"id":"pvmbg:301_2021:2021-02-01:0","tanggal":"2021-02-01","presisi_tanggal":"bulan","waktu_utc":null,"sumber":"pvmbg-lapangan","tipe":null,"desa":null,"kecamatan":null,"kab_kode":"32.01","kab_nama":"Kabupaten Bogor","provinsi":"Jawa Barat"}},{"type":"Feature","geometry":{"type":"Point","coordinates":[112.5066,-7.8413]},"properties":{"id":"magma:CRS20210220194530","tanggal":"2021-02-02","presisi_tanggal":"hari","waktu_utc":"2021-02-02T12:00:00+00:00","sumber":"magma-tanggapan","tipe":null,"desa":"Gunungsari","kecamatan":"Bumiaji","kab_kode":"35.79","kab_nama":"Kota Batu","provinsi":"Jawa Timur"}},{"type":"Feature","geometry":{"type":"Point","coordinates":[107.8927,-7.4158]},"properties":{"id":"pvmbg:121_2021:2021-02-02:0","tanggal":"2021-02-02","presisi_tanggal":"hari","waktu_utc":null,"sumber":"pvmbg-lapangan","tipe":null,"desa":null,"kecamatan":null,"kab_kode":"32.05","kab_nama":"Kabupaten Garut","provinsi":"Jawa Barat"}},{"type":"Feature","geometry":{"type":"Point","coordinates":[112.5066,-7.8413]},"properties":{"id":"magma:CRS20210220195340","tanggal":"2021-02-03","presisi_tanggal":"hari","waktu_utc":"2021-02-02T18:00:00+00:00","sumber":"magma-tanggapan+pvmbg-lapangan","tipe":null,"desa":"Gunungsari","kecamatan":"Bumiaji","kab_kode":"35.79","kab_nama":"Kota Batu","provinsi":"Jawa Timur"}},{"type":"Feature","geometry":{"type":"Point","coordinates":[106.9872,-6.6975]},"properties":{"id":"pvmbg:286_2021:2021-02-03:0","tanggal":"2021-02-03","presisi_tanggal":"hari","waktu_utc":null,"sumber":"pvmbg-lapangan","tipe":null,"desa":null,"kecamatan":null,"kab_kode":"32.01","kab_nama":"Kabupaten Bogor","provinsi":"Jawa Barat"}},{"type":"Feature","geometry":{"type":"Point","coordinates":[112.6139,-7.9981]},"properties":{"id":"magma:CRS20210205233350","tanggal":"2021-02-04","presisi_tanggal":"hari","waktu_utc":"2021-02-04T01:00:00+00:00","sumber":"magma-tanggapan","tipe":null,"desa":"Sukun","kecamatan":"Sukun","kab_kode":"35.73","kab_nama":"Kota Malang","provinsi":"Jawa Timur"}},{"type":"Feature","geometry":{"type":"Point","coordinates":[107.5535,-6.8248]},"properties":{"id":"magma:CRS20210205234952","tanggal":"2021-02-04","presisi_tanggal":"hari","waktu_utc":"2021-02-04T12:30:00+00:00","sumber":"magma-tanggapan","tipe":null,"desa":"Jambudipa","kecamatan":"Cisarua","kab_kode":"32.17","kab_nama":"Kabupaten Bandung Barat","provinsi":"Jawa Barat"}},{"type":"Feature","geometry":{"type":"Point","coordinates":[106.8503,-6.2701]},"properties":{"id":"magma:CRS20210206000244","tanggal":"2021-02-04","presisi_tanggal":"hari","waktu_utc":"2021-02-04T13:14:00+00:00","sumber":"magma-tanggapan","tipe":null,"desa":"Pejaten Timur","kecamatan":"Pasar Minggu","kab_kode":"31.74","kab_nama":"Kota Administrasi Jakarta Selatan","provinsi":"Daerah Khusus Ibukota Jakarta"}},{"type":"Feature","geometry":{"type":"Point","coordinates":[106.9526,-7.0126]},"properties":{"id":"pvmbg:119_2021:2021-02-04:0","tanggal":"2021-02-04","presisi_tanggal":"hari","waktu_utc":null,"sumber":"pvmbg-lapangan","tipe":null,"desa":null,"kecamatan":null,"kab_kode":"32.02","kab_nama":"Kabupaten Sukabumi","provinsi":"Jawa Barat"}},{"type":"Feature","geometry":{"type":"Point","coordinates":[108.1805,-7.5041]},"properties":{"id":"pvmbg:136_2021:2021-02-04:0","tanggal":"2021-02-04","presisi_tanggal":"hari","waktu_utc":null,"sumber":"pvmbg-lapangan","tipe":null,"desa":null,"kecamatan":"Cibalong","kab_kode":"32.06","kab_nama":"Kabupaten Tasikmalaya","provinsi":"Jawa Barat"}},{"type":"Feature","geometry":{"type":"Point","coordinates":[122.3618,-8.736]},"properties":{"id":"magma:CRS20210205232945","tanggal":"2021-02-05","presisi_tanggal":"hari","waktu_utc":"2021-02-04T19:00:00+00:00","sumber":"magma-tanggapan","tipe":null,"desa":"Wolonterang","kecamatan":"Doreng","kab_kode":"53.07","kab_nama":"Kabupaten Sikka","provinsi":"Nusa Tenggara Timur"}},{"type":"Feature","geometry":{"type":"Point","coordinates":[112.4351,-7.8555]},"properties":{"id":"magma:CRS20210205233740","tanggal":"2021-02-05","presisi_tanggal":"hari","waktu_utc":"2021-02-05T02:00:00+00:00","sumber":"magma-tanggapan","tipe":null,"desa":"Sukomulyo","kecamatan":"Pujon","kab_kode":"35.07","kab_nama":"Kabupaten Malang","provinsi":"Jawa Timur"}},{"type":"Feature","geometry":{"type":"Point","coordinates":[112.4977,-7.8698]},"properties":{"id":"magma:CRS20210205234228","tanggal":"2021-02-05","presisi_tanggal":"hari","waktu_utc":"2021-02-05T12:00:00+00:00","sumber":"magma-tanggapan","tipe":null,"desa":"Songgokerto","kecamatan":"Batu","kab_kode":"35.79","kab_nama":"Kota Batu","provinsi":"Jawa Timur"}},{"type":"Feature","geometry":{"type":"Point","coordinates":[106.8341,-6.3255]},"properties":{"id":"magma:CRS20210206000739","tanggal":"2021-02-05","presisi_tanggal":"hari","waktu_utc":"2021-02-04T18:30:00+00:00","sumber":"magma-tanggapan","tipe":null,"desa":"Lenteng Agung","kecamatan":"Jagakarsa","kab_kode":"31.74","kab_nama":"Kota Administrasi Jakarta Selatan","provinsi":"Daerah Khusus Ibukota Jakarta"}},{"type":"Feature","geometry":{"type":"Point","coordinates":[106.8267,-6.3476]},"properties":{"id":"magma:CRS20210206001117","tanggal":"2021-02-05","presisi_tanggal":"hari","waktu_utc":"2021-02-04T23:30:00+00:00","sumber":"magma-tanggapan","tipe":null,"desa":"Srengseng Sawah","kecamatan":"Jagakarsa","kab_kode":"31.74","kab_nama":"Kota Administrasi Jakarta Selatan","provinsi":"Daerah Khusus Ibukota Jakarta"}},{"type":"Feature","geometry":{"type":"Point","coordinates":[107.3459,-6.5825]},"properties":{"id":"magma:CRS20210209055334","tanggal":"2021-02-05","presisi_tanggal":"hari","waktu_utc":"2021-02-04T19:54:00+00:00","sumber":"magma-tanggapan","tipe":null,"desa":"Pasanggrahan","kecamatan":"Tegal Waru","kab_kode":"32.14","kab_nama":"Kabupaten Purwakarta","provinsi":"Jawa Barat"}},{"type":"Feature","geometry":{"type":"Point","coordinates":[107.5757,-6.8176]},"properties":{"id":"magma:CRS20210205235357","tanggal":"2021-02-06","presisi_tanggal":"hari","waktu_utc":"2021-02-06T12:30:00+00:00","sumber":"magma-tanggapan","tipe":null,"desa":"Cihanjuang Rahayu","kecamatan":"Parongpong","kab_kode":"32.17","kab_nama":"Kabupaten Bandung Barat","provinsi":"Jawa Barat"}},{"type":"Feature","geometry":{"type":"Point","coordinates":[118.4338,-8.6528]},"properties":{"id":"magma:CRS20210205235841","tanggal":"2021-02-06","presisi_tanggal":"hari","waktu_utc":"2021-02-06T06:10:00+00:00","sumber":"magma-tanggapan","tipe":null,"desa":"Jambu","kecamatan":"Pajo","kab_kode":"52.05","kab_nama":"Kabupaten Dompu","provinsi":"Nusa Tenggara Barat"}},{"type":"Feature","geometry":{"type":"Point","coordinates":[107.3459,-6.5825]},"properties":{"id":"magma:CRS20210331222005","tanggal":"2021-02-06","presisi_tanggal":"hari","waktu_utc":"2021-02-06T11:00:00+00:00","sumber":"magma-tanggapan+pvmbg-lapangan","tipe":null,"desa":"Pasanggrahan","kecamatan":"Tegal Waru","kab_kode":"32.14","kab_nama":"Kabupaten Purwakarta","provinsi":"Jawa Barat"}},{"type":"Feature","geometry":{"type":"Point","coordinates":[111.4574,-8.0526]},"properties":{"id":"magma:CRS20210208101523","tanggal":"2021-02-07","presisi_tanggal":"hari","waktu_utc":"2021-02-07T07:00:00+00:00","sumber":"magma-tanggapan","tipe":null,"desa":"Pelem","kecamatan":"Bungkal","kab_kode":"35.02","kab_nama":"Kabupaten Ponorogo","provinsi":"Jawa Timur"}},{"type":"Feature","geometry":{"type":"Point","coordinates":[107.518,-6.8467]},"properties":{"id":"magma:CRS20210208224140","tanggal":"2021-02-07","presisi_tanggal":"hari","waktu_utc":"2021-02-07T16:00:00+00:00","sumber":"magma-tanggapan","tipe":null,"desa":"Cilame","kecamatan":"Ngamprah","kab_kode":"32.17","kab_nama":"Kabupaten Bandung Barat","provinsi":"Jawa Barat"}},{"type":"Feature","geometry":{"type":"Point","coordinates":[109.8127,-7.2117]},"properties":{"id":"magma:CRS20210208232321","tanggal":"2021-02-08","presisi_tanggal":"hari","waktu_utc":"2021-02-07T22:00:00+00:00","sumber":"magma-tanggapan","tipe":null,"desa":"Batur","kecamatan":"Batur","kab_kode":"33.04","kab_nama":"Kabupaten Banjarnegara","provinsi":"Jawa Tengah"}},{"type":"Feature","geometry":{"type":"Point","coordinates":[115.3029,-8.3814]},"properties":{"id":"magma:CRS20210208235446","tanggal":"2021-02-08","presisi_tanggal":"hari","waktu_utc":"2021-02-08T03:50:00+00:00","sumber":"magma-tanggapan","tipe":null,"desa":"Sebatu","kecamatan":"Tegallalang","kab_kode":"51.04","kab_nama":"Kabupaten Gianyar","provinsi":"Bali"}},{"type":"Feature","geometry":{"type":"Point","coordinates":[108.1192,-6.6421]},"properties":{"id":"magma:CRS20210209204206","tanggal":"2021-02-08","presisi_tanggal":"hari","waktu_utc":"2021-02-08T05:00:00+00:00","sumber":"magma-tanggapan","tipe":null,"desa":"Kertajati","kecamatan":"Kertajati","kab_kode":"32.10","kab_nama":"Kabupaten Majalengka","provinsi":"Jawa Barat"}},{"type":"Feature","geometry":{"type":"Point","coordinates":[108.5833,-7.2833]},"properties":{"id":"pvmbg:93_2021:2021-02-08:0","tanggal":"2021-02-08","presisi_tanggal":"hari","waktu_utc":null,"sumber":"pvmbg-lapangan","tipe":null,"desa":null,"kecamatan":null,"kab_kode":"33.01","kab_nama":"Kabupaten Cilacap","provinsi":"Jawa Tengah"}},{"type":"Feature","geometry":{"type":"Point","coordinates":[112.4932,-7.5591]},"properties":{"id":"magma:CRS20210209192650","tanggal":"2021-02-09","presisi_tanggal":"hari","waktu_utc":"2021-02-09T11:00:00+00:00","sumber":"magma-tanggapan","tipe":null,"desa":"Ngembeh","kecamatan":"Dlanggu","kab_kode":"35.16","kab_nama":"Kabupaten Mojokerto","provinsi":"Jawa Timur"}},{"type":"Feature","geometry":{"type":"Point","coordinates":[106.2699,-6.3735]},"properties":{"id":"magma:CRS20210209202252","tanggal":"2021-02-09","presisi_tanggal":"hari","waktu_utc":"2021-02-09T02:50:00+00:00","sumber":"magma-tanggapan","tipe":null,"desa":"Rangkasbitung Timur","kecamatan":"Rangkasbitung","kab_kode":"36.02","kab_nama":"Kabupaten Lebak","provinsi":"Banten"}},{"type":"Feature","geometry":{"type":"Point","coordinates":[109.8112,-7.625]},"properties":{"id":"magma:CRS20210213060141","tanggal":"2021-02-09","presisi_tanggal":"hari","waktu_utc":"2021-02-09T12:00:00+00:00","sumber":"magma-tanggapan","tipe":null,"desa":"Kalijering","kecamatan":"Padureso","kab_kode":"33.05","kab_nama":"Kabupaten Kebumen","provinsi":"Jawa Tengah"}},{"type":"Feature","geometry":{"type":"Point","coordinates":[109.8083,-7.6289]},"properties":{"id":"magma:CRS20210213072546","tanggal":"2021-02-09","presisi_tanggal":"hari","waktu_utc":"2021-02-09T12:00:00+00:00","sumber":"magma-tanggapan+pvmbg-lapangan","tipe":null,"desa":"Kalijering","kecamatan":"Padureso","kab_kode":"33.05","kab_nama":"Kabupaten Kebumen","provinsi":"Jawa Tengah"}},{"type":"Feature","geometry":{"type":"Point","coordinates":[107.8908,-6.5486]},"properties":{"id":"pvmbg:63_2021:2021-02-09:0","tanggal":"2021-02-09","presisi_tanggal":"hari","waktu_utc":null,"sumber":"pvmbg-lapangan","tipe":null,"desa":null,"kecamatan":null,"kab_kode":"32.13","kab_nama":"Kabupaten Subang","provinsi":"Jawa Barat"}},{"type":"Feature","geometry":{"type":"Point","coordinates":[106.9667,-7.0147]},"properties":{"id":"pvmbg:64_2021:2021-02-09:0","tanggal":"2021-02-09","presisi_tanggal":"hari","waktu_utc":null,"sumber":"pvmbg-lapangan","tipe":null,"desa":null,"kecamatan":null,"kab_kode":"32.02","kab_nama":"Kabupaten Sukabumi","provinsi":"Jawa Barat"}},{"type":"Feature","geometry":{"type":"Point","coordinates":[107.6038,-7.2641]},"properties":{"id":"magma:CRS20210214063201","tanggal":"2021-02-10","presisi_tanggal":"hari","waktu_utc":"2021-02-09T20:30:00+00:00","sumber":"magma-tanggapan","tipe":null,"desa":"Wanasuka","kecamatan":"Pangalengan","kab_kode":"32.04","kab_nama":"Kabupaten Bandung","provinsi":"Jawa Barat"}},{"type":"Feature","geometry":{"type":"Point","coordinates":[107.7799,-7.099]},"properties":{"id":"pvmbg:107_2021:2021-02-10:0","tanggal":"2021-02-10","presisi_tanggal":"hari","waktu_utc":null,"sumber":"pvmbg-lapangan","tipe":null,"desa":null,"kecamatan":null,"kab_kode":"32.04","kab_nama":"Kabupaten Bandung","provinsi":"Jawa Barat"}},{"type":"Feature","geometry":{"type":"Point","coordinates":[107.6255,-7.2281]},"properties":{"id":"pvmbg:108_2021:2021-02-10:0","tanggal":"2021-02-10","presisi_tanggal":"hari","waktu_utc":null,"sumber":"pvmbg-lapangan","tipe":null,"desa":null,"kecamatan":null,"kab_kode":"32.04","kab_nama":"Kabupaten Bandung","provinsi":"Jawa Barat"}},{"type":"Feature","geometry":{"type":"Point","coordinates":[110.596,-7.8128]},"properties":{"id":"magma:CRS20210211235338","tanggal":"2021-02-11","presisi_tanggal":"hari","waktu_utc":"2021-02-11T03:00:00+00:00","sumber":"magma-tanggapan","tipe":null,"desa":"Watu Gajah","kecamatan":"Gedang Sari","kab_kode":"34.03","kab_nama":"Kabupaten Gunungkidul","provinsi":"Daerah Istimewa Yogyakarta"}},{"type":"Feature","geometry":{"type":"Point","coordinates":[112.5737,-7.91]},"properties":{"id":"magma:CRS20210212000858","tanggal":"2021-02-11","presisi_tanggal":"hari","waktu_utc":"2021-02-10T20:45:00+00:00","sumber":"magma-tanggapan","tipe":null,"desa":"Dadaprejo","kecamatan":"Junrejo","kab_kode":"35.79","kab_nama":"Kota Batu","provinsi":"Jawa Timur"}},{"type":"Feature","geometry":{"type":"Point","coordinates":[109.1639,-7.1972]},"properties":{"id":"magma:CRS20210214055137","tanggal":"2021-02-12","presisi_tanggal":"hari","waktu_utc":"2021-02-11T20:00:00+00:00","sumber":"magma-tanggapan","tipe":null,"desa":"Bojong","kecamatan":"Bojong","kab_kode":"33.28","kab_nama":"Kabupaten Tegal","provinsi":"Jawa Tengah"}},{"type":"Feature","geometry":{"type":"Point","coordinates":[107.9147,-7.2852]},"properties":{"id":"magma:CRS20210214090457","tanggal":"2021-02-12","presisi_tanggal":"hari","waktu_utc":"2021-02-12T13:10:00+00:00","sumber":"magma-tanggapan","tipe":null,"desa":"Karyamekar","kecamatan":"Cilawu","kab_kode":"32.05","kab_nama":"Kabupaten Garut","provinsi":"Jawa Barat"}},{"type":"Feature","geometry":{"type":"Point","coordinates":[108.3653,-6.8963]},"properties":{"id":"magma:CRS20210214061252","tanggal":"2021-02-13","presisi_tanggal":"hari","waktu_utc":"2021-02-13T00:00:00+00:00","sumber":"magma-tanggapan","tipe":null,"desa":"Argalingga","kecamatan":"Argapura","kab_kode":"32.10","kab_nama":"Kabupaten Majalengka","provinsi":"Jawa Barat"}},{"type":"Feature","geometry":{"type":"Point","coordinates":[107.7903,-7.1197]},"properties":{"id":"magma:CRS20210214064753","tanggal":"2021-02-13","presisi_tanggal":"hari","waktu_utc":"2021-02-12T18:00:00+00:00","sumber":"magma-tanggapan","tipe":null,"desa":"Mekarwangi","kecamatan":"Ibun","kab_kode":"32.04","kab_nama":"Kabupaten Bandung","provinsi":"Jawa Barat"}},{"type":"Feature","geometry":{"type":"Point","coordinates":[111.8383,-7.7222]},"properties":{"id":"pvmbg:125_2021:2021-02-14:0","tanggal":"2021-02-14","presisi_tanggal":"hari","waktu_utc":null,"sumber":"pvmbg-lapangan","tipe":null,"desa":null,"kecamatan":null,"kab_kode":"35.18","kab_nama":"Kabupaten Nganjuk","provinsi":"Jawa Timur"}},{"type":"Feature","geometry":{"type":"Point","coordinates":[111.8429,-7.701]},"properties":{"id":"pvmbg:67_2021:2021-02-14:0","tanggal":"2021-02-14","presisi_tanggal":"hari","waktu_utc":null,"sumber":"pvmbg-lapangan","tipe":null,"desa":null,"kecamatan":null,"kab_kode":"35.18","kab_nama":"Kabupaten Nganjuk","provinsi":"Jawa Timur"}},{"type":"Feature","geometry":{"type":"Point","coordinates":[111.7436,-7.6996]},"properties":{"id":"magma:CRS20210218070217","tanggal":"2021-02-16","presisi_tanggal":"hari","waktu_utc":"2021-02-16T12:30:00+00:00","sumber":"magma-tanggapan","tipe":null,"desa":"Durenan","kecamatan":"Gemarang","kab_kode":"35.19","kab_nama":"Kabupaten Madiun","provinsi":"Jawa Timur"}},{"type":"Feature","geometry":{"type":"Point","coordinates":[106.7028,-6.1318]},"properties":{"id":"magma:CRS20210218070810","tanggal":"2021-02-16","presisi_tanggal":"hari","waktu_utc":"2021-02-16T08:30:00+00:00","sumber":"magma-tanggapan","tipe":null,"desa":"Pegadungan","kecamatan":"Kali Deres","kab_kode":"31.73","kab_nama":"Kota Administrasi Jakarta Barat","provinsi":"Daerah Khusus Ibukota Jakarta"}},{"type":"Feature","geometry":{"type":"Point","coordinates":[106.994,-6.2449]},"properties":{"id":"magma:CRS20210218071300","tanggal":"2021-02-16","presisi_tanggal":"hari","waktu_utc":"2021-02-15T19:00:00+00:00","sumber":"magma-tanggapan","tipe":null,"desa":"Marga Jaya","kecamatan":"Bekasi Selatan","kab_kode":"32.75","kab_nama":"Kota Bekasi","provinsi":"Jawa Barat"}},{"type":"Feature","geometry":{"type":"Point","coordinates":[108.2047,-7.5791]},"properties":{"id":"pvmbg:136_2021:2021-02-18:0","tanggal":"2021-02-18","presisi_tanggal":"hari","waktu_utc":null,"sumber":"pvmbg-lapangan","tipe":null,"desa":null,"kecamatan":"Cibalong","kab_kode":"32.06","kab_nama":"Kabupaten Tasikmalaya","provinsi":"Jawa Barat"}},{"type":"Feature","geometry":{"type":"Point","coordinates":[107.3514,-6.4926]},"properties":{"id":"pvmbg:156_2021:2021-02-19:0","tanggal":"2021-02-19","presisi_tanggal":"hari","waktu_utc":null,"sumber":"pvmbg-lapangan","tipe":null,"desa":null,"kecamatan":"Sukasari","kab_kode":"32.14","kab_nama":"Kabupaten Purwakarta","provinsi":"Jawa Barat"}},{"type":"Feature","geometry":{"type":"Point","coordinates":[111.842,-7.9675]},"properties":{"id":"magma:CRS20210314203627","tanggal":"2021-02-22","presisi_tanggal":"hari","waktu_utc":"2021-02-21T20:00:00+00:00","sumber":"magma-tanggapan","tipe":null,"desa":"Krosok","kecamatan":"Sendang","kab_kode":"35.04","kab_nama":"Kabupaten Tulungagung","provinsi":"Jawa Timur"}},{"type":"Feature","geometry":{"type":"Point","coordinates":[117.2794,-9.009]},"properties":{"id":"magma:CRS20210314204229","tanggal":"2021-02-22","presisi_tanggal":"hari","waktu_utc":"2021-02-21T17:00:00+00:00","sumber":"magma-tanggapan","tipe":null,"desa":"Perung","kecamatan":"Lunyuk","kab_kode":"52.04","kab_nama":"Kabupaten Sumbawa","provinsi":"Nusa Tenggara Barat"}},{"type":"Feature","geometry":{"type":"Point","coordinates":[101.3204,0.5341]},"properties":{"id":"magma:CRS20210225061417","tanggal":"2021-02-23","presisi_tanggal":"hari","waktu_utc":"2021-02-22T17:00:00+00:00","sumber":"magma-tanggapan","tipe":null,"desa":"Karya Indah","kecamatan":"Tapung","kab_kode":"14.01","kab_nama":"Kabupaten Kampar","provinsi":"Riau"}},{"type":"Feature","geometry":{"type":"Point","coordinates":[110.8732,-6.6468]},"properties":{"id":"magma:CRS20210225060507","tanggal":"2021-02-24","presisi_tanggal":"hari","waktu_utc":"2021-02-23T19:00:00+00:00","sumber":"magma-tanggapan","tipe":null,"desa":"Rahtawu","kecamatan":"Gebog","kab_kode":"33.19","kab_nama":"Kabupaten Kudus","provinsi":"Jawa Tengah"}},{"type":"Feature","geometry":{"type":"Point","coordinates":[106.9032,-6.625]},"properties":{"id":"pvmbg:285_2021:2021-03-01:0","tanggal":"2021-03-01","presisi_tanggal":"bulan","waktu_utc":null,"sumber":"pvmbg-lapangan","tipe":null,"desa":null,"kecamatan":null,"kab_kode":"32.01","kab_nama":"Kabupaten Bogor","provinsi":"Jawa Barat"}},{"type":"Feature","geometry":{"type":"Point","coordinates":[108.7934,-7.2574]},"properties":{"id":"pvmbg:326_2021:2021-03-01:0","tanggal":"2021-03-01","presisi_tanggal":"bulan","waktu_utc":null,"sumber":"pvmbg-lapangan","tipe":null,"desa":null,"kecamatan":null,"kab_kode":"33.01","kab_nama":"Kabupaten Cilacap","provinsi":"Jawa Tengah"}},{"type":"Feature","geometry":{"type":"Point","coordinates":[106.7995,-6.7693]},"properties":{"id":"pvmbg:117_2021:2021-03-04:0","tanggal":"2021-03-04","presisi_tanggal":"hari","waktu_utc":null,"sumber":"pvmbg-lapangan","tipe":null,"desa":null,"kecamatan":null,"kab_kode":"32.02","kab_nama":"Kabupaten Sukabumi","provinsi":"Jawa Barat"}},{"type":"Feature","geometry":{"type":"Point","coordinates":[106.9547,-7.0304]},"properties":{"id":"pvmbg:119_2021:2021-03-04:0","tanggal":"2021-03-04","presisi_tanggal":"hari","waktu_utc":null,"sumber":"pvmbg-lapangan","tipe":null,"desa":null,"kecamatan":null,"kab_kode":"32.02","kab_nama":"Kabupaten Sukabumi","provinsi":"Jawa Barat"}},{"type":"Feature","geometry":{"type":"Point","coordinates":[100.6253,-0.4472]},"properties":{"id":"magma:CRS20210309050102","tanggal":"2021-03-06","presisi_tanggal":"hari","waktu_utc":"2021-03-06T01:00:00+00:00","sumber":"magma-tanggapan","tipe":null,"desa":"Pagaruyung","kecamatan":"Tanjung Emas","kab_kode":"13.04","kab_nama":"Kabupaten Tanah Datar","provinsi":"Sumatera Barat"}},{"type":"Feature","geometry":{"type":"Point","coordinates":[111.2875,-7.7312]},"properties":{"id":"magma:CRS20210309054100","tanggal":"2021-03-07","presisi_tanggal":"hari","waktu_utc":"2021-03-07T10:10:00+00:00","sumber":"magma-tanggapan","tipe":null,"desa":"Cileng","kecamatan":"Poncol","kab_kode":"35.20","kab_nama":"Kabupaten Magetan","provinsi":"Jawa Timur"}},{"type":"Feature","geometry":{"type":"Point","coordinates":[111.3113,-7.6584]},"properties":{"id":"magma:CRS20210314211629","tanggal":"2021-03-12","presisi_tanggal":"hari","waktu_utc":"2021-03-12T10:00:00+00:00","sumber":"magma-tanggapan","tipe":null,"desa":"Candirejo","kecamatan":"Magetan","kab_kode":"35.20","kab_nama":"Kabupaten Magetan","provinsi":"Jawa Timur"}},{"type":"Feature","geometry":{"type":"Point","coordinates":[100.1927,-0.3134]},"properties":{"id":"magma:CRS20210314204821","tanggal":"2021-03-13","presisi_tanggal":"hari","waktu_utc":"2021-03-13T08:15:00+00:00","sumber":"magma-tanggapan","tipe":null,"desa":"Tanjung Sari","kecamatan":"Tanjung Raya","kab_kode":"13.06","kab_nama":"Kabupaten Agam","provinsi":"Sumatera Barat"}},{"type":"Feature","geometry":{"type":"Point","coordinates":[111.3233,-7.6322]},"properties":{"id":"magma:CRS20210314210104","tanggal":"2021-03-13","presisi_tanggal":"hari","waktu_utc":"2021-03-13T10:00:00+00:00","sumber":"magma-tanggapan","tipe":null,"desa":"Tawanganom","kecamatan":"Magetan","kab_kode":"35.20","kab_nama":"Kabupaten Magetan","provinsi":"Jawa Timur"}},{"type":"Feature","geometry":{"type":"Point","coordinates":[111.2949,-7.6886]},"properties":{"id":"magma:CRS20210314211346","tanggal":"2021-03-13","presisi_tanggal":"hari","waktu_utc":"2021-03-13T10:00:00+00:00","sumber":"magma-tanggapan","tipe":null,"desa":"Randugede","kecamatan":"Plaosan","kab_kode":"35.20","kab_nama":"Kabupaten Magetan","provinsi":"Jawa Timur"}},{"type":"Feature","geometry":{"type":"Point","coordinates":[111.1355,-7.7109]},"properties":{"id":"magma:CRS20210316061515","tanggal":"2021-03-14","presisi_tanggal":"hari","waktu_utc":"2021-03-14T10:15:00+00:00","sumber":"magma-tanggapan","tipe":null,"desa":"Wonorejo","kecamatan":"Jatiyoso","kab_kode":"33.13","kab_nama":"Kabupaten Karanganyar","provinsi":"Jawa Tengah"}},{"type":"Feature","geometry":{"type":"Point","coordinates":[112.6348,-8.0148]},"properties":{"id":"magma:CRS20210316192743","tanggal":"2021-03-14","presisi_tanggal":"hari","waktu_utc":"2021-03-14T14:00:00+00:00","sumber":"magma-tanggapan","tipe":null,"desa":"Bumiayu","kecamatan":"Kedungkandang","kab_kode":"35.73","kab_nama":"Kota Malang","provinsi":"Jawa Timur"}},{"type":"Feature","geometry":{"type":"Point","coordinates":[115.2334,-8.5502]},"properties":{"id":"magma:CRS20210316194401","tanggal":"2021-03-14","presisi_tanggal":"hari","waktu_utc":"2021-03-14T12:00:00+00:00","sumber":"magma-tanggapan","tipe":null,"desa":"Mekar Bhuana","kecamatan":"Abiansemal","kab_kode":"51.03","kab_nama":"Kabupaten Badung","provinsi":"Bali"}},{"type":"Feature","geometry":{"type":"Point","coordinates":[111.7794,-7.9837]},"properties":{"id":"magma:CRS20210316062233","tanggal":"2021-03-15","presisi_tanggal":"hari","waktu_utc":"2021-03-15T09:10:00+00:00","sumber":"magma-tanggapan","tipe":null,"desa":"Samar","kecamatan":"Pager Wojo","kab_kode":"35.04","kab_nama":"Kabupaten Tulungagung","provinsi":"Jawa Timur"}},{"type":"Feature","geometry":{"type":"Point","coordinates":[111.9165,-7.7464]},"properties":{"id":"magma:CRS20210321060313","tanggal":"2021-03-16","presisi_tanggal":"hari","waktu_utc":"2021-03-15T17:00:00+00:00","sumber":"magma-tanggapan","tipe":null,"desa":"Tarokan","kecamatan":"Tarokan","kab_kode":"35.06","kab_nama":"Kabupaten Kediri","provinsi":"Jawa Timur"}},{"type":"Feature","geometry":{"type":"Point","coordinates":[111.2428,-8.0231]},"properties":{"id":"magma:CRS20210321052349","tanggal":"2021-03-18","presisi_tanggal":"hari","waktu_utc":"2021-03-18T09:30:00+00:00","sumber":"magma-tanggapan","tipe":null,"desa":"Ngunut","kecamatan":"Bandar","kab_kode":"35.01","kab_nama":"Kabupaten Pacitan","provinsi":"Jawa Timur"}},{"type":"Feature","geometry":{"type":"Point","coordinates":[107.0598,-7.0573]},"properties":{"id":"magma:CRS20210322052650","tanggal":"2021-03-19","presisi_tanggal":"hari","waktu_utc":"2021-03-19T09:10:00+00:00","sumber":"magma-tanggapan","tipe":null,"desa":"Sukajembar","kecamatan":"Sukanagara","kab_kode":"32.03","kab_nama":"Kabupaten Cianjur","provinsi":"Jawa Barat"}},{"type":"Feature","geometry":{"type":"Point","coordinates":[108.6591,-7.3032]},"properties":{"id":"magma:CRS20210321051552","tanggal":"2021-03-20","presisi_tanggal":"hari","waktu_utc":"2021-03-19T17:00:00+00:00","sumber":"magma-tanggapan","tipe":null,"desa":"Majingklak","kecamatan":"Wanareja","kab_kode":"33.01","kab_nama":"Kabupaten Cilacap","provinsi":"Jawa Tengah"}},{"type":"Feature","geometry":{"type":"Point","coordinates":[108.0243,-6.6048]},"properties":{"id":"magma:CRS20210321051953","tanggal":"2021-03-20","presisi_tanggal":"hari","waktu_utc":"2021-03-19T17:00:00+00:00","sumber":"magma-tanggapan","tipe":null,"desa":"Cikawung","kecamatan":"Terisi","kab_kode":"32.12","kab_nama":"Kabupaten Indramayu","provinsi":"Jawa Barat"}},{"type":"Feature","geometry":{"type":"Point","coordinates":[107.7562,-7.217]},"properties":{"id":"pvmbg:210_2021:2021-03-20:0","tanggal":"2021-03-20","presisi_tanggal":"hari","waktu_utc":null,"sumber":"pvmbg-lapangan","tipe":null,"desa":null,"kecamatan":"Pasirwan","kab_kode":"32.05","kab_nama":"Kabupaten Garut","provinsi":"Jawa Barat"}},{"type":"Feature","geometry":{"type":"Point","coordinates":[119.8743,-2.9518]},"properties":{"id":"magma:CRS20210322052351","tanggal":"2021-03-21","presisi_tanggal":"hari","waktu_utc":"2021-03-20T18:10:00+00:00","sumber":"magma-tanggapan","tipe":null,"desa":"Lembang Sereale","kecamatan":"Tikala","kab_kode":"73.26","kab_nama":"Kabupaten Toraja Utara","provinsi":"Sulawesi Selatan"}},{"type":"Feature","geometry":{"type":"Point","coordinates":[112.6452,-7.1877]},"properties":{"id":"magma:CRS20210324060131","tanggal":"2021-03-21","presisi_tanggal":"hari","waktu_utc":"2021-03-20T17:00:00+00:00","sumber":"magma-tanggapan","tipe":null,"desa":"Gending","kecamatan":"Kebomas","kab_kode":"35.25","kab_nama":"Kabupaten Gresik","provinsi":"Jawa Timur"}},{"type":"Feature","geometry":{"type":"Point","coordinates":[110.8464,-6.6908]},"properties":{"id":"magma:CRS20210324060615","tanggal":"2021-03-22","presisi_tanggal":"hari","waktu_utc":"2021-03-22T06:30:00+00:00","sumber":"magma-tanggapan","tipe":null,"desa":"Menawan","kecamatan":"Gebog","kab_kode":"33.19","kab_nama":"Kabupaten Kudus","provinsi":"Jawa Tengah"}},{"type":"Feature","geometry":{"type":"Point","coordinates":[120.5916,-8.7266]},"properties":{"id":"magma:CRS20210324061410","tanggal":"2021-03-22","presisi_tanggal":"hari","waktu_utc":"2021-03-21T17:00:00+00:00","sumber":"magma-tanggapan","tipe":null,"desa":"Compang Kantar","kecamatan":"Rana Mese","kab_kode":"53.19","kab_nama":"Kabupaten Manggarai Timur","provinsi":"Nusa Tenggara Timur"}},{"type":"Feature","geometry":{"type":"Point","coordinates":[107.9828,-6.919]},"properties":{"id":"magma:CRS20210324062035","tanggal":"2021-03-22","presisi_tanggal":"hari","waktu_utc":"2021-03-21T17:00:00+00:00","sumber":"magma-tanggapan","tipe":null,"desa":"Bangbayang","kecamatan":"Situraja","kab_kode":"32.11","kab_nama":"Kabupaten Sumedang","provinsi":"Jawa Barat"}},{"type":"Feature","geometry":{"type":"Point","coordinates":[120.6921,-8.7242]},"properties":{"id":"magma:CRS20210325064401","tanggal":"2021-03-23","presisi_tanggal":"hari","waktu_utc":"2021-03-23T06:00:00+00:00","sumber":"magma-tanggapan","tipe":null,"desa":"Golon Dele","kecamatan":"Kota Komba","kab_kode":"53.19","kab_nama":"Kabupaten Manggarai Timur","provinsi":"Nusa Tenggara Timur"}},{"type":"Feature","geometry":{"type":"Point","coordinates":[107.776,-6.903]},"properties":{"id":"magma:CRS20210326112920","tanggal":"2021-03-24","presisi_tanggal":"hari","waktu_utc":"2021-03-24T09:30:00+00:00","sumber":"magma-tanggapan","tipe":null,"desa":"Cilayung","kecamatan":"Jatinangor","kab_kode":"32.11","kab_nama":"Kabupaten Sumedang","provinsi":"Jawa Barat"}},{"type":"Feature","geometry":{"type":"Point","coordinates":[107.8711,-6.7733]},"properties":{"id":"pvmbg:190_2021:2021-03-24:0","tanggal":"2021-03-24","presisi_tanggal":"hari","waktu_utc":null,"sumber":"pvmbg-lapangan","tipe":null,"desa":null,"kecamatan":null,"kab_kode":"32.11","kab_nama":"Kabupaten Sumedang","provinsi":"Jawa Barat"}},{"type":"Feature","geometry":{"type":"Point","coordinates":[107.8688,-7.0844]},"properties":{"id":"magma:CRS20210326112716","tanggal":"2021-03-25","presisi_tanggal":"hari","waktu_utc":"2021-03-24T22:00:00+00:00","sumber":"magma-tanggapan","tipe":null,"desa":"Rancasalak","kecamatan":"Kadungora","kab_kode":"32.05","kab_nama":"Kabupaten Garut","provinsi":"Jawa Barat"}},{"type":"Feature","geometry":{"type":"Point","coordinates":[115.1237,-8.2276]},"properties":{"id":"magma:CRS20210326162226","tanggal":"2021-03-25","presisi_tanggal":"hari","waktu_utc":"2021-03-25T16:30:00+00:00","sumber":"magma-tanggapan","tipe":null,"desa":"Wanagiri","kecamatan":"Sukasada","kab_kode":"51.08","kab_nama":"Kabupaten Buleleng","provinsi":"Bali"}},{"type":"Feature","geometry":{"type":"Point","coordinates":[108.4988,-7.2018]},"properties":{"id":"magma:CRS20210326162407","tanggal":"2021-03-25","presisi_tanggal":"hari","waktu_utc":"2021-03-25T14:30:00+00:00","sumber":"magma-tanggapan","tipe":null,"desa":"Rancah","kecamatan":"Rancah","kab_kode":"32.07","kab_nama":"Kabupaten Ciamis","provinsi":"Jawa Barat"}},{"type":"Feature","geometry":{"type":"Point","coordinates":[108.2822,-7.2598]},"properties":{"id":"magma:CRS20210326162548","tanggal":"2021-03-25","presisi_tanggal":"hari","waktu_utc":"2021-03-25T14:30:00+00:00","sumber":"magma-tanggapan","tipe":null,"desa":"Nasol","kecamatan":"Cikoneng","kab_kode":"32.07","kab_nama":"Kabupaten Ciamis","provinsi":"Jawa Barat"}},{"type":"Feature","geometry":{"type":"Point","coordinates":[107.9374,-6.8984]},"properties":{"id":"pvmbg:188_2021:2021-03-25:0","tanggal":"2021-03-25","presisi_tanggal":"hari","waktu_utc":null,"sumber":"pvmbg-lapangan","tipe":null,"desa":null,"kecamatan":null,"kab_kode":"32.11","kab_nama":"Kabupaten Sumedang","provinsi":"Jawa Barat"}},{"type":"Feature","geometry":{"type":"Point","coordinates":[107.9461,-6.916]},"properties":{"id":"pvmbg:188_2021:2021-03-25:1","tanggal":"2021-03-25","presisi_tanggal":"hari","waktu_utc":null,"sumber":"pvmbg-lapangan","tipe":null,"desa":null,"kecamatan":null,"kab_kode":"32.11","kab_nama":"Kabupaten Sumedang","provinsi":"Jawa Barat"}},{"type":"Feature","geometry":{"type":"Point","coordinates":[107.0008,-6.9871]},"properties":{"id":"magma:CRS20210329101835","tanggal":"2021-03-27","presisi_tanggal":"hari","waktu_utc":"2021-03-27T10:00:00+00:00","sumber":"magma-tanggapan","tipe":null,"desa":"Cijurey","kecamatan":"Geger Bitung","kab_kode":"32.02","kab_nama":"Kabupaten Sukabumi","provinsi":"Jawa Barat"}},{"type":"Feature","geometry":{"type":"Point","coordinates":[107.0244,-6.9656]},"properties":{"id":"magma:CRS20210329102808","tanggal":"2021-03-27","presisi_tanggal":"hari","waktu_utc":"2021-03-27T10:00:00+00:00","sumber":"magma-tanggapan","tipe":null,"desa":"Caringin","kecamatan":"Geger Bitung","kab_kode":"32.02","kab_nama":"Kabupaten Sukabumi","provinsi":"Jawa Barat"}},{"type":"Feature","geometry":{"type":"Point","coordinates":[106.9403,-6.9157]},"properties":{"id":"magma:CRS20210329104510","tanggal":"2021-03-27","presisi_tanggal":"hari","waktu_utc":"2021-03-27T09:30:00+00:00","sumber":"magma-tanggapan","tipe":null,"desa":"Cisarua","kecamatan":"Cikole","kab_kode":"32.72","kab_nama":"Kota Sukabumi","provinsi":"Jawa Barat"}},{"type":"Feature","geometry":{"type":"Point","coordinates":[101.855,-2.1859]},"properties":{"id":"magma:CRS20210329200939","tanggal":"2021-03-28","presisi_tanggal":"hari","waktu_utc":"2021-03-28T09:17:00+00:00","sumber":"magma-tanggapan","tipe":null,"desa":"Birun","kecamatan":"Pangkalan Jambu","kab_kode":"15.02","kab_nama":"Kabupaten Merangin","provinsi":"Jambi"}},{"type":"Feature","geometry":{"type":"Point","coordinates":[113.3883,-7.9732]},"properties":{"id":"magma:CRS20210329202425","tanggal":"2021-03-28","presisi_tanggal":"hari","waktu_utc":"2021-03-27T20:00:00+00:00","sumber":"magma-tanggapan","tipe":null,"desa":"Ranuagung","kecamatan":"Tiris","kab_kode":"35.13","kab_nama":"Kabupaten Probolinggo","provinsi":"Jawa Timur"}},{"type":"Feature","geometry":{"type":"Point","coordinates":[125.4371,2.7769]},"properties":{"id":"magma:CRS20210330194310","tanggal":"2021-03-29","presisi_tanggal":"hari","waktu_utc":"2021-03-29T11:00:00+00:00","sumber":"magma-tanggapan","tipe":null,"desa":"Deahe","kecamatan":"Siau Timur","kab_kode":"71.09","kab_nama":"Kabupaten Kep. Siau Tagulandang Biaro","provinsi":"Sulawesi Utara"}},{"type":"Feature","geometry":{"type":"Point","coordinates":[101.855,-2.1859]},"properties":{"id":"magma:CRS20210330202357","tanggal":"2021-03-29","presisi_tanggal":"hari","waktu_utc":"2021-03-29T03:00:00+00:00","sumber":"magma-tanggapan","tipe":null,"desa":"Birun","kecamatan":"Pangkalan Jambu","kab_kode":"15.02","kab_nama":"Kabupaten Merangin","provinsi":"Jambi"}},{"type":"Feature","geometry":{"type":"Point","coordinates":[110.3517,-7.3071]},"properties":{"id":"magma:CRS20210330204515","tanggal":"2021-03-29","presisi_tanggal":"hari","waktu_utc":"2021-03-29T11:00:00+00:00","sumber":"magma-tanggapan","tipe":null,"desa":"Bedono","kecamatan":"Jambu","kab_kode":"33.22","kab_nama":"Kabupaten Semarang","provinsi":"Jawa Tengah"}},{"type":"Feature","geometry":{"type":"Point","coordinates":[121.2083,-8.8319]},"properties":{"id":"magma:CRS20210331220019","tanggal":"2021-03-29","presisi_tanggal":"hari","waktu_utc":"2021-03-28T23:00:00+00:00","sumber":"magma-tanggapan","tipe":null,"desa":"Woloede","kecamatan":"Mauponggo","kab_kode":"53.16","kab_nama":"Kabupaten Nagekeo","provinsi":"Nusa Tenggara Timur"}},{"type":"Feature","geometry":{"type":"Point","coordinates":[111.6094,-7.7705]},"properties":{"id":"magma:CRS20210403060505","tanggal":"2021-04-01","presisi_tanggal":"hari","waktu_utc":"2021-04-01T16:59:00+00:00","sumber":"magma-tanggapan","tipe":null,"desa":"Tileng","kecamatan":"Dagangan","kab_kode":"35.19","kab_nama":"Kabupaten Madiun","provinsi":"Jawa Timur"}},{"type":"Feature","geometry":{"type":"Point","coordinates":[111.6626,-7.7007]},"properties":{"id":"magma:CRS20210404062350","tanggal":"2021-04-01","presisi_tanggal":"hari","waktu_utc":"2021-04-01T13:10:00+00:00","sumber":"magma-tanggapan","tipe":null,"desa":"Kare","kecamatan":"Kare","kab_kode":"35.19","kab_nama":"Kabupaten Madiun","provinsi":"Jawa Timur"}},{"type":"Feature","geometry":{"type":"Point","coordinates":[111.1295,-7.829]},"properties":{"id":"magma:CRS20210404101326","tanggal":"2021-04-01","presisi_tanggal":"hari","waktu_utc":"2021-03-31T20:00:00+00:00","sumber":"magma-tanggapan","tipe":null,"desa":"Jatisrono","kecamatan":"Jatisrono","kab_kode":"33.12","kab_nama":"Kabupaten Wonogiri","provinsi":"Jawa Tengah"}},{"type":"Feature","geometry":{"type":"Point","coordinates":[111.6214,-7.7392]},"properties":{"id":"magma:CRS20210403054828","tanggal":"2021-04-02","presisi_tanggal":"hari","waktu_utc":"2021-04-01T18:00:00+00:00","sumber":"magma-tanggapan","tipe":null,"desa":"Ngranget","kecamatan":"Dagangan","kab_kode":"35.19","kab_nama":"Kabupaten Madiun","provinsi":"Jawa Timur"}},{"type":"Feature","geometry":{"type":"Point","coordinates":[111.7108,-8.1849]},"properties":{"id":"magma:CRS20210403061432","tanggal":"2021-04-02","presisi_tanggal":"hari","waktu_utc":"2021-04-01T18:00:00+00:00","sumber":"magma-tanggapan","tipe":null,"desa":"Watuagung","kecamatan":"Watulimo","kab_kode":"35.03","kab_nama":"Kabupaten Trenggalek","provinsi":"Jawa Timur"}},{"type":"Feature","geometry":{"type":"Point","coordinates":[119.6673,-5.3281]},"properties":{"id":"magma:CRS20210403072005","tanggal":"2021-04-02","presisi_tanggal":"hari","waktu_utc":"2021-04-01T17:00:00+00:00","sumber":"magma-tanggapan","tipe":null,"desa":"Mangempang","kecamatan":"Bungaya","kab_kode":"73.06","kab_nama":"Kabupaten Gowa","provinsi":"Sulawesi Selatan"}},{"type":"Feature","geometry":{"type":"Point","coordinates":[119.8442,-5.4289]},"properties":{"id":"magma:CRS20210404055856","tanggal":"2021-04-02","presisi_tanggal":"hari","waktu_utc":"2021-04-02T03:03:00+00:00","sumber":"magma-tanggapan","tipe":null,"desa":"Tanete","kecamatan":"Tompobulu","kab_kode":"73.06","kab_nama":"Kabupaten Gowa","provinsi":"Sulawesi Selatan"}},{"type":"Feature","geometry":{"type":"Point","coordinates":[123.1619,-8.3857]},"properties":{"id":"magma:CRS20210405054931","tanggal":"2021-04-04","presisi_tanggal":"hari","waktu_utc":"2021-04-03T17:00:00+00:00","sumber":"magma-tanggapan+pvmbg-lapangan","tipe":null,"desa":"Waiwerang Kota","kecamatan":"Adonara Timur","kab_kode":"53.06","kab_nama":"Kabupaten Flores Timur","provinsi":"Nusa Tenggara Timur"}},{"type":"Feature","geometry":{"type":"Point","coordinates":[123.277,-8.3772]},"properties":{"id":"magma:CRS20210405060915","tanggal":"2021-04-04","presisi_tanggal":"hari","waktu_utc":"2021-04-03T17:00:00+00:00","sumber":"magma-tanggapan+pvmbg-lapangan","tipe":null,"desa":"Nelelamadike","kecamatan":"Ile Boleng","kab_kode":"53.06","kab_nama":"Kabupaten Flores Timur","provinsi":"Nusa Tenggara Timur"}},{"type":"Feature","geometry":{"type":"Point","coordinates":[123.5203,-8.2384]},"properties":{"id":"magma:CRS20210405080452","tanggal":"2021-04-04","presisi_tanggal":"hari","waktu_utc":"2021-04-03T18:00:00+00:00","sumber":"magma-tanggapan+pvmbg-lapangan","tipe":null,"desa":"Waimatan","kecamatan":"Ile Ape Timur","kab_kode":"53.13","kab_nama":"Kabupaten Lembata","provinsi":"Nusa Tenggara Timur"}},{"type":"Feature","geometry":{"type":"Point","coordinates":[123.4595,-8.2715]},"properties":{"id":"pvmbg:173_2021:2021-04-04:0","tanggal":"2021-04-04","presisi_tanggal":"hari","waktu_utc":null,"sumber":"pvmbg-lapangan","tipe":null,"desa":null,"kecamatan":null,"kab_kode":"53.13","kab_nama":"Kabupaten Lembata","provinsi":"Nusa Tenggara Timur"}},{"type":"Feature","geometry":{"type":"Point","coordinates":[123.4898,-8.2442]},"properties":{"id":"pvmbg:173_2021:2021-04-04:1","tanggal":"2021-04-04","presisi_tanggal":"hari","waktu_utc":null,"sumber":"pvmbg-lapangan","tipe":null,"desa":null,"kecamatan":null,"kab_kode":"53.13","kab_nama":"Kabupaten Lembata","provinsi":"Nusa Tenggara Timur"}},{"type":"Feature","geometry":{"type":"Point","coordinates":[123.499,-8.2423]},"properties":{"id":"pvmbg:173_2021:2021-04-04:2","tanggal":"2021-04-04","presisi_tanggal":"hari","waktu_utc":null,"sumber":"pvmbg-lapangan","tipe":null,"desa":null,"kecamatan":null,"kab_kode":"53.13","kab_nama":"Kabupaten Lembata","provinsi":"Nusa Tenggara Timur"}},{"type":"Feature","geometry":{"type":"Point","coordinates":[123.5464,-8.2687]},"properties":{"id":"pvmbg:173_2021:2021-04-04:4","tanggal":"2021-04-04","presisi_tanggal":"hari","waktu_utc":null,"sumber":"pvmbg-lapangan","tipe":null,"desa":null,"kecamatan":null,"kab_kode":"53.13","kab_nama":"Kabupaten Lembata","provinsi":"Nusa Tenggara Timur"}},{"type":"Feature","geometry":{"type":"Point","coordinates":[123.523,-8.3055]},"properties":{"id":"pvmbg:173_2021:2021-04-04:5","tanggal":"2021-04-04","presisi_tanggal":"hari","waktu_utc":null,"sumber":"pvmbg-lapangan","tipe":null,"desa":null,"kecamatan":null,"kab_kode":"53.13","kab_nama":"Kabupaten Lembata","provinsi":"Nusa Tenggara Timur"}},{"type":"Feature","geometry":{"type":"Point","coordinates":[123.0617,-8.3956]},"properties":{"id":"pvmbg:174_2021:2021-04-04:2","tanggal":"2021-04-04","presisi_tanggal":"hari","waktu_utc":null,"sumber":"pvmbg-lapangan","tipe":null,"desa":null,"kecamatan":null,"kab_kode":"53.06","kab_nama":"Kabupaten Flores Timur","provinsi":"Nusa Tenggara Timur"}},{"type":"Feature","geometry":{"type":"Point","coordinates":[107.1005,-6.969]},"properties":{"id":"pvmbg:231_2021:2021-04-04:0","tanggal":"2021-04-04","presisi_tanggal":"hari","waktu_utc":null,"sumber":"pvmbg-lapangan","tipe":null,"desa":null,"kecamatan":null,"kab_kode":"32.03","kab_nama":"Kabupaten Cianjur","provinsi":"Jawa Barat"}},{"type":"Feature","geometry":{"type":"Point","coordinates":[112.3427,-7.5533]},"properties":{"id":"magma:CRS20210407055552","tanggal":"2021-04-05","presisi_tanggal":"hari","waktu_utc":"2021-04-04T17:00:00+00:00","sumber":"magma-tanggapan","tipe":null,"desa":"Betek","kecamatan":"Mojoagung","kab_kode":"35.17","kab_nama":"Kabupaten Jombang","provinsi":"Jawa Timur"}},{"type":"Feature","geometry":{"type":"Point","coordinates":[107.5061,-6.6468]},"properties":{"id":"magma:CRS20210407063847","tanggal":"2021-04-05","presisi_tanggal":"hari","waktu_utc":"2021-04-04T17:00:00+00:00","sumber":"magma-tanggapan","tipe":null,"desa":"Pondokbungur","kecamatan":"Pondok Salam","kab_kode":"32.14","kab_nama":"Kabupaten Purwakarta","provinsi":"Jawa Barat"}},{"type":"Feature","geometry":{"type":"Point","coordinates":[109.4051,-7.1453]},"properties":{"id":"magma:CRS20210407063014","tanggal":"2021-04-06","presisi_tanggal":"hari","waktu_utc":"2021-04-05T17:00:00+00:00","sumber":"magma-tanggapan","tipe":null,"desa":"Majakerta","kecamatan":"Watukumpul","kab_kode":"33.27","kab_nama":"Kabupaten Pemalang","provinsi":"Jawa Tengah"}},{"type":"Feature","geometry":{"type":"Point","coordinates":[117.2265,-0.4297]},"properties":{"id":"magma:CRS20210407063506","tanggal":"2021-04-06","presisi_tanggal":"hari","waktu_utc":"2021-04-06T08:30:00+00:00","sumber":"magma-tanggapan","tipe":null,"desa":"Tanah Merah","kecamatan":"Samarinda Utara","kab_kode":"64.72","kab_nama":"Kota Samarinda","provinsi":"Kalimantan Timur"}},{"type":"Feature","geometry":{"type":"Point","coordinates":[120.4674,-8.3167]},"properties":{"id":"magma:CRS20210408054643","tanggal":"2021-04-07","presisi_tanggal":"hari","waktu_utc":"2021-04-06T23:20:00+00:00","sumber":"magma-tanggapan","tipe":null,"desa":"Salama","kecamatan":"Reok","kab_kode":"53.10","kab_nama":"Kabupaten Manggarai","provinsi":"Nusa Tenggara Timur"}},{"type":"Feature","geometry":{"type":"Point","coordinates":[115.2719,-8.5955]},"properties":{"id":"magma:CRS20210408055250","tanggal":"2021-04-07","presisi_tanggal":"hari","waktu_utc":"2021-04-06T18:10:00+00:00","sumber":"magma-tanggapan","tipe":null,"desa":"Sukawati","kecamatan":"Sukawati","kab_kode":"51.04","kab_nama":"Kabupaten Gianyar","provinsi":"Bali"}},{"type":"Feature","geometry":{"type":"Point","coordinates":[110.7282,-7.9374]},"properties":{"id":"magma:CRS20210408200630","tanggal":"2021-04-08","presisi_tanggal":"hari","waktu_utc":"2021-04-08T16:14:00+00:00","sumber":"magma-tanggapan","tipe":null,"desa":"Umbul Rejo","kecamatan":"Ponjong","kab_kode":"34.03","kab_nama":"Kabupaten Gunungkidul","provinsi":"Daerah Istimewa Yogyakarta"}},{"type":"Feature","geometry":{"type":"Point","coordinates":[109.9279,-7.6373]},"properties":{"id":"magma:CRS20210411062841","tanggal":"2021-04-08","presisi_tanggal":"hari","waktu_utc":"2021-04-08T05:00:00+00:00","sumber":"magma-tanggapan","tipe":null,"desa":"Kemiri","kecamatan":"Kemiri","kab_kode":"33.06","kab_nama":"Kabupaten Purworejo","provinsi":"Jawa Tengah"}},{"type":"Feature","geometry":{"type":"Point","coordinates":[103.4411,0.9959]},"properties":{"id":"magma:CRS20210411213105","tanggal":"2021-04-10","presisi_tanggal":"hari","waktu_utc":"2021-04-10T07:00:00+00:00","sumber":"magma-tanggapan","tipe":null,"desa":"Teluk Air","kecamatan":"Karimun","kab_kode":"21.02","kab_nama":"Kabupaten Karimun","provinsi":"Kepulauan Riau"}},{"type":"Feature","geometry":{"type":"Point","coordinates":[113.0369,-8.1924]},"properties":{"id":"magma:CRS20210411213432","tanggal":"2021-04-10","presisi_tanggal":"hari","waktu_utc":"2021-04-10T07:00:00+00:00","sumber":"magma-tanggapan","tipe":null,"desa":"Sumberwuluh","kecamatan":"Candipuro","kab_kode":"35.08","kab_nama":"Kabupaten Lumajang","provinsi":"Jawa Timur"}},{"type":"Feature","geometry":{"type":"Point","coordinates":[110.5871,-7.8312]},"properties":{"id":"magma:CRS20210411213732","tanggal":"2021-04-11","presisi_tanggal":"hari","waktu_utc":"2021-04-10T20:00:00+00:00","sumber":"magma-tanggapan","tipe":null,"desa":"Hargo Mulyo","kecamatan":"Gedang Sari","kab_kode":"34.03","kab_nama":"Kabupaten Gunungkidul","provinsi":"Daerah Istimewa Yogyakarta"}},{"type":"Feature","geometry":{"type":"Point","coordinates":[106.928,-6.6912]},"properties":{"id":"magma:CRS20210411215240","tanggal":"2021-04-11","presisi_tanggal":"hari","waktu_utc":"2021-04-10T17:00:00+00:00","sumber":"magma-tanggapan","tipe":null,"desa":"Cipada","kecamatan":"Cisarua","kab_kode":"32.01","kab_nama":"Kabupaten Bogor","provinsi":"Jawa Barat"}},{"type":"Feature","geometry":{"type":"Point","coordinates":[107.7488,-7.1317]},"properties":{"id":"magma:CRS20210414054709","tanggal":"2021-04-11","presisi_tanggal":"hari","waktu_utc":"2021-04-11T09:00:00+00:00","sumber":"magma-tanggapan","tipe":null,"desa":"Neglasari","kecamatan":"Ibun","kab_kode":"32.04","kab_nama":"Kabupaten Bandung","provinsi":"Jawa Barat"}},{"type":"Feature","geometry":{"type":"Point","coordinates":[110.9447,-8.0493]},"properties":{"id":"magma:CRS20210414055755","tanggal":"2021-04-12","presisi_tanggal":"hari","waktu_utc":"2021-04-12T02:30:00+00:00","sumber":"magma-tanggapan","tipe":null,"desa":"Guwotirto","kecamatan":"Giriwoyo","kab_kode":"33.12","kab_nama":"Kabupaten Wonogiri","provinsi":"Jawa Tengah"}},{"type":"Feature","geometry":{"type":"Point","coordinates":[111.1086,-7.6944]},"properties":{"id":"magma:CRS20210415171037","tanggal":"2021-04-14","presisi_tanggal":"hari","waktu_utc":"2021-04-14T12:00:00+00:00","sumber":"magma-tanggapan","tipe":null,"desa":"Beruk","kecamatan":"Jatiyoso","kab_kode":"33.13","kab_nama":"Kabupaten Karanganyar","provinsi":"Jawa Tengah"}},{"type":"Feature","geometry":{"type":"Point","coordinates":[111.6005,-7.748]},"properties":{"id":"magma:CRS20210415172657","tanggal":"2021-04-14","presisi_tanggal":"hari","waktu_utc":"2021-04-14T11:30:00+00:00","sumber":"magma-tanggapan","tipe":null,"desa":"Segulung","kecamatan":"Dagangan","kab_kode":"35.19","kab_nama":"Kabupaten Madiun","provinsi":"Jawa Timur"}},{"type":"Feature","geometry":{"type":"Point","coordinates":[106.8001,-6.3972]},"properties":{"id":"magma:CRS20210415173300","tanggal":"2021-04-14","presisi_tanggal":"hari","waktu_utc":"2021-04-14T10:00:00+00:00","sumber":"magma-tanggapan","tipe":null,"desa":"Pancoran Mas","kecamatan":"Pancoran Mas","kab_kode":"32.76","kab_nama":"Kota Depok","provinsi":"Jawa Barat"}},{"type":"Feature","geometry":{"type":"Point","coordinates":[108.3653,-7.1687]},"properties":{"id":"magma:CRS20210417002126","tanggal":"2021-04-14","presisi_tanggal":"hari","waktu_utc":"2021-04-13T23:30:00+00:00","sumber":"magma-tanggapan","tipe":null,"desa":"Winduraja","kecamatan":"Kawali","kab_kode":"32.07","kab_nama":"Kabupaten Ciamis","provinsi":"Jawa Barat"}},{"type":"Feature","geometry":{"type":"Point","coordinates":[101.7638,-2.1674]},"properties":{"id":"magma:CRS20210417001522","tanggal":"2021-04-15","presisi_tanggal":"hari","waktu_utc":"2021-04-15T10:50:00+00:00","sumber":"magma-tanggapan","tipe":null,"desa":"Muara Hemat","kecamatan":"Batang Merangin","kab_kode":"15.01","kab_nama":"Kabupaten Kerinci","provinsi":"Jambi"}},{"type":"Feature","geometry":{"type":"Point","coordinates":[104.2919,-3.9886]},"properties":{"id":"magma:CRS20210418121620","tanggal":"2021-04-16","presisi_tanggal":"hari","waktu_utc":"2021-04-16T03:00:00+00:00","sumber":"magma-tanggapan","tipe":null,"desa":"Kedondong","kecamatan":"Peninjauan","kab_kode":"16.01","kab_nama":"Kabupaten Ogan Komering Ulu","provinsi":"Sumatera Selatan"}},{"type":"Feature","geometry":{"type":"Point","coordinates":[111.1206,-7.5353]},"properties":{"id":"magma:CRS20210418123720","tanggal":"2021-04-16","presisi_tanggal":"hari","waktu_utc":"2021-04-16T06:01:00+00:00","sumber":"magma-tanggapan","tipe":null,"desa":"Menjing","kecamatan":"Jenawi","kab_kode":"33.13","kab_nama":"Kabupaten Karanganyar","provinsi":"Jawa Tengah"}},{"type":"Feature","geometry":{"type":"Point","coordinates":[111.1116,-7.5996]},"properties":{"id":"magma:CRS20210418125721","tanggal":"2021-04-16","presisi_tanggal":"hari","waktu_utc":"2021-04-16T06:05:00+00:00","sumber":"magma-tanggapan","tipe":null,"desa":"Kemuning","kecamatan":"Ngargoyoso","kab_kode":"33.13","kab_nama":"Kabupaten Karanganyar","provinsi":"Jawa Tengah"}},{"type":"Feature","geometry":{"type":"Point","coordinates":[106.8016,-6.6166]},"properties":{"id":"magma:CRS20210419130030","tanggal":"2021-04-18","presisi_tanggal":"hari","waktu_utc":"2021-04-18T10:45:00+00:00","sumber":"magma-tanggapan","tipe":null,"desa":"Empang","kecamatan":"Bogor Selatan","kab_kode":"32.71","kab_nama":"Kota Bogor","provinsi":"Jawa Barat"}},{"type":"Feature","geometry":{"type":"Point","coordinates":[107.5446,-7.1733]},"properties":{"id":"magma:CRS20210421210858","tanggal":"2021-04-19","presisi_tanggal":"hari","waktu_utc":"2021-04-19T16:00:00+00:00","sumber":"magma-tanggapan","tipe":null,"desa":"Pulosari","kecamatan":"Pangalengan","kab_kode":"32.04","kab_nama":"Kabupaten Bandung","provinsi":"Jawa Barat"}},{"type":"Feature","geometry":{"type":"Point","coordinates":[112.888,-8.135]},"properties":{"id":"magma:CRS20210421212308","tanggal":"2021-04-21","presisi_tanggal":"hari","waktu_utc":"2021-04-21T06:45:00+00:00","sumber":"magma-tanggapan","tipe":null,"desa":"Tamansari","kecamatan":"Ampelgading","kab_kode":"35.07","kab_nama":"Kabupaten Malang","provinsi":"Jawa Timur"}},{"type":"Feature","geometry":{"type":"Point","coordinates":[104.0566,-4.9697]},"properties":{"id":"magma:CRS20210421213133","tanggal":"2021-04-21","presisi_tanggal":"hari","waktu_utc":"2021-04-21T02:59:00+00:00","sumber":"magma-tanggapan","tipe":null,"desa":"Bandar Baru","kecamatan":"Sukau","kab_kode":"18.04","kab_nama":"Kabupaten Lampung Barat","provinsi":"Lampung"}},{"type":"Feature","geometry":{"type":"Point","coordinates":[112.888,-8.135]},"properties":{"id":"magma:CRS20210424041857","tanggal":"2021-04-21","presisi_tanggal":"hari","waktu_utc":"2021-04-21T03:30:00+00:00","sumber":"magma-tanggapan","tipe":null,"desa":"Tamansari","kecamatan":"Ampelgading","kab_kode":"35.07","kab_nama":"Kabupaten Malang","provinsi":"Jawa Timur"}},{"type":"Feature","geometry":{"type":"Point","coordinates":[107.0392,-6.8902]},"properties":{"id":"magma:CRS20210424042627","tanggal":"2021-04-22","presisi_tanggal":"hari","waktu_utc":"2021-04-21T17:30:00+00:00","sumber":"magma-tanggapan","tipe":null,"desa":"Cikahuripan","kecamatan":"Gekbrong","kab_kode":"32.03","kab_nama":"Kabupaten Cianjur","provinsi":"Jawa Barat"}},{"type":"Feature","geometry":{"type":"Point","coordinates":[117.1324,-0.5732]},"properties":{"id":"magma:CRS20210428041831","tanggal":"2021-04-25","presisi_tanggal":"hari","waktu_utc":"2021-04-25T05:00:00+00:00","sumber":"magma-tanggapan","tipe":null,"desa":"Simpang Pasir","kecamatan":"Palaran","kab_kode":"64.72","kab_nama":"Kota Samarinda","provinsi":"Kalimantan Timur"}},{"type":"Feature","geometry":{"type":"Point","coordinates":[106.7633,-6.7621]},"properties":{"id":"magma:CRS20210428051831","tanggal":"2021-04-25","presisi_tanggal":"hari","waktu_utc":"2021-04-25T13:30:00+00:00","sumber":"magma-tanggapan","tipe":null,"desa":"Tenjolaya","kecamatan":"Cicurug","kab_kode":"32.02","kab_nama":"Kabupaten Sukabumi","provinsi":"Jawa Barat"}},{"type":"Feature","geometry":{"type":"Point","coordinates":[117.1412,-0.4784]},"properties":{"id":"magma:CRS20210429052709","tanggal":"2021-04-26","presisi_tanggal":"hari","waktu_utc":"2021-04-26T08:30:00+00:00","sumber":"magma-tanggapan","tipe":null,"desa":"Sidodadi","kecamatan":"Samarinda Ulu","kab_kode":"64.72","kab_nama":"Kota Samarinda","provinsi":"Kalimantan Timur"}},{"type":"Feature","geometry":{"type":"Point","coordinates":[119.7281,-3.0296]},"properties":{"id":"magma:CRS20210429054508","tanggal":"2021-04-26","presisi_tanggal":"hari","waktu_utc":"2021-04-26T09:20:00+00:00","sumber":"magma-tanggapan","tipe":null,"desa":"Lembang Salutandung","kecamatan":"Saluputti","kab_kode":"73.18","kab_nama":"Kabupaten Tana Toraja","provinsi":"Sulawesi Selatan"}},{"type":"Feature","geometry":{"type":"Point","coordinates":[106.8164,-6.7886]},"properties":{"id":"magma:CRS20210428221744","tanggal":"2021-04-28","presisi_tanggal":"hari","waktu_utc":"2021-04-28T10:15:00+00:00","sumber":"magma-tanggapan","tipe":null,"desa":"Purwasari","kecamatan":"Cicurug","kab_kode":"32.02","kab_nama":"Kabupaten Sukabumi","provinsi":"Jawa Barat"}},{"type":"Feature","geometry":{"type":"Point","coordinates":[99.1428,1.5039]},"properties":{"id":"magma:CRS20210502054707","tanggal":"2021-04-29","presisi_tanggal":"hari","waktu_utc":"2021-04-29T11:20:00+00:00","sumber":"magma-tanggapan+pvmbg-lapangan","tipe":null,"desa":"Marancar Godang","kecamatan":"Marancar","kab_kode":"12.03","kab_nama":"Kabupaten Tapanuli Selatan","provinsi":"Sumatera Utara"}},{"type":"Feature","geometry":{"type":"Point","coordinates":[112.6154,-8.0019]},"properties":{"id":"magma:CRS20210501214452","tanggal":"2021-05-01","presisi_tanggal":"hari","waktu_utc":"2021-05-01T05:05:00+00:00","sumber":"magma-tanggapan","tipe":null,"desa":"Bandungrejosari","kecamatan":"Sukun","kab_kode":"35.73","kab_nama":"Kota Malang","provinsi":"Jawa Timur"}},{"type":"Feature","geometry":{"type":"Point","coordinates":[106.8326,-6.8099]},"properties":{"id":"magma:CRS20210501215223","tanggal":"2021-05-01","presisi_tanggal":"hari","waktu_utc":"2021-05-01T09:45:00+00:00","sumber":"magma-tanggapan","tipe":null,"desa":"Ginanjar","kecamatan":"Ciambar","kab_kode":"32.02","kab_nama":"Kabupaten Sukabumi","provinsi":"Jawa Barat"}},{"type":"Feature","geometry":{"type":"Point","coordinates":[122.8479,0.7168]},"properties":{"id":"magma:CRS20210502222640","tanggal":"2021-05-01","presisi_tanggal":"hari","waktu_utc":"2021-05-01T12:00:00+00:00","sumber":"magma-tanggapan","tipe":null,"desa":"Buhu","kecamatan":"Tibawa","kab_kode":"75.01","kab_nama":"Kabupaten Gorontalo","provinsi":"Gorontalo"}},{"type":"Feature","geometry":{"type":"Point","coordinates":[107.3435,-6.8095]},"properties":{"id":"magma:CRS20210505045540","tanggal":"2021-05-01","presisi_tanggal":"hari","waktu_utc":"2021-05-01T10:30:00+00:00","sumber":"magma-tanggapan","tipe":null,"desa":"Sarimukti","kecamatan":"Cipatat","kab_kode":"32.17","kab_nama":"Kabupaten Bandung Barat","provinsi":"Jawa Barat"}},{"type":"Feature","geometry":{"type":"Point","coordinates":[103.3246,-0.4347]},"properties":{"id":"magma:CRS20210507071514","tanggal":"2021-05-04","presisi_tanggal":"hari","waktu_utc":"2021-05-04T09:00:00+00:00","sumber":"magma-tanggapan","tipe":null,"desa":"Tanah Merah Laok","kecamatan":"Tanah Merah","kab_kode":"14.04","kab_nama":"Kabupaten Indragiri Hilir","provinsi":"Riau"}},{"type":"Feature","geometry":{"type":"Point","coordinates":[100.857,0.3759]},"properties":{"id":"magma:CRS20210507233926","tanggal":"2021-05-07","presisi_tanggal":"hari","waktu_utc":"2021-05-07T10:30:00+00:00","sumber":"magma-tanggapan","tipe":null,"desa":"Merangin","kecamatan":"Kuok","kab_kode":"14.01","kab_nama":"Kabupaten Kampar","provinsi":"Riau"}},{"type":"Feature","geometry":{"type":"Point","coordinates":[98.9356,2.7148]},"properties":{"id":"magma:CRS20210514110052","tanggal":"2021-05-13","presisi_tanggal":"hari","waktu_utc":"2021-05-13T10:00:00+00:00","sumber":"magma-tanggapan","tipe":null,"desa":"Sibaganding","kecamatan":"Girsang Sipangan Bolon","kab_kode":"12.08","kab_nama":"Kabupaten Simalungun","provinsi":"Sumatera Utara"}},{"type":"Feature","geometry":{"type":"Point","coordinates":[100.4453,-0.3547]},"properties":{"id":"magma:CRS20210514131806","tanggal":"2021-05-13","presisi_tanggal":"hari","waktu_utc":"2021-05-12T22:30:00+00:00","sumber":"magma-tanggapan","tipe":null,"desa":"Bukik Batabuah","kecamatan":"Canduang","kab_kode":"13.06","kab_nama":"Kabupaten Agam","provinsi":"Sumatera Barat"}},{"type":"Feature","geometry":{"type":"Point","coordinates":[102.6963,-3.5087]},"properties":{"id":"magma:CRS20210721133921","tanggal":"2021-05-16","presisi_tanggal":"hari","waktu_utc":"2021-05-16T05:00:00+00:00","sumber":"magma-tanggapan","tipe":null,"desa":"Iv Suku Menanti","kecamatan":"Sindang Dataran","kab_kode":"17.02","kab_nama":"Kabupaten Rejang Lebong","provinsi":"Bengkulu"}},{"type":"Feature","geometry":{"type":"Point","coordinates":[100.7605,-0.8008]},"properties":{"id":"magma:CRS20210721134638","tanggal":"2021-05-16","presisi_tanggal":"hari","waktu_utc":"2021-05-16T04:00:00+00:00","sumber":"magma-tanggapan","tipe":null,"desa":"Taruang-Taruang","kecamatan":"Ix Koto Sungai Lasi","kab_kode":"13.02","kab_nama":"Kabupaten Solok","provinsi":"Sumatera Barat"}},{"type":"Feature","geometry":{"type":"Point","coordinates":[119.2408,-2.9957]},"properties":{"id":"magma:CRS20210518161658","tanggal":"2021-05-17","presisi_tanggal":"hari","waktu_utc":"2021-05-17T09:30:00+00:00","sumber":"magma-tanggapan","tipe":null,"desa":"Salumokanan","kecamatan":"Rantebulahan Timur","kab_kode":"76.03","kab_nama":"Kabupaten Mamasa","provinsi":"Sulawesi Barat"}},{"type":"Feature","geometry":{"type":"Point","coordinates":[120.1762,-5.1359]},"properties":{"id":"magma:CRS20210520142041","tanggal":"2021-05-17","presisi_tanggal":"hari","waktu_utc":"2021-05-17T06:30:00+00:00","sumber":"magma-tanggapan","tipe":null,"desa":"Mattunreng Tellue","kecamatan":"Sinjai Tengah","kab_kode":"73.07","kab_nama":"Kabupaten Sinjai","provinsi":"Sulawesi Selatan"}},{"type":"Feature","geometry":{"type":"Point","coordinates":[101.1844,-1.6252]},"properties":{"id":"magma:CRS20210520131950","tanggal":"2021-05-18","presisi_tanggal":"hari","waktu_utc":"2021-05-17T22:30:00+00:00","sumber":"magma-tanggapan","tipe":null,"desa":"Lubuk Gadang Selatan","kecamatan":"Sangir","kab_kode":"13.11","kab_nama":"Kabupaten Solok Selatan","provinsi":"Sumatera Barat"}},{"type":"Feature","geometry":{"type":"Point","coordinates":[106.6542,-6.3418]},"properties":{"id":"magma:CRS20210520140408","tanggal":"2021-05-18","presisi_tanggal":"hari","waktu_utc":"2021-05-18T00:30:00+00:00","sumber":"magma-tanggapan","tipe":null,"desa":"Kranggan","kecamatan":"Setu","kab_kode":"36.74","kab_nama":"Kota Tangerang Selatan","provinsi":"Banten"}},{"type":"Feature","geometry":{"type":"Point","coordinates":[108.8506,-7.4575]},"properties":{"id":"magma:CRS20210819095040","tanggal":"2021-05-19","presisi_tanggal":"hari","waktu_utc":"2021-05-18T17:00:00+00:00","sumber":"magma-tanggapan+pvmbg-lapangan","tipe":null,"desa":"Karanggintung","kecamatan":"Gandrungmangu","kab_kode":"33.01","kab_nama":"Kabupaten Cilacap","provinsi":"Jawa Tengah"}},{"type":"Feature","geometry":{"type":"Point","coordinates":[106.4229,-6.5948]},"properties":{"id":"magma:CRS20210531052403","tanggal":"2021-05-29","presisi_tanggal":"hari","waktu_utc":"2021-05-29T09:00:00+00:00","sumber":"magma-tanggapan","tipe":null,"desa":"Banjarsari","kecamatan":"Lebakgedong","kab_kode":"36.02","kab_nama":"Kabupaten Lebak","provinsi":"Banten"}},{"type":"Feature","geometry":{"type":"Point","coordinates":[112.8801,-7.0748]},"properties":{"id":"magma:CRS20210602103202","tanggal":"2021-05-30","presisi_tanggal":"hari","waktu_utc":"2021-05-30T04:30:00+00:00","sumber":"magma-tanggapan","tipe":null,"desa":"Kendaban","kecamatan":"Tanah Merah","kab_kode":"35.26","kab_nama":"Kabupaten Bangkalan","provinsi":"Jawa Timur"}},{"type":"Feature","geometry":{"type":"Point","coordinates":[106.7559,-6.3192]},"properties":{"id":"magma:CRS20210612171220","tanggal":"2021-06-11","presisi_tanggal":"hari","waktu_utc":"2021-06-11T13:00:00+00:00","sumber":"magma-tanggapan","tipe":null,"desa":"Pisangan","kecamatan":"Ciputat Timur","kab_kode":"36.74","kab_nama":"Kota Tangerang Selatan","provinsi":"Banten"}},{"type":"Feature","geometry":{"type":"Point","coordinates":[106.3523,-6.525]},"properties":{"id":"magma:CRS20210615180432","tanggal":"2021-06-12","presisi_tanggal":"hari","waktu_utc":"2021-06-12T10:00:00+00:00","sumber":"magma-tanggapan","tipe":null,"desa":"Sukasari","kecamatan":"Cipanas","kab_kode":"36.02","kab_nama":"Kabupaten Lebak","provinsi":"Banten"}},{"type":"Feature","geometry":{"type":"Point","coordinates":[106.5332,-6.4121]},"properties":{"id":"magma:CRS20210602105157","tanggal":"2021-06-29","presisi_tanggal":"hari","waktu_utc":"2021-06-29T04:00:00+00:00","sumber":"magma-tanggapan","tipe":null,"desa":"Lebak","kecamatan":"Ciomas","kab_kode":"32.01","kab_nama":"Kabupaten Bogor","provinsi":"Jawa Barat"}},{"type":"Feature","geometry":{"type":"Point","coordinates":[119.9567,-1.2549]},"properties":{"id":"magma:CRS20210704110502","tanggal":"2021-07-03","presisi_tanggal":"hari","waktu_utc":"2021-07-02T22:00:00+00:00","sumber":"magma-tanggapan","tipe":null,"desa":"Simoro","kecamatan":"Gumbasa","kab_kode":"72.10","kab_nama":"Kabupaten Sigi","provinsi":"Sulawesi Tengah"}},{"type":"Feature","geometry":{"type":"Point","coordinates":[123.0761,0.506]},"properties":{"id":"magma:CRS20210704111730","tanggal":"2021-07-03","presisi_tanggal":"hari","waktu_utc":"2021-07-02T16:00:00+00:00","sumber":"magma-tanggapan","tipe":null,"desa":"Leato Utara","kecamatan":"Dumbo Raya","kab_kode":"75.71","kab_nama":"Kota Gorontalo","provinsi":"Gorontalo"}},{"type":"Feature","geometry":{"type":"Point","coordinates":[128.1913,-3.6935]},"properties":{"id":"magma:CRS20210705113400","tanggal":"2021-07-04","presisi_tanggal":"hari","waktu_utc":"2021-07-03T15:00:00+00:00","sumber":"magma-tanggapan","tipe":null,"desa":"Kel Karang Panjang","kecamatan":"Sirimau","kab_kode":"81.71","kab_nama":"Kota Ambon","provinsi":"Maluku"}},{"type":"Feature","geometry":{"type":"Point","coordinates":[128.1897,-3.683]},"properties":{"id":"magma:CRS20210705115254","tanggal":"2021-07-04","presisi_tanggal":"hari","waktu_utc":"2021-07-04T02:30:00+00:00","sumber":"magma-tanggapan","tipe":null,"desa":"Batu Merah","kecamatan":"Sirimau","kab_kode":"81.71","kab_nama":"Kota Ambon","provinsi":"Maluku"}},{"type":"Feature","geometry":{"type":"Point","coordinates":[128.1939,-3.6893]},"properties":{"id":"magma:CRS20210705122716","tanggal":"2021-07-04","presisi_tanggal":"hari","waktu_utc":"2021-07-04T03:00:00+00:00","sumber":"magma-tanggapan","tipe":null,"desa":"Kel Amantelu","kecamatan":"Sirimau","kab_kode":"81.71","kab_nama":"Kota Ambon","provinsi":"Maluku"}},{"type":"Feature","geometry":{"type":"Point","coordinates":[121.9701,0.7198]},"properties":{"id":"magma:CRS20210709093906","tanggal":"2021-07-06","presisi_tanggal":"hari","waktu_utc":"2021-07-05T17:00:00+00:00","sumber":"magma-tanggapan","tipe":null,"desa":"Hulawa","kecamatan":"Buntulia","kab_kode":"75.04","kab_nama":"Kabupaten Pohuwato","provinsi":"Gorontalo"}},{"type":"Feature","geometry":{"type":"Point","coordinates":[102.0442,-2.3772]},"properties":{"id":"magma:CRS20210714144033","tanggal":"2021-07-10","presisi_tanggal":"hari","waktu_utc":"2021-07-09T21:00:00+00:00","sumber":"magma-tanggapan","tipe":null,"desa":"Muara Pangi","kecamatan":"Lembah Masurai","kab_kode":"15.02","kab_nama":"Kabupaten Merangin","provinsi":"Jambi"}},{"type":"Feature","geometry":{"type":"Point","coordinates":[110.0033,-1.2521]},"properties":{"id":"magma:CRS20210721162521","tanggal":"2021-07-14","presisi_tanggal":"hari","waktu_utc":"2021-07-14T02:00:00+00:00","sumber":"magma-tanggapan","tipe":null,"desa":"Pampang Harapan","kecamatan":"Sukadana","kab_kode":"61.11","kab_nama":"Kabupaten Kayong Utara","provinsi":"Kalimantan Barat"}},{"type":"Feature","geometry":{"type":"Point","coordinates":[127.3026,0.8002]},"properties":{"id":"magma:CRS20210721132509","tanggal":"2021-07-16","presisi_tanggal":"hari","waktu_utc":"2021-07-16T15:05:00+00:00","sumber":"magma-tanggapan","tipe":null,"desa":"Afe-Taduma","kecamatan":"Pulau Ternate","kab_kode":"82.71","kab_nama":"Kota Ternate","provinsi":"Maluku Utara"}},{"type":"Feature","geometry":{"type":"Point","coordinates":[127.3026,0.8002]},"properties":{"id":"magma:CRS20210721155358","tanggal":"2021-07-16","presisi_tanggal":"hari","waktu_utc":"2021-07-16T14:05:00+00:00","sumber":"magma-tanggapan","tipe":null,"desa":"Afe-Taduma","kecamatan":"Pulau Ternate","kab_kode":"82.71","kab_nama":"Kota Ternate","provinsi":"Maluku Utara"}},{"type":"Feature","geometry":{"type":"Point","coordinates":[128.1897,-3.683]},"properties":{"id":"magma:CRS20210721092130","tanggal":"2021-07-17","presisi_tanggal":"hari","waktu_utc":"2021-07-16T17:00:00+00:00","sumber":"magma-tanggapan","tipe":null,"desa":"Batu Merah","kecamatan":"Sirimau","kab_kode":"81.71","kab_nama":"Kota Ambon","provinsi":"Maluku"}},{"type":"Feature","geometry":{"type":"Point","coordinates":[118.8713,-2.81]},"properties":{"id":"magma:CRS20210721123218","tanggal":"2021-07-18","presisi_tanggal":"hari","waktu_utc":"2021-07-18T12:00:00+00:00","sumber":"magma-tanggapan","tipe":null,"desa":"Takandeang","kecamatan":"Tapalang","kab_kode":"76.02","kab_nama":"Kabupaten Mamuju","provinsi":"Sulawesi Barat"}},{"type":"Feature","geometry":{"type":"Point","coordinates":[117.1177,-0.4785]},"properties":{"id":"magma:CRS20210722100550","tanggal":"2021-07-20","presisi_tanggal":"hari","waktu_utc":"2021-07-20T08:30:00+00:00","sumber":"magma-tanggapan","tipe":null,"desa":"Air Putih","kecamatan":"Samarinda Ulu","kab_kode":"64.72","kab_nama":"Kota Samarinda","provinsi":"Kalimantan Timur"}},{"type":"Feature","geometry":{"type":"Point","coordinates":[108.3683,-6.5205]},"properties":{"id":"magma:CRS20210725120027","tanggal":"2021-07-24","presisi_tanggal":"hari","waktu_utc":"2021-07-24T05:00:00+00:00","sumber":"magma-tanggapan","tipe":null,"desa":"Kertasemaya","kecamatan":"Kertasemaya","kab_kode":"32.12","kab_nama":"Kabupaten Indramayu","provinsi":"Jawa Barat"}},{"type":"Feature","geometry":{"type":"Point","coordinates":[114.8449,-3.5365]},"properties":{"id":"magma:CRS20210729090248","tanggal":"2021-07-26","presisi_tanggal":"hari","waktu_utc":"2021-07-26T04:00:00+00:00","sumber":"magma-tanggapan","tipe":null,"desa":"Bangkal","kecamatan":"Cempaka","kab_kode":"63.72","kab_nama":"Kota Banjarbaru","provinsi":"Kalimantan Selatan"}},{"type":"Feature","geometry":{"type":"Point","coordinates":[121.8296,-8.7339]},"properties":{"id":"magma:CRS20210802103646","tanggal":"2021-08-01","presisi_tanggal":"hari","waktu_utc":"2021-07-31T21:30:00+00:00","sumber":"magma-tanggapan","tipe":null,"desa":"Wolokelo","kecamatan":"Kelimutu","kab_kode":"53.08","kab_nama":"Kabupaten Ende","provinsi":"Nusa Tenggara Timur"}},{"type":"Feature","geometry":{"type":"Point","coordinates":[106.8562,-6.8555]},"properties":{"id":"magma:CRS20210802155007","tanggal":"2021-08-01","presisi_tanggal":"hari","waktu_utc":"2021-07-31T17:15:00+00:00","sumber":"magma-tanggapan","tipe":null,"desa":"Girijaya","kecamatan":"Nagrak","kab_kode":"32.02","kab_nama":"Kabupaten Sukabumi","provinsi":"Jawa Barat"}},{"type":"Feature","geometry":{"type":"Point","coordinates":[106.1728,-6.3279]},"properties":{"id":"magma:CRS20210808071958","tanggal":"2021-08-05","presisi_tanggal":"hari","waktu_utc":"2021-08-05T03:10:00+00:00","sumber":"magma-tanggapan","tipe":null,"desa":"Banjarsari","kecamatan":"Warunggunung","kab_kode":"36.02","kab_nama":"Kabupaten Lebak","provinsi":"Banten"}},{"type":"Feature","geometry":{"type":"Point","coordinates":[107.2092,-7.0613]},"properties":{"id":"pvmbg:302_2021:2021-08-05:0","tanggal":"2021-08-05","presisi_tanggal":"hari","waktu_utc":null,"sumber":"pvmbg-lapangan","tipe":null,"desa":null,"kecamatan":"Campakamulya","kab_kode":"32.03","kab_nama":"Kabupaten Cianjur","provinsi":"Jawa Barat"}},{"type":"Feature","geometry":{"type":"Point","coordinates":[112.0192,-8.1826]},"properties":{"id":"magma:CRS20210808085414","tanggal":"2021-08-06","presisi_tanggal":"hari","waktu_utc":"2021-08-05T19:10:00+00:00","sumber":"magma-tanggapan","tipe":null,"desa":"Sumberurip","kecamatan":"Pronojiwo","kab_kode":"35.04","kab_nama":"Kabupaten Tulungagung","provinsi":"Jawa Timur"}},{"type":"Feature","geometry":{"type":"Point","coordinates":[106.6024,-6.4323]},"properties":{"id":"pvmbg:355_2021:2021-08-13:0","tanggal":"2021-08-13","presisi_tanggal":"hari","waktu_utc":null,"sumber":"pvmbg-lapangan","tipe":null,"desa":null,"kecamatan":null,"kab_kode":"32.01","kab_nama":"Kabupaten Bogor","provinsi":"Jawa Barat"}},{"type":"Feature","geometry":{"type":"Point","coordinates":[100.2993,-0.392]},"properties":{"id":"magma:CRS20210819053750","tanggal":"2021-08-17","presisi_tanggal":"hari","waktu_utc":"2021-08-17T09:45:00+00:00","sumber":"magma-tanggapan","tipe":null,"desa":"Malalak Timur","kecamatan":"Malalak","kab_kode":"13.06","kab_nama":"Kabupaten Agam","provinsi":"Sumatera Barat"}},{"type":"Feature","geometry":{"type":"Point","coordinates":[121.9701,0.7198]},"properties":{"id":"magma:CRS20210820054520","tanggal":"2021-08-19","presisi_tanggal":"hari","waktu_utc":"2021-08-18T18:00:00+00:00","sumber":"magma-tanggapan","tipe":null,"desa":"Hulawa","kecamatan":"Buntulia","kab_kode":"75.04","kab_nama":"Kabupaten Pohuwato","provinsi":"Gorontalo"}},{"type":"Feature","geometry":{"type":"Point","coordinates":[116.9042,-1.2578]},"properties":{"id":"magma:CRS20210820060859","tanggal":"2021-08-19","presisi_tanggal":"hari","waktu_utc":"2021-08-19T01:00:00+00:00","sumber":"magma-tanggapan","tipe":null,"desa":"Sepinggan Raya","kecamatan":"Balikpapan Selatan","kab_kode":"64.71","kab_nama":"Kota Balikpapan","provinsi":"Kalimantan Timur"}},{"type":"Feature","geometry":{"type":"Point","coordinates":[116.9042,-1.2578]},"properties":{"id":"magma:CRS20210820205552","tanggal":"2021-08-19","presisi_tanggal":"hari","waktu_utc":"2021-08-19T11:00:00+00:00","sumber":"magma-tanggapan","tipe":null,"desa":"Sepinggan Raya","kecamatan":"Balikpapan Selatan","kab_kode":"64.71","kab_nama":"Kota Balikpapan","provinsi":"Kalimantan Timur"}},{"type":"Feature","geometry":{"type":"Point","coordinates":[99.2799,1.39]},"properties":{"id":"magma:CRS20210820205744","tanggal":"2021-08-19","presisi_tanggal":"hari","waktu_utc":"2021-08-19T11:00:00+00:00","sumber":"magma-tanggapan","tipe":null,"desa":"Sitamiang Baru","kecamatan":"Padangsidimpuan Selatan","kab_kode":"12.77","kab_nama":"Kota Padangsidimpuan","provinsi":"Sumatera Utara"}},{"type":"Feature","geometry":{"type":"Point","coordinates":[106.7264,-6.7982]},"properties":{"id":"magma:CRS20210820212217","tanggal":"2021-08-19","presisi_tanggal":"hari","waktu_utc":"2021-08-19T14:30:00+00:00","sumber":"magma-tanggapan","tipe":null,"desa":"Lebaksari","kecamatan":"Parakan Salak","kab_kode":"32.02","kab_nama":"Kabupaten Sukabumi","provinsi":"Jawa Barat"}},{"type":"Feature","geometry":{"type":"Point","coordinates":[117.1182,-0.4797]},"properties":{"id":"magma:CRS20210804102457","tanggal":"2021-08-20","presisi_tanggal":"hari","waktu_utc":"2021-08-20T08:30:00+00:00","sumber":"magma-tanggapan","tipe":null,"desa":"Air Putih","kecamatan":"Samarinda Ulu","kab_kode":"64.72","kab_nama":"Kota Samarinda","provinsi":"Kalimantan Timur"}},{"type":"Feature","geometry":{"type":"Point","coordinates":[106.7839,-6.8932]},"properties":{"id":"magma:CRS20210820210137","tanggal":"2021-08-20","presisi_tanggal":"hari","waktu_utc":"2021-08-20T12:00:00+00:00","sumber":"magma-tanggapan","tipe":null,"desa":"Cibadak","kecamatan":"Cibadak","kab_kode":"32.02","kab_nama":"Kabupaten Sukabumi","provinsi":"Jawa Barat"}},{"type":"Feature","geometry":{"type":"Point","coordinates":[109.1008,-7.1986]},"properties":{"id":"pvmbg:30_2023:2021-09-01:0","tanggal":"2021-09-01","presisi_tanggal":"bulan","waktu_utc":null,"sumber":"pvmbg-lapangan","tipe":"Rayapan","desa":"Dukuh Benda","kecamatan":"Bumijawa","kab_kode":"33.28","kab_nama":"Kabupaten Tegal","provinsi":"Jawa Tengah"}},{"type":"Feature","geometry":{"type":"Point","coordinates":[107.8906,-6.8272]},"properties":{"id":"pvmbg:350_2021:2021-09-02:0","tanggal":"2021-09-02","presisi_tanggal":"hari","waktu_utc":null,"sumber":"pvmbg-lapangan","tipe":null,"desa":null,"kecamatan":null,"kab_kode":"32.11","kab_nama":"Kabupaten Sumedang","provinsi":"Jawa Barat"}},{"type":"Feature","geometry":{"type":"Point","coordinates":[120.9112,-8.9159]},"properties":{"id":"magma:CRS20210904184208","tanggal":"2021-09-03","presisi_tanggal":"hari","waktu_utc":"2021-09-02T17:00:00+00:00","sumber":"magma-tanggapan","tipe":null,"desa":"Inerie","kecamatan":"Inerie","kab_kode":"53.09","kab_nama":"Kabupaten Ngada","provinsi":"Nusa Tenggara Timur"}},{"type":"Feature","geometry":{"type":"Point","coordinates":[122.7336,-8.5461]},"properties":{"id":"magma:CRS20211221130409","tanggal":"2021-09-04","presisi_tanggal":"hari","waktu_utc":"2021-09-04T04:00:00+00:00","sumber":"magma-tanggapan","tipe":null,"desa":"Nawokote","kecamatan":"Wulanggitang","kab_kode":"53.06","kab_nama":"Kabupaten Flores Timur","provinsi":"Nusa Tenggara Timur"}},{"type":"Feature","geometry":{"type":"Point","coordinates":[106.6232,-6.4338]},"properties":{"id":"magma:CRS20210911221854","tanggal":"2021-09-10","presisi_tanggal":"hari","waktu_utc":"2021-09-10T10:00:00+00:00","sumber":"magma-tanggapan","tipe":null,"desa":"Cipinang","kecamatan":"Rumpin","kab_kode":"32.01","kab_nama":"Kabupaten Bogor","provinsi":"Jawa Barat"}},{"type":"Feature","geometry":{"type":"Point","coordinates":[100.8762,-0.6721]},"properties":{"id":"magma:CRS20210911222409","tanggal":"2021-09-10","presisi_tanggal":"hari","waktu_utc":"2021-09-10T05:00:00+00:00","sumber":"magma-tanggapan","tipe":null,"desa":"Muaro Bodi","kecamatan":"Iv Nagari","kab_kode":"13.03","kab_nama":"Kabupaten Sijunjung","provinsi":"Sumatera Barat"}},{"type":"Feature","geometry":{"type":"Point","coordinates":[96.7304,4.7244]},"properties":{"id":"pvmbg:8a_2021:2021-09-13:0","tanggal":"2021-09-13","presisi_tanggal":"hari","waktu_utc":null,"sumber":"pvmbg-lapangan","tipe":null,"desa":null,"kecamatan":null,"kab_kode":"11.04","kab_nama":"Kabupaten Aceh Tengah","provinsi":"Aceh"}},{"type":"Feature","geometry":{"type":"Point","coordinates":[100.1927,-0.3134]},"properties":{"id":"magma:CRS20210928070149","tanggal":"2021-09-26","presisi_tanggal":"hari","waktu_utc":"2021-09-26T13:30:00+00:00","sumber":"magma-tanggapan","tipe":null,"desa":"Tanjung Sari","kecamatan":"Tanjung Raya","kab_kode":"13.06","kab_nama":"Kabupaten Agam","provinsi":"Sumatera Barat"}},{"type":"Feature","geometry":{"type":"Point","coordinates":[110.1596,-7.2892]},"properties":{"id":"magma:CRS20210928070535","tanggal":"2021-09-26","presisi_tanggal":"hari","waktu_utc":"2021-09-26T10:00:00+00:00","sumber":"magma-tanggapan","tipe":null,"desa":"Salamsari","kecamatan":"Kedu","kab_kode":"33.23","kab_nama":"Kabupaten Temanggung","provinsi":"Jawa Tengah"}},{"type":"Feature","geometry":{"type":"Point","coordinates":[109.3367,-7.1611]},"properties":{"id":"magma:CRS20210928070921","tanggal":"2021-09-26","presisi_tanggal":"hari","waktu_utc":"2021-09-26T15:30:00+00:00","sumber":"magma-tanggapan","tipe":null,"desa":"Mendelem","kecamatan":"Belik","kab_kode":"33.27","kab_nama":"Kabupaten Pemalang","provinsi":"Jawa Tengah"}},{"type":"Feature","geometry":{"type":"Point","coordinates":[107.9858,-7.4842]},"properties":{"id":"magma:CRS20210928072020","tanggal":"2021-09-26","presisi_tanggal":"hari","waktu_utc":"2021-09-25T19:00:00+00:00","sumber":"magma-tanggapan","tipe":null,"desa":"Purwaraharja","kecamatan":"Bojonggambir","kab_kode":"32.06","kab_nama":"Kabupaten Tasikmalaya","provinsi":"Jawa Barat"}},{"type":"Feature","geometry":{"type":"Point","coordinates":[99.2259,2.3628]},"properties":{"id":"magma:CRS20210928072835","tanggal":"2021-09-26","presisi_tanggal":"hari","waktu_utc":"2021-09-25T17:01:00+00:00","sumber":"magma-tanggapan","tipe":null,"desa":"Napitupulu","kecamatan":"Silaen","kab_kode":"12.12","kab_nama":"Kabupaten Toba","provinsi":"Sumatera Utara"}},{"type":"Feature","geometry":{"type":"Point","coordinates":[107.136,-7.021]},"properties":{"id":"pvmbg:332_2021:2021-09-26:0","tanggal":"2021-09-26","presisi_tanggal":"hari","waktu_utc":null,"sumber":"pvmbg-lapangan","tipe":null,"desa":null,"kecamatan":null,"kab_kode":"32.03","kab_nama":"Kabupaten Cianjur","provinsi":"Jawa Barat"}},{"type":"Feature","geometry":{"type":"Point","coordinates":[107.2134,-7.0309]},"properties":{"id":"magma:CRS20210928072404","tanggal":"2021-09-27","presisi_tanggal":"hari","waktu_utc":"2021-09-27T08:30:00+00:00","sumber":"magma-tanggapan","tipe":null,"desa":"Sindangjaya","kecamatan":"Gununghalu","kab_kode":"32.17","kab_nama":"Kabupaten Bandung Barat","provinsi":"Jawa Barat"}},{"type":"Feature","geometry":{"type":"Point","coordinates":[100.4854,0.5929]},"properties":{"id":"pvmbg:37_2022:2021-09-28:0","tanggal":"2021-09-28","presisi_tanggal":"hari","waktu_utc":null,"sumber":"pvmbg-lapangan","tipe":"Rayapan","desa":"Jorong Duo Koto","kecamatan":"Batipuh Selatan","kab_kode":"14.06","kab_nama":"Kabupaten Rokan Hulu","provinsi":"Riau"}},{"type":"Feature","geometry":{"type":"Point","coordinates":[108.0169,-6.8011]},"properties":{"id":"pvmbg:314_2021:2021-09-30:0","tanggal":"2021-09-30","presisi_tanggal":"hari","waktu_utc":null,"sumber":"pvmbg-lapangan","tipe":null,"desa":null,"kecamatan":null,"kab_kode":"32.11","kab_nama":"Kabupaten Sumedang","provinsi":"Jawa Barat"}},{"type":"Feature","geometry":{"type":"Point","coordinates":[112.2026,-0.4256]},"properties":{"id":"magma:CRS20211003210251","tanggal":"2021-10-01","presisi_tanggal":"hari","waktu_utc":"2021-10-01T14:00:00+00:00","sumber":"magma-tanggapan","tipe":null,"desa":"Lihai","kecamatan":"Menukung","kab_kode":"61.10","kab_nama":"Kabupaten Melawi","provinsi":"Kalimantan Barat"}},{"type":"Feature","geometry":{"type":"Point","coordinates":[107.709,-7.4041]},"properties":{"id":"pvmbg:348_2021:2021-10-01:0","tanggal":"2021-10-01","presisi_tanggal":"bulan","waktu_utc":null,"sumber":"pvmbg-lapangan","tipe":null,"desa":null,"kecamatan":null,"kab_kode":"32.05","kab_nama":"Kabupaten Garut","provinsi":"Jawa Barat"}},{"type":"Feature","geometry":{"type":"Point","coordinates":[106.9317,-7.2196]},"properties":{"id":"pvmbg:386_2021:2021-10-01:0","tanggal":"2021-10-01","presisi_tanggal":"bulan","waktu_utc":null,"sumber":"pvmbg-lapangan","tipe":null,"desa":null,"kecamatan":null,"kab_kode":"32.02","kab_nama":"Kabupaten Sukabumi","provinsi":"Jawa Barat"}},{"type":"Feature","geometry":{"type":"Point","coordinates":[120.055,-2.8821]},"properties":{"id":"magma:CRS20211003205526","tanggal":"2021-10-03","presisi_tanggal":"hari","waktu_utc":"2021-10-03T09:30:00+00:00","sumber":"magma-tanggapan","tipe":null,"desa":"Ilan Batu","kecamatan":"Walenrang","kab_kode":"73.17","kab_nama":"Kabupaten Luwu","provinsi":"Sulawesi Selatan"}},{"type":"Feature","geometry":{"type":"Point","coordinates":[101.7638,-2.1674]},"properties":{"id":"magma:CRS20211012210129","tanggal":"2021-10-10","presisi_tanggal":"hari","waktu_utc":"2021-10-10T05:00:00+00:00","sumber":"magma-tanggapan","tipe":null,"desa":"Muara Emil","kecamatan":"Batang Merangin","kab_kode":"15.01","kab_nama":"Kabupaten Kerinci","provinsi":"Jambi"}},{"type":"Feature","geometry":{"type":"Point","coordinates":[100.4036,-0.3949]},"properties":{"id":"magma:CRS20211012210439","tanggal":"2021-10-11","presisi_tanggal":"hari","waktu_utc":"2021-10-11T11:00:00+00:00","sumber":"magma-tanggapan","tipe":null,"desa":"Kariango","kecamatan":"Sepuluh Koto","kab_kode":"13.04","kab_nama":"Kabupaten Tanah Datar","provinsi":"Sumatera Barat"}},{"type":"Feature","geometry":{"type":"Point","coordinates":[108.2009,-6.9794]},"properties":{"id":"pvmbg:9a_2021:2021-10-15:0","tanggal":"2021-10-15","presisi_tanggal":"hari","waktu_utc":null,"sumber":"pvmbg-lapangan","tipe":null,"desa":null,"kecamatan":null,"kab_kode":"32.10","kab_nama":"Kabupaten Majalengka","provinsi":"Jawa Barat"}},{"type":"Feature","geometry":{"type":"Point","coordinates":[115.4189,-8.2682]},"properties":{"id":"magma:CRS20211018114601","tanggal":"2021-10-16","presisi_tanggal":"hari","waktu_utc":"2021-10-15T20:20:00+00:00","sumber":"magma-tanggapan+pvmbg-lapangan","tipe":"Longsoran","desa":"Terunyan","kecamatan":"Kintamani","kab_kode":"51.06","kab_nama":"Kabupaten Bangli","provinsi":"Bali"}},{"type":"Feature","geometry":{"type":"Point","coordinates":[115.3985,-8.2867]},"properties":{"id":"pvmbg:235_2022:2021-10-16:0","tanggal":"2021-10-16","presisi_tanggal":"hari","waktu_utc":null,"sumber":"pvmbg-lapangan","tipe":"Longsoran","desa":"Buahan","kecamatan":"Kintamani","kab_kode":"51.06","kab_nama":"Kabupaten Bangli","provinsi":"Bali"}},{"type":"Feature","geometry":{"type":"Point","coordinates":[115.4103,-8.2858]},"properties":{"id":"pvmbg:235_2022:2021-10-16:2","tanggal":"2021-10-16","presisi_tanggal":"hari","waktu_utc":null,"sumber":"pvmbg-lapangan","tipe":"Retakan","desa":"Gunung Abang","kecamatan":null,"kab_kode":"51.06","kab_nama":"Kabupaten Bangli","provinsi":"Bali"}},{"type":"Feature","geometry":{"type":"Point","coordinates":[106.8982,-7.0926]},"properties":{"id":"pvmbg:370_2021:2021-10-21:0","tanggal":"2021-10-21","presisi_tanggal":"hari","waktu_utc":null,"sumber":"pvmbg-lapangan","tipe":null,"desa":null,"kecamatan":null,"kab_kode":"32.02","kab_nama":"Kabupaten Sukabumi","provinsi":"Jawa Barat"}},{"type":"Feature","geometry":{"type":"Point","coordinates":[106.7075,-6.8128]},"properties":{"id":"pvmbg:391_2021:2021-10-22:0","tanggal":"2021-10-22","presisi_tanggal":"hari","waktu_utc":null,"sumber":"pvmbg-lapangan","tipe":null,"desa":null,"kecamatan":null,"kab_kode":"32.02","kab_nama":"Kabupaten Sukabumi","provinsi":"Jawa Barat"}},{"type":"Feature","geometry":{"type":"Point","coordinates":[117.235,-0.7771]},"properties":{"id":"magma:CRS20211027162738","tanggal":"2021-10-25","presisi_tanggal":"hari","waktu_utc":"2021-10-25T07:00:00+00:00","sumber":"magma-tanggapan","tipe":null,"desa":"Air Panas","kecamatan":"Muara Jawa","kab_kode":"64.02","kab_nama":"Kabupaten Kutai Kartanegara","provinsi":"Kalimantan Timur"}},{"type":"Feature","geometry":{"type":"Point","coordinates":[109.7621,-7.2677]},"properties":{"id":"magma:CRS20211027161900","tanggal":"2021-10-26","presisi_tanggal":"hari","waktu_utc":"2021-10-26T11:00:00+00:00","sumber":"magma-tanggapan","tipe":null,"desa":"Dawuan","kecamatan":"Wanayasa","kab_kode":"33.04","kab_nama":"Kabupaten Banjarnegara","provinsi":"Jawa Tengah"}},{"type":"Feature","geometry":{"type":"Point","coordinates":[106.9388,-6.8319]},"properties":{"id":"magma:CRS20211027162506","tanggal":"2021-10-26","presisi_tanggal":"hari","waktu_utc":"2021-10-26T11:00:00+00:00","sumber":"magma-tanggapan","tipe":null,"desa":"Sukamaju","kecamatan":"Kadudampit","kab_kode":"32.02","kab_nama":"Kabupaten Sukabumi","provinsi":"Jawa Barat"}},{"type":"Feature","geometry":{"type":"Point","coordinates":[112.6497,-7.9553]},"properties":{"id":"magma:CRS20211027162200","tanggal":"2021-10-27","presisi_tanggal":"hari","waktu_utc":"2021-10-27T11:00:00+00:00","sumber":"magma-tanggapan","tipe":null,"desa":"Blimbing","kecamatan":"Blimbing","kab_kode":"35.73","kab_nama":"Kota Malang","provinsi":"Jawa Timur"}},{"type":"Feature","geometry":{"type":"Point","coordinates":[109.885,-7.5168]},"properties":{"id":"magma:CRS20211102085234","tanggal":"2021-10-29","presisi_tanggal":"hari","waktu_utc":"2021-10-28T20:00:00+00:00","sumber":"magma-tanggapan+pvmbg-lapangan","tipe":null,"desa":"Mergolangu","kecamatan":"Kalibawang","kab_kode":"33.07","kab_nama":"Kabupaten Wonosobo","provinsi":"Jawa Tengah"}},{"type":"Feature","geometry":{"type":"Point","coordinates":[106.5107,-6.6132]},"properties":{"id":"pvmbg:7a_2021:2021-10-30:0","tanggal":"2021-10-30","presisi_tanggal":"hari","waktu_utc":null,"sumber":"pvmbg-lapangan","tipe":null,"desa":null,"kecamatan":null,"kab_kode":"32.01","kab_nama":"Kabupaten Bogor","provinsi":"Jawa Barat"}},{"type":"Feature","geometry":{"type":"Point","coordinates":[106.9372,-7.1685]},"properties":{"id":"pvmbg:387_2021:2021-11-01:0","tanggal":"2021-11-01","presisi_tanggal":"bulan","waktu_utc":null,"sumber":"pvmbg-lapangan","tipe":null,"desa":null,"kecamatan":null,"kab_kode":"32.02","kab_nama":"Kabupaten Sukabumi","provinsi":"Jawa Barat"}},{"type":"Feature","geometry":{"type":"Point","coordinates":[107.1607,-7.0565]},"properties":{"id":"pvmbg:5_2021:2021-11-01:0","tanggal":"2021-11-01","presisi_tanggal":"bulan","waktu_utc":null,"sumber":"pvmbg-lapangan","tipe":null,"desa":null,"kecamatan":"Campakamulya K","kab_kode":"32.03","kab_nama":"Kabupaten Cianjur","provinsi":"Jawa Barat"}},{"type":"Feature","geometry":{"type":"Point","coordinates":[106.8961,-7.1696]},"properties":{"id":"pvmbg:371_2021:2021-11-03:0","tanggal":"2021-11-03","presisi_tanggal":"hari","waktu_utc":null,"sumber":"pvmbg-lapangan","tipe":null,"desa":null,"kecamatan":null,"kab_kode":"32.02","kab_nama":"Kabupaten Sukabumi","provinsi":"Jawa Barat"}},{"type":"Feature","geometry":{"type":"Point","coordinates":[106.4544,-6.9354]},"properties":{"id":"pvmbg:392_2021:2021-11-03:0","tanggal":"2021-11-03","presisi_tanggal":"hari","waktu_utc":null,"sumber":"pvmbg-lapangan","tipe":null,"desa":null,"kecamatan":null,"kab_kode":"32.02","kab_nama":"Kabupaten Sukabumi","provinsi":"Jawa Barat"}},{"type":"Feature","geometry":{"type":"Point","coordinates":[109.908,-7.32]},"properties":{"id":"magma:CRS20211109201513","tanggal":"2021-11-04","presisi_tanggal":"hari","waktu_utc":"2021-11-04T07:30:00+00:00","sumber":"magma-tanggapan","tipe":null,"desa":"Derongisor","kecamatan":"Mojotengah","kab_kode":"33.07","kab_nama":"Kabupaten Wonosobo","provinsi":"Jawa Tengah"}},{"type":"Feature","geometry":{"type":"Point","coordinates":[112.55,-7.8083]},"properties":{"id":"pvmbg:369_2021:2021-11-04:0","tanggal":"2021-11-04","presisi_tanggal":"hari","waktu_utc":null,"sumber":"pvmbg-lapangan","tipe":null,"desa":null,"kecamatan":null,"kab_kode":"35.79","kab_nama":"Kota Batu","provinsi":"Jawa Timur"}},{"type":"Feature","geometry":{"type":"Point","coordinates":[107.1497,-6.9934]},"properties":{"id":"pvmbg:B-504_2021:2021-11-07:0","tanggal":"2021-11-07","presisi_tanggal":"hari","waktu_utc":null,"sumber":"pvmbg-lapangan","tipe":null,"desa":null,"kecamatan":null,"kab_kode":"32.03","kab_nama":"Kabupaten Cianjur","provinsi":"Jawa Barat"}},{"type":"Feature","geometry":{"type":"Point","coordinates":[109.8187,-7.3805]},"properties":{"id":"magma:CRS20211110173213","tanggal":"2021-11-10","presisi_tanggal":"hari","waktu_utc":"2021-11-10T05:15:00+00:00","sumber":"magma-tanggapan","tipe":null,"desa":"Gunungtugel","kecamatan":"Sukoharjo","kab_kode":"33.07","kab_nama":"Kabupaten Wonosobo","provinsi":"Jawa Tengah"}},{"type":"Feature","geometry":{"type":"Point","coordinates":[110.042,-7.4137]},"properties":{"id":"magma:CRS20211123085915","tanggal":"2021-11-11","presisi_tanggal":"hari","waktu_utc":"2021-11-11T04:00:00+00:00","sumber":"magma-tanggapan","tipe":null,"desa":"Banyumudal","kecamatan":"Sapuran","kab_kode":"33.07","kab_nama":"Kabupaten Wonosobo","provinsi":"Jawa Tengah"}},{"type":"Feature","geometry":{"type":"Point","coordinates":[109.8812,-7.3187]},"properties":{"id":"magma:CRS20211123090142","tanggal":"2021-11-12","presisi_tanggal":"hari","waktu_utc":"2021-11-12T09:30:00+00:00","sumber":"magma-tanggapan","tipe":null,"desa":"Mojosari","kecamatan":"Mojotengah","kab_kode":"33.07","kab_nama":"Kabupaten Wonosobo","provinsi":"Jawa Tengah"}},{"type":"Feature","geometry":{"type":"Point","coordinates":[109.8984,-7.3685]},"properties":{"id":"magma:CRS20211123090631","tanggal":"2021-11-12","presisi_tanggal":"hari","waktu_utc":"2021-11-12T09:00:00+00:00","sumber":"magma-tanggapan","tipe":null,"desa":"Kalianget","kecamatan":"Wonosobo","kab_kode":"33.07","kab_nama":"Kabupaten Wonosobo","provinsi":"Jawa Tengah"}},{"type":"Feature","geometry":{"type":"Point","coordinates":[109.8634,-7.4066]},"properties":{"id":"magma:CRS20211123090825","tanggal":"2021-11-12","presisi_tanggal":"hari","waktu_utc":"2021-11-12T08:00:00+00:00","sumber":"magma-tanggapan","tipe":null,"desa":"Besani","kecamatan":"Leksono","kab_kode":"33.07","kab_nama":"Kabupaten Wonosobo","provinsi":"Jawa Tengah"}},{"type":"Feature","geometry":{"type":"Point","coordinates":[107.0582,-6.6031]},"properties":{"id":"pvmbg:407_2021:2021-11-13:0","tanggal":"2021-11-13","presisi_tanggal":"hari","waktu_utc":null,"sumber":"pvmbg-lapangan","tipe":null,"desa":null,"kecamatan":null,"kab_kode":"32.01","kab_nama":"Kabupaten Bogor","provinsi":"Jawa Barat"}},{"type":"Feature","geometry":{"type":"Point","coordinates":[109.8842,-7.5571]},"properties":{"id":"magma:CRS20211129095213","tanggal":"2021-11-14","presisi_tanggal":"hari","waktu_utc":"2021-11-14T14:00:00+00:00","sumber":"magma-tanggapan","tipe":null,"desa":"Cepedak","kecamatan":"Bruno","kab_kode":"33.06","kab_nama":"Kabupaten Purworejo","provinsi":"Jawa Tengah"}},{"type":"Feature","geometry":{"type":"Point","coordinates":[115.4036,-8.2836]},"properties":{"id":"pvmbg:235_2022:2021-12-07:0","tanggal":"2021-12-07","presisi_tanggal":"hari","waktu_utc":null,"sumber":"pvmbg-lapangan","tipe":"Longsoran","desa":"Buahan","kecamatan":"Kintamani","kab_kode":"51.06","kab_nama":"Kabupaten Bangli","provinsi":"Bali"}},{"type":"Feature","geometry":{"type":"Point","coordinates":[123.3481,-8.5528]},"properties":{"id":"magma:CRS20211221145003","tanggal":"2021-12-14","presisi_tanggal":"hari","waktu_utc":"2021-12-14T03:20:00+00:00","sumber":"magma-tanggapan","tipe":null,"desa":"Warawatung","kecamatan":"Nagawutung","kab_kode":"53.13","kab_nama":"Kabupaten Lembata","provinsi":"Nusa Tenggara Timur"}},{"type":"Feature","geometry":{"type":"Point","coordinates":[110.0345,-7.1851]},"properties":{"id":"magma:CRS20211216103512","tanggal":"2021-12-15","presisi_tanggal":"hari","waktu_utc":"2021-12-14T18:00:00+00:00","sumber":"magma-tanggapan","tipe":null,"desa":"Wonocoyo","kecamatan":"Wonoboyo","kab_kode":"33.23","kab_nama":"Kabupaten Temanggung","provinsi":"Jawa Tengah"}},{"type":"Feature","geometry":{"type":"Point","coordinates":[106.5071,-6.5191]},"properties":{"id":"pvmbg:6a_2021:2021-12-15:0","tanggal":"2021-12-15","presisi_tanggal":"hari","waktu_utc":null,"sumber":"pvmbg-lapangan","tipe":null,"desa":null,"kecamatan":null,"kab_kode":"32.01","kab_nama":"Kabupaten Bogor","provinsi":"Jawa Barat"}},{"type":"Feature","geometry":{"type":"Point","coordinates":[121.1827,-8.7307]},"properties":{"id":"magma:CRS20211226112027","tanggal":"2021-12-17","presisi_tanggal":"hari","waktu_utc":"2021-12-17T07:10:00+00:00","sumber":"magma-tanggapan","tipe":null,"desa":"Ratongamobo","kecamatan":"Boawae","kab_kode":"53.16","kab_nama":"Kabupaten Nagekeo","provinsi":"Nusa Tenggara Timur"}},{"type":"Feature","geometry":{"type":"Point","coordinates":[123.5001,-8.2426]},"properties":{"id":"magma:CRS20211219203311","tanggal":"2021-12-19","presisi_tanggal":"hari","waktu_utc":"2021-12-19T00:09:00+00:00","sumber":"magma-tanggapan","tipe":null,"desa":"Waimatan","kecamatan":"Ile Ape Timur","kab_kode":"53.13","kab_nama":"Kabupaten Lembata","provinsi":"Nusa Tenggara Timur"}},{"type":"Feature","geometry":{"type":"Point","coordinates":[107.3283,-7.3737]},"properties":{"id":"magma:CRS20211225170955","tanggal":"2021-12-24","presisi_tanggal":"hari","waktu_utc":"2021-12-24T13:00:00+00:00","sumber":"magma-tanggapan","tipe":null,"desa":"Malati","kecamatan":"Naringgul","kab_kode":"32.03","kab_nama":"Kabupaten Cianjur","provinsi":"Jawa Barat"}},{"type":"Feature","geometry":{"type":"Point","coordinates":[107.493,-7.3112]},"properties":{"id":"magma:CRS20211225182758","tanggal":"2021-12-25","presisi_tanggal":"hari","waktu_utc":"2021-12-25T08:00:00+00:00","sumber":"magma-tanggapan","tipe":null,"desa":"Mekarmulya","kecamatan":"Talegong","kab_kode":"32.05","kab_nama":"Kabupaten Garut","provinsi":"Jawa Barat"}},{"type":"Feature","geometry":{"type":"Point","coordinates":[107.8311,-6.898]},"properties":{"id":"pvmbg:182_2022:2021-12-29:0","tanggal":"2021-12-29","presisi_tanggal":"hari","waktu_utc":null,"sumber":"pvmbg-lapangan","tipe":"Longsorang; Rayapan","desa":"Haurgombong","kecamatan":"Pamulihan","kab_kode":"32.11","kab_nama":"Kabupaten Sumedang","provinsi":"Jawa Barat"}},{"type":"Feature","geometry":{"type":"Point","coordinates":[140.7129,-2.5214]},"properties":{"id":"magma:CRS20220108101517","tanggal":"2022-01-07","presisi_tanggal":"hari","waktu_utc":"2022-01-06T21:58:00+00:00","sumber":"magma-tanggapan","tipe":null,"desa":"Trikora","kecamatan":"Jayapura Utara","kab_kode":"91.71","kab_nama":"Kota Jayapura","provinsi":"Papua"}},{"type":"Feature","geometry":{"type":"Point","coordinates":[110.2269,-7.2347]},"properties":{"id":"magma:CRS20220120122916","tanggal":"2022-01-10","presisi_tanggal":"hari","waktu_utc":"2022-01-10T10:00:00+00:00","sumber":"magma-tanggapan","tipe":null,"desa":"Tempuran","kecamatan":"Kaloran","kab_kode":"33.23","kab_nama":"Kabupaten Temanggung","provinsi":"Jawa Tengah"}},{"type":"Feature","geometry":{"type":"Point","coordinates":[110.1998,-7.2401]},"properties":{"id":"magma:CRS20220120123115","tanggal":"2022-01-12","presisi_tanggal":"hari","waktu_utc":"2022-01-12T07:00:00+00:00","sumber":"magma-tanggapan","tipe":null,"desa":"Ngemplak","kecamatan":"Kandangan","kab_kode":"33.23","kab_nama":"Kabupaten Temanggung","provinsi":"Jawa Tengah"}},{"type":"Feature","geometry":{"type":"Point","coordinates":[109.2022,-7.0606]},"properties":{"id":"pvmbg:94_2022:2022-01-15:0","tanggal":"2022-01-15","presisi_tanggal":"hari","waktu_utc":null,"sumber":"pvmbg-lapangan","tipe":"Rayapan","desa":"Padasari","kecamatan":"Jatinegara","kab_kode":"33.28","kab_nama":"Kabupaten Tegal","provinsi":"Jawa Tengah"}},{"type":"Feature","geometry":{"type":"Point","coordinates":[109.1293,-7.1167]},"properties":{"id":"pvmbg:95_2022:2022-01-15:0","tanggal":"2022-01-15","presisi_tanggal":"hari","waktu_utc":null,"sumber":"pvmbg-lapangan","tipe":"Rayapan","desa":"Kalibakung","kecamatan":"Balapulang","kab_kode":"33.28","kab_nama":"Kabupaten Tegal","provinsi":"Jawa Tengah"}},{"type":"Feature","geometry":{"type":"Point","coordinates":[109.8365,-7.4333]},"properties":{"id":"pvmbg:337_2022:2022-01-17:0","tanggal":"2022-01-17","presisi_tanggal":"hari","waktu_utc":null,"sumber":"pvmbg-lapangan","tipe":"Longsoran","desa":"Sawangan","kecamatan":"Leksono","kab_kode":"33.07","kab_nama":"Kabupaten Wonosobo","provinsi":"Jawa Tengah"}},{"type":"Feature","geometry":{"type":"Point","coordinates":[106.1499,-6.3841]},"properties":{"id":"pvmbg:116_2022:2022-01-19:0","tanggal":"2022-01-19","presisi_tanggal":"hari","waktu_utc":null,"sumber":"pvmbg-lapangan","tipe":"Longsoran","desa":"Curugpanjang","kecamatan":"Cikulur","kab_kode":"36.02","kab_nama":"Kabupaten Lebak","provinsi":"Banten"}},{"type":"Feature","geometry":{"type":"Point","coordinates":[108.0818,-6.9433]},"properties":{"id":"pvmbg:181_2022:2022-01-22:0","tanggal":"2022-01-22","presisi_tanggal":"hari","waktu_utc":null,"sumber":"pvmbg-lapangan","tipe":"Longsoran","desa":"Cisurat","kecamatan":"Wado","kab_kode":"32.11","kab_nama":"Kabupaten Sumedang","provinsi":"Jawa Barat"}},{"type":"Feature","geometry":{"type":"Point","coordinates":[109.398,-7.1332]},"properties":{"id":"pvmbg:52_2022:2022-01-31:0","tanggal":"2022-01-31","presisi_tanggal":"hari","waktu_utc":null,"sumber":"pvmbg-lapangan","tipe":"Longsoran bahan rombakan; Rayapan","desa":"Majakerta","kecamatan":"Watukumpul","kab_kode":"33.27","kab_nama":"Kabupaten Pemalang","provinsi":"Jawa Tengah"}},{"type":"Feature","geometry":{"type":"Point","coordinates":[111.0752,-8.1541]},"properties":{"id":"pvmbg:19_2022:2022-02-01:0","tanggal":"2022-02-01","presisi_tanggal":"bulan","waktu_utc":null,"sumber":"pvmbg-lapangan","tipe":"Rayapan","desa":"Glinggangan","kecamatan":"Pringkuku","kab_kode":"35.01","kab_nama":"Kabupaten Pacitan","provinsi":"Jawa Timur"}},{"type":"Feature","geometry":{"type":"Point","coordinates":[120.0477,-8.6632]},"properties":{"id":"pvmbg:222_2022:2022-02-01:0","tanggal":"2022-02-01","presisi_tanggal":"bulan","waktu_utc":null,"sumber":"pvmbg-lapangan","tipe":"Rayapan","desa":"Nampar Macing","kecamatan":"Sano Nggoang","kab_kode":"53.15","kab_nama":"Kabupaten Manggarai Barat","provinsi":"Nusa Tenggara Timur"}},{"type":"Feature","geometry":{"type":"Point","coordinates":[109.2556,-6.9362]},"properties":{"id":"pvmbg:27_2023:2022-02-01:0","tanggal":"2022-02-01","presisi_tanggal":"bulan","waktu_utc":null,"sumber":"pvmbg-lapangan","tipe":"Erosi Sungai","desa":"Harjasari","kecamatan":"Suradadi","kab_kode":"33.28","kab_nama":"Kabupaten Tegal","provinsi":"Jawa Tengah"}},{"type":"Feature","geometry":{"type":"Point","coordinates":[108.0281,-7.1953]},"properties":{"id":"pvmbg:55_2022:2022-02-02:0","tanggal":"2022-02-02","presisi_tanggal":"hari","waktu_utc":null,"sumber":"pvmbg-lapangan","tipe":"Longsoran","desa":"Sukamenak","kecamatan":"Wanaraja","kab_kode":"32.05","kab_nama":"Kabupaten Garut","provinsi":"Jawa Barat"}},{"type":"Feature","geometry":{"type":"Point","coordinates":[98.15,2.9306]},"properties":{"id":"pvmbg:220_2022:2022-02-09:0","tanggal":"2022-02-09","presisi_tanggal":"hari","waktu_utc":null,"sumber":"pvmbg-lapangan","tipe":"Sinkhole","desa":"Kendit Liang","kecamatan":"Gunung Sitember","kab_kode":"12.11","kab_nama":"Kabupaten Dairi","provinsi":"Sumatera Utara"}},{"type":"Feature","geometry":{"type":"Point","coordinates":[109.1684,-7.0356]},"properties":{"id":"pvmbg:92_2022:2022-02-09:0","tanggal":"2022-02-09","presisi_tanggal":"hari","waktu_utc":null,"sumber":"pvmbg-lapangan","tipe":"Rayapan","desa":"Dermasuci","kecamatan":"Pangkah","kab_kode":"33.28","kab_nama":"Kabupaten Tegal","provinsi":"Jawa Tengah"}},{"type":"Feature","geometry":{"type":"Point","coordinates":[111.2219,-7.945]},"properties":{"id":"pvmbg:282_2022:2022-02-14:0","tanggal":"2022-02-14","presisi_tanggal":"hari","waktu_utc":null,"sumber":"pvmbg-lapangan","tipe":"Rayapan","desa":"Ngromo","kecamatan":"Nawangan","kab_kode":"35.01","kab_nama":"Kabupaten Pacitan","provinsi":"Jawa Timur"}},{"type":"Feature","geometry":{"type":"Point","coordinates":[119.7885,-3.2298]},"properties":{"id":"pvmbg:114_2022:2022-02-15:0","tanggal":"2022-02-15","presisi_tanggal":"hari","waktu_utc":null,"sumber":"pvmbg-lapangan","tipe":"Longsoran","desa":"Kaduaja","kecamatan":"Gandang Batu Sillanan","kab_kode":"73.18","kab_nama":"Kabupaten Tana Toraja","provinsi":"Sulawesi Selatan"}},{"type":"Feature","geometry":{"type":"Point","coordinates":[111.1314,-8.2364]},"properties":{"id":"pvmbg:225_2023:2022-02-15:0","tanggal":"2022-02-15","presisi_tanggal":"hari","waktu_utc":null,"sumber":"pvmbg-lapangan","tipe":"Longsoran; Retakan","desa":"Karangnongko","kecamatan":"Kebonagung","kab_kode":"35.01","kab_nama":"Kabupaten Pacitan","provinsi":"Jawa Timur"}},{"type":"Feature","geometry":{"type":"Point","coordinates":[109.0855,-7.2093]},"properties":{"id":"pvmbg:232_2022:2022-02-15:0","tanggal":"2022-02-15","presisi_tanggal":"hari","waktu_utc":null,"sumber":"pvmbg-lapangan","tipe":"Amblasan; Retakan","desa":"Mendala","kecamatan":"Sirampog","kab_kode":"33.29","kab_nama":"Kabupaten Brebes","provinsi":"Jawa Tengah"}},{"type":"Feature","geometry":{"type":"Point","coordinates":[107.8595,-6.7601]},"properties":{"id":"pvmbg:275_2022:2022-02-25:0","tanggal":"2022-02-25","presisi_tanggal":"hari","waktu_utc":null,"sumber":"pvmbg-lapangan","tipe":"Longsorang; Rayapan","desa":"Sukamukti","kecamatan":"Tanjungmedar","kab_kode":"32.11","kab_nama":"Kabupaten Sumedang","provinsi":"Jawa Barat"}},{"type":"Feature","geometry":{"type":"Point","coordinates":[109.8144,-7.4669]},"properties":{"id":"pvmbg:425_2022:2022-03-01:0","tanggal":"2022-03-01","presisi_tanggal":"bulan","waktu_utc":null,"sumber":"pvmbg-lapangan","tipe":"Retakan","desa":"Purosari","kecamatan":"Kaliwiro","kab_kode":"33.07","kab_nama":"Kabupaten Wonosobo","provinsi":"Jawa Tengah"}},{"type":"Feature","geometry":{"type":"Point","coordinates":[106.418,-6.957]},"properties":{"id":"pvmbg:173_2022:2022-03-02:0","tanggal":"2022-03-02","presisi_tanggal":"hari","waktu_utc":null,"sumber":"pvmbg-lapangan","tipe":"Rayapan","desa":"Pasribaru","kecamatan":"Cisolok","kab_kode":"32.02","kab_nama":"Kabupaten Sukabumi","provinsi":"Jawa Barat"}},{"type":"Feature","geometry":{"type":"Point","coordinates":[106.5002,-6.9586]},"properties":{"id":"pvmbg:175_2022:2022-03-02:0","tanggal":"2022-03-02","presisi_tanggal":"hari","waktu_utc":null,"sumber":"pvmbg-lapangan","tipe":"Longsoran","desa":"Cikakak","kecamatan":"Cikakak","kab_kode":"32.02","kab_nama":"Kabupaten Sukabumi","provinsi":"Jawa Barat"}},{"type":"Feature","geometry":{"type":"Point","coordinates":[106.6229,-6.9955]},"properties":{"id":"pvmbg:176_2022:2022-03-02:0","tanggal":"2022-03-02","presisi_tanggal":"hari","waktu_utc":null,"sumber":"pvmbg-lapangan","tipe":"Retakan","desa":"Pasirsuren","kecamatan":"Pelabuhan Ratu","kab_kode":"32.02","kab_nama":"Kabupaten Sukabumi","provinsi":"Jawa Barat"}},{"type":"Feature","geometry":{"type":"Point","coordinates":[106.6264,-6.954]},"properties":{"id":"pvmbg:177_2022:2022-03-02:0","tanggal":"2022-03-02","presisi_tanggal":"hari","waktu_utc":null,"sumber":"pvmbg-lapangan","tipe":"Longsoran","desa":"Limus Nunggal","kecamatan":"Bantargadung","kab_kode":"32.02","kab_nama":"Kabupaten Sukabumi","provinsi":"Jawa Barat"}},{"type":"Feature","geometry":{"type":"Point","coordinates":[106.6,-6.9389]},"properties":{"id":"pvmbg:174_2022:2022-03-04:0","tanggal":"2022-03-04","presisi_tanggal":"hari","waktu_utc":null,"sumber":"pvmbg-lapangan","tipe":"Rayapan","desa":"Sampora","kecamatan":"Cikidang","kab_kode":"32.02","kab_nama":"Kabupaten Sukabumi","provinsi":"Jawa Barat"}},{"type":"Feature","geometry":{"type":"Point","coordinates":[110.3476,-7.3504]},"properties":{"id":"pvmbg:335_2022:2022-03-12:0","tanggal":"2022-03-12","presisi_tanggal":"hari","waktu_utc":null,"sumber":"pvmbg-lapangan","tipe":"Longsoran","desa":"Citrosono","kecamatan":"Grabag","kab_kode":"33.08","kab_nama":"Kabupaten Magelang","provinsi":"Jawa Tengah"}},{"type":"Feature","geometry":{"type":"Point","coordinates":[107.9106,-6.7066]},"properties":{"id":"pvmbg:276_2022:2022-03-15:0","tanggal":"2022-03-15","presisi_tanggal":"hari","waktu_utc":null,"sumber":"pvmbg-lapangan","tipe":"Aliran Bahan Rombakan","desa":"Hariang","kecamatan":"Buahdua","kab_kode":"32.11","kab_nama":"Kabupaten Sumedang","provinsi":"Jawa Barat"}},{"type":"Feature","geometry":{"type":"Point","coordinates":[108.0188,-6.7864]},"properties":{"id":"pvmbg:277_2022:2022-03-15:0","tanggal":"2022-03-15","presisi_tanggal":"hari","waktu_utc":null,"sumber":"pvmbg-lapangan","tipe":"Rayapan","desa":"Bongkok","kecamatan":"Paseh","kab_kode":"32.11","kab_nama":"Kabupaten Sumedang","provinsi":"Jawa Barat"}},{"type":"Feature","geometry":{"type":"Point","coordinates":[109.9239,-7.5024]},"properties":{"id":"pvmbg:426_2022:2022-03-15:0","tanggal":"2022-03-15","presisi_tanggal":"hari","waktu_utc":null,"sumber":"pvmbg-lapangan","tipe":"Amblasan; Retakan","desa":"Karang Sambung","kecamatan":"Kali Bwang","kab_kode":"33.07","kab_nama":"Kabupaten Wonosobo","provinsi":"Jawa Tengah"}},{"type":"Feature","geometry":{"type":"Point","coordinates":[109.8235,-7.5479]},"properties":{"id":"pvmbg:427_2022:2022-03-15:0","tanggal":"2022-03-15","presisi_tanggal":"hari","waktu_utc":null,"sumber":"pvmbg-lapangan","tipe":"Amblasan; Retakan","desa":"Tirip","kecamatan":"Wadas Lintang","kab_kode":"33.07","kab_nama":"Kabupaten Wonosobo","provinsi":"Jawa Tengah"}},{"type":"Feature","geometry":{"type":"Point","coordinates":[109.8292,-7.5261]},"properties":{"id":"pvmbg:427_2022:2022-03-15:1","tanggal":"2022-03-15","presisi_tanggal":"hari","waktu_utc":null,"sumber":"pvmbg-lapangan","tipe":"Amblasan; Retakan","desa":"Tirip","kecamatan":"Wadas Lintang","kab_kode":"33.07","kab_nama":"Kabupaten Wonosobo","provinsi":"Jawa Tengah"}},{"type":"Feature","geometry":{"type":"Point","coordinates":[108.6948,-7.3256]},"properties":{"id":"pvmbg:180_2022:2022-03-26:0","tanggal":"2022-03-26","presisi_tanggal":"hari","waktu_utc":null,"sumber":"pvmbg-lapangan","tipe":"Longsoran","desa":"Malabar","kecamatan":"Wanareja","kab_kode":"33.01","kab_nama":"Kabupaten Cilacap","provinsi":"Jawa Tengah"}},{"type":"Feature","geometry":{"type":"Point","coordinates":[112.0811,-8.1996]},"properties":{"id":"pvmbg:183_2022:2022-03-28:0","tanggal":"2022-03-28","presisi_tanggal":"hari","waktu_utc":null,"sumber":"pvmbg-lapangan","tipe":"Retakan","desa":"Kebonsari","kecamatan":"Kademangan","kab_kode":"35.05","kab_nama":"Kabupaten Blitar","provinsi":"Jawa Timur"}},{"type":"Feature","geometry":{"type":"Point","coordinates":[108.1834,-6.975]},"properties":{"id":"magma:CRS20220401101830","tanggal":"2022-03-31","presisi_tanggal":"hari","waktu_utc":"2022-03-31T03:27:00+00:00","sumber":"magma-tanggapan","tipe":null,"desa":"Padarek","kecamatan":"Lemahsugih","kab_kode":"32.10","kab_nama":"Kabupaten Majalengka","provinsi":"Jawa Barat"}},{"type":"Feature","geometry":{"type":"Point","coordinates":[108.8506,-7.2566]},"properties":{"id":"pvmbg:178_2022:2022-03-31:0","tanggal":"2022-03-31","presisi_tanggal":"hari","waktu_utc":null,"sumber":"pvmbg-lapangan","tipe":"Longsoran","desa":"Kutabima","kecamatan":"Cimanggu","kab_kode":"33.01","kab_nama":"Kabupaten Cilacap","provinsi":"Jawa Tengah"}},{"type":"Feature","geometry":{"type":"Point","coordinates":[108.8482,-7.2577]},"properties":{"id":"pvmbg:tanpa-doc-130:2022-03-31:0","tanggal":"2022-03-31","presisi_tanggal":"hari","waktu_utc":null,"sumber":"pvmbg-lapangan","tipe":"Longsoran","desa":"Kutabima","kecamatan":"Cimanggu","kab_kode":"33.01","kab_nama":"Kabupaten Cilacap","provinsi":"Jawa Tengah"}},{"type":"Feature","geometry":{"type":"Point","coordinates":[108.8469,-7.2579]},"properties":{"id":"pvmbg:tanpa-doc-131:2022-03-31:0","tanggal":"2022-03-31","presisi_tanggal":"hari","waktu_utc":null,"sumber":"pvmbg-lapangan","tipe":"Longsoran","desa":"Kutabima","kecamatan":"Cimanggu","kab_kode":"33.01","kab_nama":"Kabupaten Cilacap","provinsi":"Jawa Tengah"}},{"type":"Feature","geometry":{"type":"Point","coordinates":[108.8493,-7.2571]},"properties":{"id":"pvmbg:tanpa-doc-132:2022-03-31:0","tanggal":"2022-03-31","presisi_tanggal":"hari","waktu_utc":null,"sumber":"pvmbg-lapangan","tipe":"Longsoran; Aliran Bahan Rombakan","desa":"Kutabima","kecamatan":"Cimanggu","kab_kode":"33.01","kab_nama":"Kabupaten Cilacap","provinsi":"Jawa Tengah"}},{"type":"Feature","geometry":{"type":"Point","coordinates":[108.8505,-7.258]},"properties":{"id":"pvmbg:tanpa-doc-133:2022-03-31:0","tanggal":"2022-03-31","presisi_tanggal":"hari","waktu_utc":null,"sumber":"pvmbg-lapangan","tipe":"Longsoran; Aliran Bahan Rombakan","desa":"Kutabima","kecamatan":"Cimanggu","kab_kode":"33.01","kab_nama":"Kabupaten Cilacap","provinsi":"Jawa Tengah"}},{"type":"Feature","geometry":{"type":"Point","coordinates":[108.0729,-7.0866]},"properties":{"id":"pvmbg:541_2022:2022-04-05:0","tanggal":"2022-04-05","presisi_tanggal":"hari","waktu_utc":null,"sumber":"pvmbg-lapangan","tipe":"Longsoran","desa":"Sanding","kecamatan":"Malangbong","kab_kode":"32.05","kab_nama":"Kabupaten Garut","provinsi":"Jawa Barat"}},{"type":"Feature","geometry":{"type":"Point","coordinates":[107.2562,-6.9307]},"properties":{"id":"pvmbg:405_2022:2022-04-14:0","tanggal":"2022-04-14","presisi_tanggal":"hari","waktu_utc":null,"sumber":"pvmbg-lapangan","tipe":"Longsoran","desa":"Sukaresmi","kecamatan":"Rongga","kab_kode":"32.17","kab_nama":"Kabupaten Bandung Barat","provinsi":"Jawa Barat"}},{"type":"Feature","geometry":{"type":"Point","coordinates":[107.2167,-6.9404]},"properties":{"id":"pvmbg:405_2022:2022-04-14:1","tanggal":"2022-04-14","presisi_tanggal":"hari","waktu_utc":null,"sumber":"pvmbg-lapangan","tipe":"Longsoran","desa":"Sukaresmi","kecamatan":"Rongga","kab_kode":"32.03","kab_nama":"Kabupaten Cianjur","provinsi":"Jawa Barat"}},{"type":"Feature","geometry":{"type":"Point","coordinates":[97.9015,3.3976]},"properties":{"id":"pvmbg:407_2022:2022-04-14:0","tanggal":"2022-04-14","presisi_tanggal":"hari","waktu_utc":null,"sumber":"pvmbg-lapangan","tipe":"Banjir Bandang","desa":"Lawe Beringin Gayo","kecamatan":"Semadam","kab_kode":"11.02","kab_nama":"Kabupaten Aceh Tenggara","provinsi":"Aceh"}},{"type":"Feature","geometry":{"type":"Point","coordinates":[107.9484,-6.8722]},"properties":{"id":"magma:CRS20220418164707","tanggal":"2022-04-18","presisi_tanggal":"hari","waktu_utc":"2022-04-17T17:35:00+00:00","sumber":"magma-tanggapan","tipe":null,"desa":"Cikondang","kecamatan":"Ganeas","kab_kode":"32.11","kab_nama":"Kabupaten Sumedang","provinsi":"Jawa Barat"}},{"type":"Feature","geometry":{"type":"Point","coordinates":[107.656,-7.439]},"properties":{"id":"pvmbg:288_2022:2022-04-20:0","tanggal":"2022-04-20","presisi_tanggal":"hari","waktu_utc":null,"sumber":"pvmbg-lapangan","tipe":"Longsoran","desa":"Panyindangan","kecamatan":"Pakenjeng","kab_kode":"32.05","kab_nama":"Kabupaten Garut","provinsi":"Jawa Barat"}},{"type":"Feature","geometry":{"type":"Point","coordinates":[122.6842,0.8025]},"properties":{"id":"magma:CRS20220506155237","tanggal":"2022-05-05","presisi_tanggal":"hari","waktu_utc":"2022-05-04T18:01:00+00:00","sumber":"magma-tanggapan","tipe":null,"desa":"Huyula","kecamatan":"Mootilango","kab_kode":"75.01","kab_nama":"Kabupaten Gorontalo","provinsi":"Gorontalo"}},{"type":"Feature","geometry":{"type":"Point","coordinates":[109.8101,-7.2954]},"properties":{"id":"magma:CRS20220507091105","tanggal":"2022-05-05","presisi_tanggal":"hari","waktu_utc":"2022-05-05T10:19:00+00:00","sumber":"magma-tanggapan","tipe":null,"desa":"Pagentan","kecamatan":"Pagentan","kab_kode":"33.04","kab_nama":"Kabupaten Banjarnegara","provinsi":"Jawa Tengah"}},{"type":"Feature","geometry":{"type":"Point","coordinates":[119.3231,-3.063]},"properties":{"id":"magma:CRS20220507105920","tanggal":"2022-05-06","presisi_tanggal":"hari","waktu_utc":"2022-05-06T14:30:00+00:00","sumber":"magma-tanggapan","tipe":null,"desa":"Tamalantik","kecamatan":"Tanduk Kalua","kab_kode":"76.03","kab_nama":"Kabupaten Mamasa","provinsi":"Sulawesi Barat"}},{"type":"Feature","geometry":{"type":"Point","coordinates":[107.1623,-7.2368]},"properties":{"id":"pvmbg:12_2022:2022-05-08:0","tanggal":"2022-05-08","presisi_tanggal":"hari","waktu_utc":null,"sumber":"pvmbg-lapangan","tipe":"Aliran Bahan Rombakan","desa":"Kubang","kecamatan":"Pasir Kuda","kab_kode":"32.03","kab_nama":"Kabupaten Cianjur","provinsi":"Jawa Barat"}},{"type":"Feature","geometry":{"type":"Point","coordinates":[107.0794,-6.7956]},"properties":{"id":"pvmbg:579_2022:2022-05-08:0","tanggal":"2022-05-08","presisi_tanggal":"hari","waktu_utc":null,"sumber":"pvmbg-lapangan","tipe":"Longsoran","desa":"Cijedil","kecamatan":"Cugenang","kab_kode":"32.03","kab_nama":"Kabupaten Cianjur","provinsi":"Jawa Barat"}},{"type":"Feature","geometry":{"type":"Point","coordinates":[107.0956,-6.7989]},"properties":{"id":"pvmbg:579_2022:2022-05-08:1","tanggal":"2022-05-08","presisi_tanggal":"hari","waktu_utc":null,"sumber":"pvmbg-lapangan","tipe":"Longsoran","desa":"Cijedil","kecamatan":"Cugenang","kab_kode":"32.03","kab_nama":"Kabupaten Cianjur","provinsi":"Jawa Barat"}},{"type":"Feature","geometry":{"type":"Point","coordinates":[107.0953,-6.833]},"properties":{"id":"pvmbg:579_2022:2022-05-08:2","tanggal":"2022-05-08","presisi_tanggal":"hari","waktu_utc":null,"sumber":"pvmbg-lapangan","tipe":"Longsoran","desa":"Nagrak","kecamatan":"Cianjur","kab_kode":"32.03","kab_nama":"Kabupaten Cianjur","provinsi":"Jawa Barat"}},{"type":"Feature","geometry":{"type":"Point","coordinates":[119.4859,-3.303]},"properties":{"id":"pvmbg:283_2022:2022-05-10:0","tanggal":"2022-05-10","presisi_tanggal":"hari","waktu_utc":null,"sumber":"pvmbg-lapangan","tipe":"Rayapan; Longsoran","desa":"Suppirang","kecamatan":"Lembang","kab_kode":"73.15","kab_nama":"Kabupaten Pinrang","provinsi":"Sulawesi Selatan"}},{"type":"Feature","geometry":{"type":"Point","coordinates":[124.5734,1.1868]},"properties":{"id":"pvmbg:341_2022:2022-05-15:0","tanggal":"2022-05-15","presisi_tanggal":"hari","waktu_utc":null,"sumber":"pvmbg-lapangan","tipe":"Longsoran","desa":"Bitung","kecamatan":"Amurang","kab_kode":"71.05","kab_nama":"Kabupaten Minahasa Selatan","provinsi":"Sulawesi Utara"}},{"type":"Feature","geometry":{"type":"Point","coordinates":[109.05,-7.248]},"properties":{"id":"pvmbg:233_2022:2022-05-17:0","tanggal":"2022-05-17","presisi_tanggal":"hari","waktu_utc":null,"sumber":"pvmbg-lapangan","tipe":"Amblasan; Retakan","desa":"Cilibur","kecamatan":"Paguyangan","kab_kode":"33.29","kab_nama":"Kabupaten Brebes","provinsi":"Jawa Tengah"}},{"type":"Feature","geometry":{"type":"Point","coordinates":[107.4167,-6.8704]},"properties":{"id":"pvmbg:404_2022:2022-05-20:0","tanggal":"2022-05-20","presisi_tanggal":"hari","waktu_utc":null,"sumber":"pvmbg-lapangan","tipe":"Amblasan","desa":"Cikande","kecamatan":"Saguling","kab_kode":"32.17","kab_nama":"Kabupaten Bandung Barat","provinsi":"Jawa Barat"}},{"type":"Feature","geometry":{"type":"Point","coordinates":[124.574,1.1849]},"properties":{"id":"magma:CRS20220615214200","tanggal":"2022-06-15","presisi_tanggal":"hari","waktu_utc":"2022-06-15T08:38:00+00:00","sumber":"magma-tanggapan","tipe":null,"desa":"Uwuran Satu","kecamatan":"Amurang","kab_kode":"71.05","kab_nama":"Kabupaten Minahasa Selatan","provinsi":"Sulawesi Utara"}},{"type":"Feature","geometry":{"type":"Point","coordinates":[109.1486,-7.0431]},"properties":{"id":"pvmbg:26_2023:2022-07-06:0","tanggal":"2022-07-06","presisi_tanggal":"hari","waktu_utc":null,"sumber":"pvmbg-lapangan","tipe":"Longsoran bahan rombakan","desa":"Kajen","kecamatan":"Lebaksiu","kab_kode":"33.28","kab_nama":"Kabupaten Tegal","provinsi":"Jawa Tengah"}},{"type":"Feature","geometry":{"type":"Point","coordinates":[106.9713,-7.2337]},"properties":{"id":"pvmbg:32_2022:2022-07-15:0","tanggal":"2022-07-15","presisi_tanggal":"hari","waktu_utc":null,"sumber":"pvmbg-lapangan","tipe":"Rayapan","desa":"Mekartanjung","kecamatan":"Curugkembar","kab_kode":"32.02","kab_nama":"Kabupaten Sukabumi","provinsi":"Jawa Barat"}},{"type":"Feature","geometry":{"type":"Point","coordinates":[106.9713,-7.2337]},"properties":{"id":"pvmbg:32_2023:2022-07-15:0","tanggal":"2022-07-15","presisi_tanggal":"hari","waktu_utc":null,"sumber":"pvmbg-lapangan","tipe":"Rayapan","desa":"Mekartanjung","kecamatan":"Curugkembar","kab_kode":"32.02","kab_nama":"Kabupaten Sukabumi","provinsi":"Jawa Barat"}},{"type":"Feature","geometry":{"type":"Point","coordinates":[107.9329,-7.4629]},"properties":{"id":"pvmbg:143_2022:2022-08-01:0","tanggal":"2022-08-01","presisi_tanggal":"bulan","waktu_utc":null,"sumber":"pvmbg-lapangan","tipe":"Longsoran","desa":"Pancasura","kecamatan":"Singajaya","kab_kode":"32.05","kab_nama":"Kabupaten Garut","provinsi":"Jawa Barat"}},{"type":"Feature","geometry":{"type":"Point","coordinates":[108.2133,-7.523]},"properties":{"id":"pvmbg:543_2022:2022-08-24:0","tanggal":"2022-08-24","presisi_tanggal":"hari","waktu_utc":null,"sumber":"pvmbg-lapangan","tipe":"Longsoran","desa":"Kersagalih","kecamatan":"Jatiwaras","kab_kode":"32.06","kab_nama":"Kabupaten Tasikmalaya","provinsi":"Jawa Barat"}},{"type":"Feature","geometry":{"type":"Point","coordinates":[108.2256,-7.5415]},"properties":{"id":"pvmbg:543_2022:2022-08-24:1","tanggal":"2022-08-24","presisi_tanggal":"hari","waktu_utc":null,"sumber":"pvmbg-lapangan","tipe":"Longsoran","desa":"Mandalamekar","kecamatan":"Jatiwaras","kab_kode":"32.06","kab_nama":"Kabupaten Tasikmalaya","provinsi":"Jawa Barat"}},{"type":"Feature","geometry":{"type":"Point","coordinates":[108.237,-7.5562]},"properties":{"id":"pvmbg:543_2022:2022-08-24:2","tanggal":"2022-08-24","presisi_tanggal":"hari","waktu_utc":null,"sumber":"pvmbg-lapangan","tipe":"Longsoran","desa":"Mandalahurip","kecamatan":"Jatiwaras","kab_kode":"32.06","kab_nama":"Kabupaten Tasikmalaya","provinsi":"Jawa Barat"}},{"type":"Feature","geometry":{"type":"Point","coordinates":[108.1972,-7.4926]},"properties":{"id":"pvmbg:543_2022:2022-08-24:3","tanggal":"2022-08-24","presisi_tanggal":"hari","waktu_utc":null,"sumber":"pvmbg-lapangan","tipe":"Rayapan","desa":"Papayan","kecamatan":"Jatiwaras","kab_kode":"32.06","kab_nama":"Kabupaten Tasikmalaya","provinsi":"Jawa Barat"}},{"type":"Feature","geometry":{"type":"Point","coordinates":[119.9271,-3.6477]},"properties":{"id":"pvmbg:25_2022:2022-08-30:0","tanggal":"2022-08-30","presisi_tanggal":"hari","waktu_utc":null,"sumber":"pvmbg-lapangan","tipe":"Retakan","desa":"Malwa","kecamatan":"Enrekang","kab_kode":"73.16","kab_nama":"Kabupaten Enrekang","provinsi":"Sulawesi Selatan"}},{"type":"Feature","geometry":{"type":"Point","coordinates":[108.2081,-7.4783]},"properties":{"id":"pvmbg:572_2022:2022-09-01:0","tanggal":"2022-09-01","presisi_tanggal":"bulan","waktu_utc":null,"sumber":"pvmbg-lapangan","tipe":"Retakan","desa":"Papayan","kecamatan":"Jatiwaras","kab_kode":"32.06","kab_nama":"Kabupaten Tasikmalaya","provinsi":"Jawa Barat"}},{"type":"Feature","geometry":{"type":"Point","coordinates":[108.1,-7.5982]},"properties":{"id":"pvmbg:573_2022:2022-09-01:0","tanggal":"2022-09-01","presisi_tanggal":"bulan","waktu_utc":null,"sumber":"pvmbg-lapangan","tipe":"Amblasan; Retakan","desa":"Parakanhoje","kecamatan":"Bantarkalong","kab_kode":"32.06","kab_nama":"Kabupaten Tasikmalaya","provinsi":"Jawa Barat"}},{"type":"Feature","geometry":{"type":"Point","coordinates":[108.0709,-7.5703]},"properties":{"id":"pvmbg:573_2022:2022-09-01:1","tanggal":"2022-09-01","presisi_tanggal":"bulan","waktu_utc":null,"sumber":"pvmbg-lapangan","tipe":"Longsoran","desa":"Pamijahan","kecamatan":"Bantarkalong","kab_kode":"32.06","kab_nama":"Kabupaten Tasikmalaya","provinsi":"Jawa Barat"}},{"type":"Feature","geometry":{"type":"Point","coordinates":[106.9049,-6.6243]},"properties":{"id":"pvmbg:542_2022:2022-09-14:0","tanggal":"2022-09-14","presisi_tanggal":"hari","waktu_utc":null,"sumber":"pvmbg-lapangan","tipe":"Rayapan","desa":"Bojong Koneng","kecamatan":"Babakan Madang","kab_kode":"32.01","kab_nama":"Kabupaten Bogor","provinsi":"Jawa Barat"}},{"type":"Feature","geometry":{"type":"Point","coordinates":[107.9311,-7.5809]},"properties":{"id":"pvmbg:10_2022:2022-09-22:0","tanggal":"2022-09-22","presisi_tanggal":"hari","waktu_utc":null,"sumber":"pvmbg-lapangan","tipe":"Rayapan","desa":"Sukanagara","kecamatan":"Peundey","kab_kode":"32.05","kab_nama":"Kabupaten Garut","provinsi":"Jawa Barat"}},{"type":"Feature","geometry":{"type":"Point","coordinates":[107.9311,-7.5809]},"properties":{"id":"pvmbg:10_2023:2022-09-22:0","tanggal":"2022-09-22","presisi_tanggal":"hari","waktu_utc":null,"sumber":"pvmbg-lapangan","tipe":"Retakan","desa":"Sukanagara","kecamatan":"Peundeuy","kab_kode":"32.05","kab_nama":"Kabupaten Garut","provinsi":"Jawa Barat"}},{"type":"Feature","geometry":{"type":"Point","coordinates":[107.7598,-7.5607]},"properties":{"id":"pvmbg:258_2022:2022-09-22:0","tanggal":"2022-09-22","presisi_tanggal":"hari","waktu_utc":null,"sumber":"pvmbg-lapangan","tipe":"Amblasan; Retakan","desa":"Panyindangan","kecamatan":"Cisompet","kab_kode":"32.05","kab_nama":"Kabupaten Garut","provinsi":"Jawa Barat"}},{"type":"Feature","geometry":{"type":"Point","coordinates":[107.8879,-7.4721]},"properties":{"id":"pvmbg:296_2022:2022-09-22:0","tanggal":"2022-09-22","presisi_tanggal":"hari","waktu_utc":null,"sumber":"pvmbg-lapangan","tipe":"Amblasan; Retakan","desa":"Girimukti","kecamatan":"Singajaya","kab_kode":"32.05","kab_nama":"Kabupaten Garut","provinsi":"Jawa Barat"}},{"type":"Feature","geometry":{"type":"Point","coordinates":[107.794,-7.535]},"properties":{"id":"pvmbg:82_2022:2022-09-28:0","tanggal":"2022-09-28","presisi_tanggal":"hari","waktu_utc":null,"sumber":"pvmbg-lapangan","tipe":"Rayapan","desa":"Sindangsari","kecamatan":"Cismopet","kab_kode":"32.05","kab_nama":"Kabupaten Garut","provinsi":"Jawa Barat"}},{"type":"Feature","geometry":{"type":"Point","coordinates":[107.9395,-7.4582]},"properties":{"id":"pvmbg:143_2022:2022-10-01:0","tanggal":"2022-10-01","presisi_tanggal":"bulan","waktu_utc":null,"sumber":"pvmbg-lapangan","tipe":"Longsoran","desa":"Pancasura","kecamatan":"Singajaya","kab_kode":"32.05","kab_nama":"Kabupaten Garut","provinsi":"Jawa Barat"}},{"type":"Feature","geometry":{"type":"Point","coordinates":[109.0572,-7.2246]},"properties":{"id":"pvmbg:161_2022:2022-10-01:0","tanggal":"2022-10-01","presisi_tanggal":"bulan","waktu_utc":null,"sumber":"pvmbg-lapangan","tipe":"Rayapan; Amblasan","desa":"Plompong","kecamatan":"Sirampog","kab_kode":"33.29","kab_nama":"Kabupaten Brebes","provinsi":"Jawa Tengah"}},{"type":"Feature","geometry":{"type":"Point","coordinates":[109.0683,-7.3947]},"properties":{"id":"pvmbg:164_2022:2022-10-01:0","tanggal":"2022-10-01","presisi_tanggal":"bulan","waktu_utc":null,"sumber":"pvmbg-lapangan","tipe":"Longsoran; Rayapan","desa":"Ciberung","kecamatan":"Ajibarang","kab_kode":"33.02","kab_nama":"Kabupaten Banyumas","provinsi":"Jawa Tengah"}},{"type":"Feature","geometry":{"type":"Point","coordinates":[109.3453,-7.5785]},"properties":{"id":"pvmbg:43_2022:2022-10-01:0","tanggal":"2022-10-01","presisi_tanggal":"bulan","waktu_utc":null,"sumber":"pvmbg-lapangan","tipe":"Amblasan; Retakan","desa":"Ketanda","kecamatan":"Sumpiuh","kab_kode":"33.02","kab_nama":"Kabupaten Banyumas","provinsi":"Jawa Tengah"}},{"type":"Feature","geometry":{"type":"Point","coordinates":[109.3454,-7.5282]},"properties":{"id":"pvmbg:43_2022:2022-10-01:1","tanggal":"2022-10-01","presisi_tanggal":"bulan","waktu_utc":null,"sumber":"pvmbg-lapangan","tipe":"Amblasan; Retakan","desa":"Ketanda","kecamatan":"Sumpiuh","kab_kode":"33.02","kab_nama":"Kabupaten Banyumas","provinsi":"Jawa Tengah"}},{"type":"Feature","geometry":{"type":"Point","coordinates":[109.1197,-7.4703]},"properties":{"id":"pvmbg:44_2022:2022-10-01:0","tanggal":"2022-10-01","presisi_tanggal":"bulan","waktu_utc":null,"sumber":"pvmbg-lapangan","tipe":"Amblasan; Retakan","desa":"Kaliwangi","kecamatan":"Purwojati","kab_kode":"33.02","kab_nama":"Kabupaten Banyumas","provinsi":"Jawa Tengah"}},{"type":"Feature","geometry":{"type":"Point","coordinates":[109.0318,-7.383]},"properties":{"id":"pvmbg:46_2022:2022-10-01:0","tanggal":"2022-10-01","presisi_tanggal":"bulan","waktu_utc":null,"sumber":"pvmbg-lapangan","tipe":"Rayapan; Retakan","desa":"Kedungurang","kecamatan":"Gumelar","kab_kode":"33.02","kab_nama":"Kabupaten Banyumas","provinsi":"Jawa Tengah"}},{"type":"Feature","geometry":{"type":"Point","coordinates":[109.4549,-7.71]},"properties":{"id":"pvmbg:145_2022:2022-10-07:0","tanggal":"2022-10-07","presisi_tanggal":"hari","waktu_utc":null,"sumber":"pvmbg-lapangan","tipe":"Longsoran","desa":"Watukelir","kecamatan":"Ayah","kab_kode":"33.05","kab_nama":"Kabupaten Kebumen","provinsi":"Jawa Tengah"}},{"type":"Feature","geometry":{"type":"Point","coordinates":[106.8922,-7.0996]},"properties":{"id":"pvmbg:152_2022:2022-10-07:0","tanggal":"2022-10-07","presisi_tanggal":"hari","waktu_utc":null,"sumber":"pvmbg-lapangan","tipe":"Retakan","desa":"Purabaya","kecamatan":"Purabaya","kab_kode":"32.02","kab_nama":"Kabupaten Sukabumi","provinsi":"Jawa Barat"}},{"type":"Feature","geometry":{"type":"Point","coordinates":[106.9311,-7.0216]},"properties":{"id":"pvmbg:153_2022:2022-10-07:0","tanggal":"2022-10-07","presisi_tanggal":"hari","waktu_utc":null,"sumber":"pvmbg-lapangan","tipe":"Retakan","desa":"Kertaangsana","kecamatan":"Nyailindung","kab_kode":"32.02","kab_nama":"Kabupaten Sukabumi","provinsi":"Jawa Barat"}},{"type":"Feature","geometry":{"type":"Point","coordinates":[106.9121,-7.1829]},"properties":{"id":"pvmbg:29_2022:2022-10-07:0","tanggal":"2022-10-07","presisi_tanggal":"hari","waktu_utc":null,"sumber":"pvmbg-lapangan","tipe":"Longsoran","desa":"Cibitung","kecamatan":"Sagaranten","kab_kode":"32.02","kab_nama":"Kabupaten Sukabumi","provinsi":"Jawa Barat"}},{"type":"Feature","geometry":{"type":"Point","coordinates":[106.9121,-7.1829]},"properties":{"id":"pvmbg:29_2023:2022-10-07:0","tanggal":"2022-10-07","presisi_tanggal":"hari","waktu_utc":null,"sumber":"pvmbg-lapangan","tipe":"Longsoran","desa":"Cibitung","kecamatan":"Sagaranten","kab_kode":"32.02","kab_nama":"Kabupaten Sukabumi","provinsi":"Jawa Barat"}},{"type":"Feature","geometry":{"type":"Point","coordinates":[109.6044,-7.5239]},"properties":{"id":"pvmbg:108_2022:2022-10-08:0","tanggal":"2022-10-08","presisi_tanggal":"hari","waktu_utc":null,"sumber":"pvmbg-lapangan","tipe":"Longsoran","desa":"Glontor","kecamatan":"Karangayam","kab_kode":"33.05","kab_nama":"Kabupaten Kebumen","provinsi":"Jawa Tengah"}},{"type":"Feature","geometry":{"type":"Point","coordinates":[109.762,-7.607]},"properties":{"id":"pvmbg:83_2022:2022-10-08:0","tanggal":"2022-10-08","presisi_tanggal":"hari","waktu_utc":null,"sumber":"pvmbg-lapangan","tipe":"Longsoran","desa":"Kaliputih","kecamatan":"Alian","kab_kode":"33.05","kab_nama":"Kabupaten Kebumen","provinsi":"Jawa Tengah"}},{"type":"Feature","geometry":{"type":"Point","coordinates":[109.7844,-7.6139]},"properties":{"id":"pvmbg:84_2022:2022-10-08:0","tanggal":"2022-10-08","presisi_tanggal":"hari","waktu_utc":null,"sumber":"pvmbg-lapangan","tipe":"Longsoran","desa":"Sendangdalem","kecamatan":"Padureso","kab_kode":"33.05","kab_nama":"Kabupaten Kebumen","provinsi":"Jawa Tengah"}},{"type":"Feature","geometry":{"type":"Point","coordinates":[109.723,-7.5746]},"properties":{"id":"pvmbg:85_2022:2022-10-08:0","tanggal":"2022-10-08","presisi_tanggal":"hari","waktu_utc":null,"sumber":"pvmbg-lapangan","tipe":"Longsoran","desa":"Wadasmalang","kecamatan":"Karangsambung","kab_kode":"33.05","kab_nama":"Kabupaten Kebumen","provinsi":"Jawa Tengah"}},{"type":"Feature","geometry":{"type":"Point","coordinates":[112.0699,-8.2942]},"properties":{"id":"pvmbg:86_2022:2022-10-08:0","tanggal":"2022-10-08","presisi_tanggal":"hari","waktu_utc":null,"sumber":"pvmbg-lapangan","tipe":"Rayapan; Retakan","desa":"Bululawang","kecamatan":"Bakung","kab_kode":"35.05","kab_nama":"Kabupaten Blitar","provinsi":"Jawa Timur"}},{"type":"Feature","geometry":{"type":"Point","coordinates":[109.6622,-7.5816]},"properties":{"id":"pvmbg:94_2022:2022-10-08:0","tanggal":"2022-10-08","presisi_tanggal":"hari","waktu_utc":null,"sumber":"pvmbg-lapangan","tipe":"Longsoran","desa":"Peniron","kecamatan":"Pejagoan","kab_kode":"33.05","kab_nama":"Kabupaten Kebumen","provinsi":"Jawa Tengah"}},{"type":"Feature","geometry":{"type":"Point","coordinates":[109.0231,-7.2899]},"properties":{"id":"pvmbg:162_2022:2022-10-10:0","tanggal":"2022-10-10","presisi_tanggal":"hari","waktu_utc":null,"sumber":"pvmbg-lapangan","tipe":"Longsoran; Retakan; Amblasan","desa":"Taraban","kecamatan":"Paguyangan","kab_kode":"33.29","kab_nama":"Kabupaten Brebes","provinsi":"Jawa Tengah"}},{"type":"Feature","geometry":{"type":"Point","coordinates":[119.8479,-3.5837]},"properties":{"id":"pvmbg:24_2022:2022-10-10:0","tanggal":"2022-10-10","presisi_tanggal":"hari","waktu_utc":null,"sumber":"pvmbg-lapangan","tipe":"Longsoran","desa":"Ranga","kecamatan":"Enrekang","kab_kode":"73.16","kab_nama":"Kabupaten Enrekang","provinsi":"Sulawesi Selatan"}},{"type":"Feature","geometry":{"type":"Point","coordinates":[110.2333,-7.6426]},"properties":{"id":"magma:CRS20221013055640","tanggal":"2022-10-11","presisi_tanggal":"hari","waktu_utc":"2022-10-11T06:00:00+00:00","sumber":"magma-tanggapan","tipe":null,"desa":"Kenalan","kecamatan":"Borobudur","kab_kode":"33.08","kab_nama":"Kabupaten Magelang","provinsi":"Jawa Tengah"}},{"type":"Feature","geometry":{"type":"Point","coordinates":[119.0766,-2.6106]},"properties":{"id":"pvmbg:159_2022:2022-10-11:0","tanggal":"2022-10-11","presisi_tanggal":"hari","waktu_utc":null,"sumber":"pvmbg-lapangan","tipe":"Aliran Bahan Rombakan","desa":"Pammulukang","kecamatan":"Kalukku","kab_kode":"76.02","kab_nama":"Kabupaten Mamuju","provinsi":"Sulawesi Barat"}},{"type":"Feature","geometry":{"type":"Point","coordinates":[106.7861,-6.5936]},"properties":{"id":"pvmbg:23_2022:2022-10-12:0","tanggal":"2022-10-12","presisi_tanggal":"hari","waktu_utc":null,"sumber":"pvmbg-lapangan","tipe":"Longsoran","desa":"Kebon Kalapa","kecamatan":"Bogor Tengah","kab_kode":"32.71","kab_nama":"Kota Bogor","provinsi":"Jawa Barat"}},{"type":"Feature","geometry":{"type":"Point","coordinates":[109.4417,-7.5475]},"properties":{"id":"pvmbg:146_2022:2022-10-13:0","tanggal":"2022-10-13","presisi_tanggal":"hari","waktu_utc":null,"sumber":"pvmbg-lapangan","tipe":"Longsoran","desa":"Wonoharjo","kecamatan":"Rowokele","kab_kode":"33.05","kab_nama":"Kabupaten Kebumen","provinsi":"Jawa Tengah"}},{"type":"Feature","geometry":{"type":"Point","coordinates":[108.9649,-7.3282]},"properties":{"id":"pvmbg:163_2022:2022-10-13:0","tanggal":"2022-10-13","presisi_tanggal":"hari","waktu_utc":null,"sumber":"pvmbg-lapangan","tipe":"Rayapan; Amblasan","desa":"Cinanas","kecamatan":"Bantarkawung","kab_kode":"33.29","kab_nama":"Kabupaten Brebes","provinsi":"Jawa Tengah"}},{"type":"Feature","geometry":{"type":"Point","coordinates":[108.1427,-7.3038]},"properties":{"id":"pvmbg:163_2022:2022-10-13:1","tanggal":"2022-10-13","presisi_tanggal":"hari","waktu_utc":null,"sumber":"pvmbg-lapangan","tipe":"Longsoran; Retakan; Amblasan","desa":"Cinanas","kecamatan":"Bantarkawung","kab_kode":"32.06","kab_nama":"Kabupaten Tasikmalaya","provinsi":"Jawa Barat"}},{"type":"Feature","geometry":{"type":"Point","coordinates":[109.1587,-7.4326]},"properties":{"id":"pvmbg:45_2022:2022-10-13:0","tanggal":"2022-10-13","presisi_tanggal":"hari","waktu_utc":null,"sumber":"pvmbg-lapangan","tipe":"Amblasan; Retakan","desa":"Jatisaba","kecamatan":"Cilongaok","kab_kode":"33.02","kab_nama":"Kabupaten Banyumas","provinsi":"Jawa Tengah"}},{"type":"Feature","geometry":{"type":"Point","coordinates":[109.2219,-7.5479]},"properties":{"id":"pvmbg:47_2022:2022-10-13:0","tanggal":"2022-10-13","presisi_tanggal":"hari","waktu_utc":null,"sumber":"pvmbg-lapangan","tipe":"Rayapan; Retakan","desa":"Kalisalak","kecamatan":"Kebasen","kab_kode":"33.02","kab_nama":"Kabupaten Banyumas","provinsi":"Jawa Tengah"}},{"type":"Feature","geometry":{"type":"Point","coordinates":[111.3808,-8.2417]},"properties":{"id":"pvmbg:226_2023:2022-10-14:0","tanggal":"2022-10-14","presisi_tanggal":"hari","waktu_utc":null,"sumber":"pvmbg-lapangan","tipe":"Retakan","desa":"Sukorejo","kecamatan":"Sudimoro","kab_kode":"35.01","kab_nama":"Kabupaten Pacitan","provinsi":"Jawa Timur"}},{"type":"Feature","geometry":{"type":"Point","coordinates":[109.738,-7.309]},"properties":{"id":"pvmbg:151_2022:2022-10-16:0","tanggal":"2022-10-16","presisi_tanggal":"hari","waktu_utc":null,"sumber":"pvmbg-lapangan","tipe":"Longsoran","desa":"Suwidak","kecamatan":"Wanayasa","kab_kode":"33.04","kab_nama":"Kabupaten Banjarnegara","provinsi":"Jawa Tengah"}},{"type":"Feature","geometry":{"type":"Point","coordinates":[109.8371,-7.2379]},"properties":{"id":"pvmbg:158_2022:2022-10-16:0","tanggal":"2022-10-16","presisi_tanggal":"hari","waktu_utc":null,"sumber":"pvmbg-lapangan","tipe":"Longsoran","desa":"Sidengok","kecamatan":"Pejawaran","kab_kode":"33.04","kab_nama":"Kabupaten Banjarnegara","provinsi":"Jawa Tengah"}},{"type":"Feature","geometry":{"type":"Point","coordinates":[109.5828,-7.3797]},"properties":{"id":"pvmbg:160_2022:2022-10-16:0","tanggal":"2022-10-16","presisi_tanggal":"hari","waktu_utc":null,"sumber":"pvmbg-lapangan","tipe":"Amblasan; Retakan","desa":"Sawangan","kecamatan":"Punggelan","kab_kode":"33.04","kab_nama":"Kabupaten Banjarnegara","provinsi":"Jawa Tengah"}},{"type":"Feature","geometry":{"type":"Point","coordinates":[109.6481,-7.2946]},"properties":{"id":"pvmbg:160_2022:2022-10-16:1","tanggal":"2022-10-16","presisi_tanggal":"hari","waktu_utc":null,"sumber":"pvmbg-lapangan","tipe":"Longsoran","desa":"Tiaga","kecamatan":"Punggelan","kab_kode":"33.04","kab_nama":"Kabupaten Banjarnegara","provinsi":"Jawa Tengah"}},{"type":"Feature","geometry":{"type":"Point","coordinates":[109.0528,-7.2998]},"properties":{"id":"pvmbg:162_2022:2022-10-17:0","tanggal":"2022-10-17","presisi_tanggal":"hari","waktu_utc":null,"sumber":"pvmbg-lapangan","tipe":"Retakan","desa":"Wanatirta","kecamatan":"Paguyangan","kab_kode":"33.29","kab_nama":"Kabupaten Brebes","provinsi":"Jawa Tengah"}},{"type":"Feature","geometry":{"type":"Point","coordinates":[112.0477,-8.1893]},"properties":{"id":"pvmbg:98_2022:2022-10-17:0","tanggal":"2022-10-17","presisi_tanggal":"hari","waktu_utc":null,"sumber":"pvmbg-lapangan","tipe":"Retakan","desa":"Maron","kecamatan":"Kademangan","kab_kode":"35.05","kab_nama":"Kabupaten Blitar","provinsi":"Jawa Timur"}},{"type":"Feature","geometry":{"type":"Point","coordinates":[112.3031,-8.2782]},"properties":{"id":"pvmbg:104_2022:2022-10-18:0","tanggal":"2022-10-18","presisi_tanggal":"hari","waktu_utc":null,"sumber":"pvmbg-lapangan","tipe":"Retakan","desa":"Purworejo","kecamatan":"Wates","kab_kode":"35.05","kab_nama":"Kabupaten Blitar","provinsi":"Jawa Timur"}},{"type":"Feature","geometry":{"type":"Point","coordinates":[112.2923,-8.2693]},"properties":{"id":"pvmbg:107_2022:2022-10-18:0","tanggal":"2022-10-18","presisi_tanggal":"hari","waktu_utc":null,"sumber":"pvmbg-lapangan","tipe":"Rayapan","desa":"Balerejo","kecamatan":"Panggungrejo","kab_kode":"35.05","kab_nama":"Kabupaten Blitar","provinsi":"Jawa Timur"}},{"type":"Feature","geometry":{"type":"Point","coordinates":[112.2441,-8.2595]},"properties":{"id":"pvmbg:107_2022:2022-10-18:1","tanggal":"2022-10-18","presisi_tanggal":"hari","waktu_utc":null,"sumber":"pvmbg-lapangan","tipe":"Rayapan","desa":"Kalitengah","kecamatan":"Panggungrejo","kab_kode":"35.05","kab_nama":"Kabupaten Blitar","provinsi":"Jawa Timur"}},{"type":"Feature","geometry":{"type":"Point","coordinates":[111.6586,-7.8082]},"properties":{"id":"pvmbg:157_2022:2022-10-18:0","tanggal":"2022-10-18","presisi_tanggal":"hari","waktu_utc":null,"sumber":"pvmbg-lapangan","tipe":"Longsoran","desa":"Talun","kecamatan":"Ngebel","kab_kode":"35.02","kab_nama":"Kabupaten Ponorogo","provinsi":"Jawa Timur"}},{"type":"Feature","geometry":{"type":"Point","coordinates":[109.5547,-7.4779]},"properties":{"id":"pvmbg:23_2023:2022-10-18:0","tanggal":"2022-10-18","presisi_tanggal":"hari","waktu_utc":null,"sumber":"pvmbg-lapangan","tipe":"Longsoran","desa":"Karanganyar","kecamatan":"Purwanegara","kab_kode":"33.04","kab_nama":"Kabupaten Banjarnegara","provinsi":"Jawa Tengah"}},{"type":"Feature","geometry":{"type":"Point","coordinates":[111.6377,-7.9919]},"properties":{"id":"pvmbg:251_2022:2022-10-18:0","tanggal":"2022-10-18","presisi_tanggal":"hari","waktu_utc":null,"sumber":"pvmbg-lapangan","tipe":"Retakan; Longsoran","desa":"Tempuran","kecamatan":"Sawoo","kab_kode":"35.02","kab_nama":"Kabupaten Ponorogo","provinsi":"Jawa Timur"}},{"type":"Feature","geometry":{"type":"Point","coordinates":[120.2966,-8.6302]},"properties":{"id":"pvmbg:74_2022:2022-10-18:0","tanggal":"2022-10-18","presisi_tanggal":"hari","waktu_utc":null,"sumber":"pvmbg-lapangan","tipe":"Rayapan","desa":"Pong Ampu","kecamatan":"Lelak","kab_kode":"53.10","kab_nama":"Kabupaten Manggarai","provinsi":"Nusa Tenggara Timur"}},{"type":"Feature","geometry":{"type":"Point","coordinates":[120.4882,-8.5454]},"properties":{"id":"pvmbg:75_2022:2022-10-18:0","tanggal":"2022-10-18","presisi_tanggal":"hari","waktu_utc":null,"sumber":"pvmbg-lapangan","tipe":"Rayapan","desa":"Poco","kecamatan":"Wae Ri'i","kab_kode":"53.10","kab_nama":"Kabupaten Manggarai","provinsi":"Nusa Tenggara Timur"}},{"type":"Feature","geometry":{"type":"Point","coordinates":[111.5786,-7.9921]},"properties":{"id":"pvmbg:251_2022:2022-10-19:0","tanggal":"2022-10-19","presisi_tanggal":"hari","waktu_utc":null,"sumber":"pvmbg-lapangan","tipe":"Retakan; Longsoran","desa":"Sriti","kecamatan":"Sawoo","kab_kode":"35.02","kab_nama":"Kabupaten Ponorogo","provinsi":"Jawa Timur"}},{"type":"Feature","geometry":{"type":"Point","coordinates":[112.3364,-8.2391]},"properties":{"id":"pvmbg:97_2022:2022-10-19:0","tanggal":"2022-10-19","presisi_tanggal":"hari","waktu_utc":null,"sumber":"pvmbg-lapangan","tipe":"Longsoran","desa":"Binangun","kecamatan":"Binangun","kab_kode":"35.05","kab_nama":"Kabupaten Blitar","provinsi":"Jawa Timur"}},{"type":"Feature","geometry":{"type":"Point","coordinates":[109.095,-7.2162]},"properties":{"id":"pvmbg:161_2022:2022-10-20:0","tanggal":"2022-10-20","presisi_tanggal":"hari","waktu_utc":null,"sumber":"pvmbg-lapangan","tipe":"Rayapan; Amblasan","desa":"Sridadi","kecamatan":"Sirampog","kab_kode":"33.29","kab_nama":"Kabupaten Brebes","provinsi":"Jawa Tengah"}},{"type":"Feature","geometry":{"type":"Point","coordinates":[112.2335,-8.2588]},"properties":{"id":"pvmbg:107_2022:2022-10-25:0","tanggal":"2022-10-25","presisi_tanggal":"hari","waktu_utc":null,"sumber":"pvmbg-lapangan","tipe":"Retakan","desa":"Kalitengah","kecamatan":"Panggungrejo","kab_kode":"35.05","kab_nama":"Kabupaten Blitar","provinsi":"Jawa Timur"}},{"type":"Feature","geometry":{"type":"Point","coordinates":[109.313,-7.2347]},"properties":{"id":"pvmbg:18_2023:2022-10-25:0","tanggal":"2022-10-25","presisi_tanggal":"hari","waktu_utc":null,"sumber":"pvmbg-lapangan","tipe":"Longsoran","desa":"Siwarak","kecamatan":"Karangreja","kab_kode":"33.03","kab_nama":"Kabupaten Purbalingga","provinsi":"Jawa Tengah"}},{"type":"Feature","geometry":{"type":"Point","coordinates":[109.323,-7.2392]},"properties":{"id":"pvmbg:18_2023:2022-10-25:1","tanggal":"2022-10-25","presisi_tanggal":"hari","waktu_utc":null,"sumber":"pvmbg-lapangan","tipe":"Longsoran","desa":"Tlahab","kecamatan":"Karangreja","kab_kode":"33.03","kab_nama":"Kabupaten Purbalingga","provinsi":"Jawa Tengah"}},{"type":"Feature","geometry":{"type":"Point","coordinates":[109.3426,-7.226]},"properties":{"id":"pvmbg:18_2023:2022-10-25:2","tanggal":"2022-10-25","presisi_tanggal":"hari","waktu_utc":null,"sumber":"pvmbg-lapangan","tipe":"Longsoran","desa":"Karangreja","kecamatan":"Karangreja","kab_kode":"33.03","kab_nama":"Kabupaten Purbalingga","provinsi":"Jawa Tengah"}},{"type":"Feature","geometry":{"type":"Point","coordinates":[107.5078,-7.454]},"properties":{"id":"pvmbg:255_2022:2022-10-25:0","tanggal":"2022-10-25","presisi_tanggal":"hari","waktu_utc":null,"sumber":"pvmbg-lapangan","tipe":"Rayapan","desa":"Caringin","kecamatan":"Caringin","kab_kode":"32.05","kab_nama":"Kabupaten Garut","provinsi":"Jawa Barat"}},{"type":"Feature","geometry":{"type":"Point","coordinates":[107.6165,-7.4821]},"properties":{"id":"pvmbg:77_2022:2022-10-25:0","tanggal":"2022-10-25","presisi_tanggal":"hari","waktu_utc":null,"sumber":"pvmbg-lapangan","tipe":"Aliran Bahan Rombakan","desa":"Gunamekar","kecamatan":"Bungbulan","kab_kode":"32.05","kab_nama":"Kabupaten Garut","provinsi":"Jawa Barat"}},{"type":"Feature","geometry":{"type":"Point","coordinates":[107.8264,-7.4204]},"properties":{"id":"pvmbg:154_2023:2022-10-28:0","tanggal":"2022-10-28","presisi_tanggal":"hari","waktu_utc":null,"sumber":"pvmbg-lapangan","tipe":"Longsoran","desa":"Tanjungjaya","kecamatan":"Banjarwangi","kab_kode":"32.05","kab_nama":"Kabupaten Garut","provinsi":"Jawa Barat"}},{"type":"Feature","geometry":{"type":"Point","coordinates":[106.7396,-6.9095]},"properties":{"id":"pvmbg:19_2022:2022-11-07:0","tanggal":"2022-11-07","presisi_tanggal":"hari","waktu_utc":null,"sumber":"pvmbg-lapangan","tipe":"Rayapan","desa":"Neglasari","kecamatan":"Cibadak","kab_kode":"32.02","kab_nama":"Kabupaten Sukabumi","provinsi":"Jawa Barat"}},{"type":"Feature","geometry":{"type":"Point","coordinates":[106.7396,-6.9095]},"properties":{"id":"pvmbg:19_2023:2022-11-07:0","tanggal":"2022-11-07","presisi_tanggal":"hari","waktu_utc":null,"sumber":"pvmbg-lapangan","tipe":"Rayapan","desa":"Neglasari","kecamatan":"Cibadak","kab_kode":"32.02","kab_nama":"Kabupaten Sukabumi","provinsi":"Jawa Barat"}},{"type":"Feature","geometry":{"type":"Point","coordinates":[108.5154,-7.4479]},"properties":{"id":"pvmbg:252_2022:2022-11-07:0","tanggal":"2022-11-07","presisi_tanggal":"hari","waktu_utc":null,"sumber":"pvmbg-lapangan","tipe":"Rayapan; Amblasan","desa":"Neglasari","kecamatan":"Pamarican","kab_kode":"32.07","kab_nama":"Kabupaten Ciamis","provinsi":"Jawa Barat"}},{"type":"Feature","geometry":{"type":"Point","coordinates":[112.353,-7.7253]},"properties":{"id":"pvmbg:1503_2024:2022-11-11:0","tanggal":"2022-11-11","presisi_tanggal":"hari","waktu_utc":null,"sumber":"pvmbg-lapangan","tipe":null,"desa":null,"kecamatan":null,"kab_kode":"35.17","kab_nama":"Kabupaten Jombang","provinsi":"Jawa Timur"}},{"type":"Feature","geometry":{"type":"Point","coordinates":[109.9131,-7.5589]},"properties":{"id":"pvmbg:115_2022:2022-11-14:0","tanggal":"2022-11-14","presisi_tanggal":"hari","waktu_utc":null,"sumber":"pvmbg-lapangan","tipe":"Rayapan","desa":"Brondong","kecamatan":"Bruno","kab_kode":"33.06","kab_nama":"Kabupaten Purworejo","provinsi":"Jawa Tengah"}},{"type":"Feature","geometry":{"type":"Point","coordinates":[107.0799,-6.7957]},"properties":{"id":"magma:CRS20221122151100","tanggal":"2022-11-21","presisi_tanggal":"hari","waktu_utc":"2022-11-21T07:10:00+00:00","sumber":"magma-tanggapan","tipe":null,"desa":"Cijedil","kecamatan":"Cugenang","kab_kode":"32.03","kab_nama":"Kabupaten Cianjur","provinsi":"Jawa Barat"}},{"type":"Feature","geometry":{"type":"Point","coordinates":[108.3619,-7.11]},"properties":{"id":"pvmbg:253_2022:2022-11-25:0","tanggal":"2022-11-25","presisi_tanggal":"hari","waktu_utc":null,"sumber":"pvmbg-lapangan","tipe":"Longsoran","desa":"Indragiri","kecamatan":"Panawangan","kab_kode":"32.07","kab_nama":"Kabupaten Ciamis","provinsi":"Jawa Barat"}},{"type":"Feature","geometry":{"type":"Point","coordinates":[107.8346,-6.8662]},"properties":{"id":"pvmbg:100_2023:2022-11-27:0","tanggal":"2022-11-27","presisi_tanggal":"hari","waktu_utc":null,"sumber":"pvmbg-lapangan","tipe":"Rayapan","desa":"Cigendel","kecamatan":"Pamulihan","kab_kode":"32.11","kab_nama":"Kabupaten Sumedang","provinsi":"Jawa Barat"}},{"type":"Feature","geometry":{"type":"Point","coordinates":[107.8731,-6.8677]},"properties":{"id":"pvmbg:97_2023:2022-11-27:0","tanggal":"2022-11-27","presisi_tanggal":"hari","waktu_utc":null,"sumber":"pvmbg-lapangan","tipe":"Longsoran","desa":"Ciherang","kecamatan":"Sumedang Selatan","kab_kode":"32.11","kab_nama":"Kabupaten Sumedang","provinsi":"Jawa Barat"}},{"type":"Feature","geometry":{"type":"Point","coordinates":[118.923,-3.497]},"properties":{"id":"pvmbg:157_2023:2022-12-01:0","tanggal":"2022-12-01","presisi_tanggal":"bulan","waktu_utc":null,"sumber":"pvmbg-lapangan","tipe":"Rayapan","desa":"Simbang","kecamatan":"Pamboang","kab_kode":"76.05","kab_nama":"Kabupaten Majene","provinsi":"Sulawesi Barat"}},{"type":"Feature","geometry":{"type":"Point","coordinates":[108.5834,-7.1114]},"properties":{"id":"pvmbg:93_2023:2022-12-02:0","tanggal":"2022-12-02","presisi_tanggal":"hari","waktu_utc":null,"sumber":"pvmbg-lapangan","tipe":"Longsoran","desa":"Patala","kecamatan":"Cilebak","kab_kode":"32.08","kab_nama":"Kabupaten Kuningan","provinsi":"Jawa Barat"}},{"type":"Feature","geometry":{"type":"Point","coordinates":[108.4963,-7.0495]},"properties":{"id":"magma:CRS20230125113834","tanggal":"2022-12-08","presisi_tanggal":"hari","waktu_utc":"2022-12-08T09:37:00+00:00","sumber":"magma-tanggapan+pvmbg-lapangan","tipe":"Rayapan","desa":"Cijemit","kecamatan":"Ciniru","kab_kode":"32.08","kab_nama":"Kabupaten Kuningan","provinsi":"Jawa Barat"}},{"type":"Feature","geometry":{"type":"Point","coordinates":[107.8855,-6.8433]},"properties":{"id":"pvmbg:95_2023:2022-12-12:0","tanggal":"2022-12-12","presisi_tanggal":"hari","waktu_utc":null,"sumber":"pvmbg-lapangan","tipe":"Rayapan; Retakan","desa":"Mulyasari","kecamatan":"Sumedang Utara","kab_kode":"32.11","kab_nama":"Kabupaten Sumedang","provinsi":"Jawa Barat"}},{"type":"Feature","geometry":{"type":"Point","coordinates":[107.8055,-6.9458]},"properties":{"id":"pvmbg:96_2023:2022-12-17:0","tanggal":"2022-12-17","presisi_tanggal":"hari","waktu_utc":null,"sumber":"pvmbg-lapangan","tipe":"Longsoran; Aliran Bahan Rombakan","desa":"Sawah Dadap","kecamatan":"Cimanggung","kab_kode":"32.11","kab_nama":"Kabupaten Sumedang","provinsi":"Jawa Barat"}},{"type":"Feature","geometry":{"type":"Point","coordinates":[109.7606,-7.3218]},"properties":{"id":"pvmbg:172_2023:2022-12-27:0","tanggal":"2022-12-27","presisi_tanggal":"hari","waktu_utc":null,"sumber":"pvmbg-lapangan","tipe":"Rayapan","desa":"Gumingsir","kecamatan":"Pagetan","kab_kode":"33.04","kab_nama":"Kabupaten Banjarnegara","provinsi":"Jawa Tengah"}},{"type":"Feature","geometry":{"type":"Point","coordinates":[106.6229,-6.9955]},"properties":{"id":"pvmbg:183_2023:2022-12-27:0","tanggal":"2022-12-27","presisi_tanggal":"hari","waktu_utc":null,"sumber":"pvmbg-lapangan","tipe":"Retakan","desa":"Pasirsuren","kecamatan":"Pelabuhanratu","kab_kode":"32.02","kab_nama":"Kabupaten Sukabumi","provinsi":"Jawa Barat"}},{"type":"Feature","geometry":{"type":"Point","coordinates":[111.1151,-7.7328]},"properties":{"id":"magma:CRS20221230160436","tanggal":"2022-12-29","presisi_tanggal":"hari","waktu_utc":"2022-12-28T20:00:00+00:00","sumber":"magma-tanggapan","tipe":null,"desa":"Wonokeling","kecamatan":"Jatiyoso","kab_kode":"33.13","kab_nama":"Kabupaten Karanganyar","provinsi":"Jawa Tengah"}},{"type":"Feature","geometry":{"type":"Point","coordinates":[112.4972,-7.867]},"properties":{"id":"magma:CRS20221230184308","tanggal":"2022-12-29","presisi_tanggal":"hari","waktu_utc":"2022-12-29T16:30:00+00:00","sumber":"magma-tanggapan","tipe":null,"desa":"Songgokerto","kecamatan":"Batu","kab_kode":"35.79","kab_nama":"Kota Batu","provinsi":"Jawa Timur"}},{"type":"Feature","geometry":{"type":"Point","coordinates":[106.907,-6.3248]},"properties":{"id":"magma:CRS20221231094709","tanggal":"2022-12-29","presisi_tanggal":"hari","waktu_utc":"2022-12-28T19:00:00+00:00","sumber":"magma-tanggapan","tipe":null,"desa":"Cilangkap","kecamatan":"Cipayung","kab_kode":"31.75","kab_nama":"Kota Administrasi Jakarta Timur","provinsi":"Daerah Khusus Ibukota Jakarta"}},{"type":"Feature","geometry":{"type":"Point","coordinates":[106.9208,-6.6811]},"properties":{"id":"magma:CRS20221231111139","tanggal":"2022-12-30","presisi_tanggal":"hari","waktu_utc":"2022-12-29T21:40:00+00:00","sumber":"magma-tanggapan","tipe":null,"desa":"Kopo","kecamatan":"Cisarua","kab_kode":"32.01","kab_nama":"Kabupaten Bogor","provinsi":"Jawa Barat"}},{"type":"Feature","geometry":{"type":"Point","coordinates":[118.9767,-3.5097]},"properties":{"id":"pvmbg:153_2023:2022-12-31:0","tanggal":"2022-12-31","presisi_tanggal":"tahun","waktu_utc":null,"sumber":"pvmbg-lapangan","tipe":"Rayapan; Nendatan","desa":"Tande","kecamatan":"Banggae Timur","kab_kode":"76.05","kab_nama":"Kabupaten Majene","provinsi":"Sulawesi Barat"}},{"type":"Feature","geometry":{"type":"Point","coordinates":[118.9718,-3.5142]},"properties":{"id":"pvmbg:156_2023:2022-12-31:0","tanggal":"2022-12-31","presisi_tanggal":"tahun","waktu_utc":null,"sumber":"pvmbg-lapangan","tipe":"Retakan","desa":"Galung","kecamatan":"Banggae","kab_kode":"76.05","kab_nama":"Kabupaten Majene","provinsi":"Sulawesi Barat"}},{"type":"Feature","geometry":{"type":"Point","coordinates":[106.7245,-6.1853]},"properties":{"id":"magma:CRS20230410113249","tanggal":"2023-01-01","presisi_tanggal":"hari","waktu_utc":"2023-01-01T10:00:00+00:00","sumber":"magma-tanggapan","tipe":null,"desa":"Kembangan Selatan","kecamatan":"Kembangan","kab_kode":"31.73","kab_nama":"Kota Administrasi Jakarta Barat","provinsi":"Daerah Khusus Ibukota Jakarta"}},{"type":"Feature","geometry":{"type":"Point","coordinates":[119.6272,-4.024]},"properties":{"id":"magma:CRS20230414094037","tanggal":"2023-01-09","presisi_tanggal":"hari","waktu_utc":"2023-01-09T09:24:00+00:00","sumber":"magma-tanggapan","tipe":null,"desa":"Tiro Sompe","kecamatan":"Bacukiki Barat","kab_kode":"73.72","kab_nama":"Kota Parepare","provinsi":"Sulawesi Selatan"}},{"type":"Feature","geometry":{"type":"Point","coordinates":[124.5518,-9.8518]},"properties":{"id":"magma:CRS20230110104109","tanggal":"2023-01-10","presisi_tanggal":"hari","waktu_utc":"2023-01-09T17:47:00+00:00","sumber":"magma-tanggapan","tipe":null,"desa":"Napi","kecamatan":"Kie","kab_kode":"53.02","kab_nama":"Kabupaten Timor Tengah Selatan","provinsi":"Nusa Tenggara Timur"}},{"type":"Feature","geometry":{"type":"Point","coordinates":[108.6,-7.114]},"properties":{"id":"magma:CRS20230126214336","tanggal":"2023-01-21","presisi_tanggal":"hari","waktu_utc":"2023-01-21T10:30:00+00:00","sumber":"magma-tanggapan+pvmbg-lapangan","tipe":"Longsoran","desa":"Patala","kecamatan":"Cilebak","kab_kode":"32.08","kab_nama":"Kabupaten Kuningan","provinsi":"Jawa Barat"}},{"type":"Feature","geometry":{"type":"Point","coordinates":[115.4177,-8.2204]},"properties":{"id":"magma:CRS20230414100237","tanggal":"2023-02-05","presisi_tanggal":"hari","waktu_utc":"2023-02-05T00:30:00+00:00","sumber":"magma-tanggapan","tipe":null,"desa":"Songan B","kecamatan":"Kintamani","kab_kode":"51.06","kab_nama":"Kabupaten Bangli","provinsi":"Bali"}},{"type":"Feature","geometry":{"type":"Point","coordinates":[116.2971,-8.2493]},"properties":{"id":"magma:CRS20230414110009","tanggal":"2023-02-09","presisi_tanggal":"hari","waktu_utc":"2023-02-08T20:00:00+00:00","sumber":"magma-tanggapan","tipe":null,"desa":"Selengen","kecamatan":"Kayangan","kab_kode":"52.08","kab_nama":"Kabupaten Lombok Utara","provinsi":"Nusa Tenggara Barat"}},{"type":"Feature","geometry":{"type":"Point","coordinates":[118.931,-3.558]},"properties":{"id":"pvmbg:175_2023:2023-02-09:0","tanggal":"2023-02-09","presisi_tanggal":"hari","waktu_utc":null,"sumber":"pvmbg-lapangan","tipe":"Rayapan","desa":"Palipi Soreang","kecamatan":"Banggae","kab_kode":"76.05","kab_nama":"Kabupaten Majene","provinsi":"Sulawesi Barat"}},{"type":"Feature","geometry":{"type":"Point","coordinates":[108.7851,-7.2868]},"properties":{"id":"pvmbg:181_2023:2023-02-09:0","tanggal":"2023-02-09","presisi_tanggal":"hari","waktu_utc":null,"sumber":"pvmbg-lapangan","tipe":"Rayapan","desa":"Padangjaya","kecamatan":"Majenang","kab_kode":"33.01","kab_nama":"Kabupaten Cilacap","provinsi":"Jawa Tengah"}},{"type":"Feature","geometry":{"type":"Point","coordinates":[124.0889,-9.9814]},"properties":{"id":"magma:CRS20230219174402","tanggal":"2023-02-17","presisi_tanggal":"hari","waktu_utc":"2023-02-17T12:45:00+00:00","sumber":"magma-tanggapan","tipe":null,"desa":"Noelmina","kecamatan":"Takari","kab_kode":"53.01","kab_nama":"Kabupaten Kupang","provinsi":"Nusa Tenggara Timur"}},{"type":"Feature","geometry":{"type":"Point","coordinates":[111.1136,-8.1121]},"properties":{"id":"pvmbg:224_2023:2023-02-17:0","tanggal":"2023-02-17","presisi_tanggal":"hari","waktu_utc":null,"sumber":"pvmbg-lapangan","tipe":"Retakan","desa":"Miati","kecamatan":"Arjosari","kab_kode":"35.01","kab_nama":"Kabupaten Pacitan","provinsi":"Jawa Timur"}},{"type":"Feature","geometry":{"type":"Point","coordinates":[100.3666,-0.4761]},"properties":{"id":"magma:CRS20230414161953","tanggal":"2023-02-21","presisi_tanggal":"hari","waktu_utc":"2023-02-21T07:00:00+00:00","sumber":"magma-tanggapan","tipe":null,"desa":"Singgalang","kecamatan":"Sepuluh Koto","kab_kode":"13.74","kab_nama":"Kota Padang Panjang","provinsi":"Sumatera Barat"}},{"type":"Feature","geometry":{"type":"Point","coordinates":[117.4754,0.1682]},"properties":{"id":"magma:CRS20230414165353","tanggal":"2023-02-22","presisi_tanggal":"hari","waktu_utc":"2023-02-22T04:30:00+00:00","sumber":"magma-tanggapan","tipe":null,"desa":"Lok Tuan","kecamatan":"Bontang Utara","kab_kode":"64.74","kab_nama":"Kota Bontang","provinsi":"Kalimantan Timur"}},{"type":"Feature","geometry":{"type":"Point","coordinates":[105.9906,-6.5498]},"properties":{"id":"magma:CRS20230504113735","tanggal":"2023-02-23","presisi_tanggal":"hari","waktu_utc":"2023-02-23T16:00:00+00:00","sumber":"magma-tanggapan","tipe":null,"desa":"Cibaturkeusik","kecamatan":"Banjarsari","kab_kode":"36.02","kab_nama":"Kabupaten Lebak","provinsi":"Banten"}},{"type":"Feature","geometry":{"type":"Point","coordinates":[111.2164,-8.0633]},"properties":{"id":"pvmbg:227_2023:2023-03-01:0","tanggal":"2023-03-01","presisi_tanggal":"bulan","waktu_utc":null,"sumber":"pvmbg-lapangan","tipe":"Longsoran; Retakan; Amblasan","desa":"Petungsinarang","kecamatan":"Bandar","kab_kode":"35.01","kab_nama":"Kabupaten Pacitan","provinsi":"Jawa Timur"}},{"type":"Feature","geometry":{"type":"Point","coordinates":[109.0268,2.5001]},"properties":{"id":"magma:CRS20230307100501","tanggal":"2023-03-06","presisi_tanggal":"hari","waktu_utc":"2023-03-06T04:15:00+00:00","sumber":"magma-tanggapan+pvmbg-lapangan","tipe":"Longsoran","desa":"Pangkalan","kecamatan":"Serasan","kab_kode":"21.03","kab_nama":"Kabupaten Natuna","provinsi":"Kepulauan Riau"}},{"type":"Feature","geometry":{"type":"Point","coordinates":[109.0563,2.5044]},"properties":{"id":"pvmbg:178_2023:2023-03-06:1","tanggal":"2023-03-06","presisi_tanggal":"hari","waktu_utc":null,"sumber":"pvmbg-lapangan","tipe":"Longsoran","desa":"Arung Ayam","kecamatan":"Serasan Timur","kab_kode":"21.03","kab_nama":"Kabupaten Natuna","provinsi":"Kepulauan Riau"}},{"type":"Feature","geometry":{"type":"Point","coordinates":[109.0765,2.5012]},"properties":{"id":"pvmbg:178_2023:2023-03-06:2","tanggal":"2023-03-06","presisi_tanggal":"hari","waktu_utc":null,"sumber":"pvmbg-lapangan","tipe":"Longsoran","desa":"Air Nusa","kecamatan":"Serasan Timur","kab_kode":"21.03","kab_nama":"Kabupaten Natuna","provinsi":"Kepulauan Riau"}},{"type":"Feature","geometry":{"type":"Point","coordinates":[115.3816,-2.7069]},"properties":{"id":"magma:CRS20230414185317","tanggal":"2023-03-17","presisi_tanggal":"hari","waktu_utc":"2023-03-17T09:00:00+00:00","sumber":"magma-tanggapan","tipe":null,"desa":"Sungai Harang","kecamatan":"Haruyan","kab_kode":"63.07","kab_nama":"Kabupaten Hulu Sungai Tengah","provinsi":"Kalimantan Selatan"}},{"type":"Feature","geometry":{"type":"Point","coordinates":[100.306,-0.3199]},"properties":{"id":"magma:CRS20230426111338","tanggal":"2023-03-25","presisi_tanggal":"hari","waktu_utc":"2023-03-24T23:15:00+00:00","sumber":"magma-tanggapan","tipe":null,"desa":"Sungai Landia","kecamatan":"Iv Koto","kab_kode":"13.06","kab_nama":"Kabupaten Agam","provinsi":"Sumatera Barat"}},{"type":"Feature","geometry":{"type":"Point","coordinates":[121.1212,-2.0989]},"properties":{"id":"magma:CRS20230426135702","tanggal":"2023-03-29","presisi_tanggal":"hari","waktu_utc":"2023-03-28T23:56:00+00:00","sumber":"magma-tanggapan","tipe":null,"desa":"Kolaka","kecamatan":"Mori Atas","kab_kode":"72.12","kab_nama":"Kabupaten Morowali Utara","provinsi":"Sulawesi Tengah"}},{"type":"Feature","geometry":{"type":"Point","coordinates":[120.9475,-3.5225]},"properties":{"id":"magma:CRS20230426153514","tanggal":"2023-04-01","presisi_tanggal":"hari","waktu_utc":"2023-04-01T12:30:00+00:00","sumber":"magma-tanggapan","tipe":null,"desa":"Batuganda Permai","kecamatan":"Lasusua","kab_kode":"74.08","kab_nama":"Kabupaten Kolaka Utara","provinsi":"Sulawesi Tenggara"}},{"type":"Feature","geometry":{"type":"Point","coordinates":[111.6574,-7.7066]},"properties":{"id":"magma:CRS20230426164955","tanggal":"2023-04-01","presisi_tanggal":"hari","waktu_utc":"2023-03-31T20:49:00+00:00","sumber":"magma-tanggapan","tipe":null,"desa":"Kuwiran","kecamatan":"Kare","kab_kode":"35.19","kab_nama":"Kabupaten Madiun","provinsi":"Jawa Timur"}},{"type":"Feature","geometry":{"type":"Point","coordinates":[120.906,-2.5947]},"properties":{"id":"magma:CRS20230428103420","tanggal":"2023-04-02","presisi_tanggal":"hari","waktu_utc":"2023-04-02T12:30:00+00:00","sumber":"magma-tanggapan","tipe":null,"desa":"Maliwowo","kecamatan":"Angkona","kab_kode":"73.24","kab_nama":"Kabupaten Luwu Timur","provinsi":"Sulawesi Selatan"}},{"type":"Feature","geometry":{"type":"Point","coordinates":[110.3636,-7.1332]},"properties":{"id":"magma:CRS20230411145551","tanggal":"2023-04-10","presisi_tanggal":"hari","waktu_utc":"2023-04-10T10:00:00+00:00","sumber":"magma-tanggapan","tipe":null,"desa":"Kalisidi","kecamatan":"Ungaran Barat","kab_kode":"33.22","kab_nama":"Kabupaten Semarang","provinsi":"Jawa Tengah"}},{"type":"Feature","geometry":{"type":"Point","coordinates":[107.515,-7.2728]},"properties":{"id":"magma:CRS20230411154922","tanggal":"2023-04-11","presisi_tanggal":"hari","waktu_utc":"2023-04-11T15:00:00+00:00","sumber":"magma-tanggapan","tipe":null,"desa":"Sukamulya","kecamatan":"Talegong","kab_kode":"32.05","kab_nama":"Kabupaten Garut","provinsi":"Jawa Barat"}},{"type":"Feature","geometry":{"type":"Point","coordinates":[100.7351,0.0089]},"properties":{"id":"magma:CRS20230413115102","tanggal":"2023-04-12","presisi_tanggal":"hari","waktu_utc":"2023-04-12T16:00:00+00:00","sumber":"magma-tanggapan","tipe":null,"desa":"Koto Alam","kecamatan":"Pangkalan Koto Baru","kab_kode":"13.07","kab_nama":"Kabupaten Lima Puluh Kota","provinsi":"Sumatera Barat"}},{"type":"Feature","geometry":{"type":"Point","coordinates":[110.3966,-7.965]},"properties":{"id":"magma:CRS20230413131829","tanggal":"2023-04-13","presisi_tanggal":"hari","waktu_utc":"2023-04-12T19:00:00+00:00","sumber":"magma-tanggapan","tipe":null,"desa":"Selopamioro","kecamatan":"Imogiri","kab_kode":"34.02","kab_nama":"Kabupaten Bantul","provinsi":"Daerah Istimewa Yogyakarta"}},{"type":"Feature","geometry":{"type":"Point","coordinates":[106.7164,-6.3503]},"properties":{"id":"magma:CRS20230425192318","tanggal":"2023-04-24","presisi_tanggal":"hari","waktu_utc":"2023-04-24T08:45:00+00:00","sumber":"magma-tanggapan","tipe":null,"desa":"Pondok Benda","kecamatan":"Pamulang","kab_kode":"36.74","kab_nama":"Kota Tangerang Selatan","provinsi":"Banten"}},{"type":"Feature","geometry":{"type":"Point","coordinates":[109.5509,0.3843]},"properties":{"id":"magma:CRS20230428110701","tanggal":"2023-04-26","presisi_tanggal":"hari","waktu_utc":"2023-04-26T08:00:00+00:00","sumber":"magma-tanggapan","tipe":null,"desa":"Andeng","kecamatan":"Sengah Temila","kab_kode":"61.08","kab_nama":"Kabupaten Landak","provinsi":"Kalimantan Barat"}},{"type":"Feature","geometry":{"type":"Point","coordinates":[108.3428,-7.2983]},"properties":{"id":"pvmbg:365_2024:2023-05-02:0","tanggal":"2023-05-02","presisi_tanggal":"hari","waktu_utc":null,"sumber":"pvmbg-lapangan","tipe":null,"desa":null,"kecamatan":"baregbeg ciamis Jabar","kab_kode":"32.07","kab_nama":"Kabupaten Ciamis","provinsi":"Jawa Barat"}},{"type":"Feature","geometry":{"type":"Point","coordinates":[107.9777,-7.1799]},"properties":{"id":"pvmbg:161_2024:2023-11-01:0","tanggal":"2023-11-01","presisi_tanggal":"bulan","waktu_utc":null,"sumber":"pvmbg-lapangan","tipe":null,"desa":null,"kecamatan":null,"kab_kode":"32.05","kab_nama":"Kabupaten Garut","provinsi":"Jawa Barat"}},{"type":"Feature","geometry":{"type":"Point","coordinates":[109.2355,-7.6158]},"properties":{"id":"pvmbg:76_2024:2023-11-01:0","tanggal":"2023-11-01","presisi_tanggal":"bulan","waktu_utc":null,"sumber":"pvmbg-lapangan","tipe":null,"desa":null,"kecamatan":null,"kab_kode":"33.01","kab_nama":"Kabupaten Cilacap","provinsi":"Jawa Tengah"}},{"type":"Feature","geometry":{"type":"Point","coordinates":[109.4022,-7.553]},"properties":{"id":"pvmbg:74_2024:2023-11-11:0","tanggal":"2023-11-11","presisi_tanggal":"hari","waktu_utc":null,"sumber":"pvmbg-lapangan","tipe":null,"desa":null,"kecamatan":null,"kab_kode":"33.02","kab_nama":"Kabupaten Banyumas","provinsi":"Jawa Tengah"}},{"type":"Feature","geometry":{"type":"Point","coordinates":[99.2719,1.9929]},"properties":{"id":"pvmbg:141_2024:2023-11-24:0","tanggal":"2023-11-24","presisi_tanggal":"hari","waktu_utc":null,"sumber":"pvmbg-lapangan","tipe":null,"desa":null,"kecamatan":null,"kab_kode":"12.02","kab_nama":"Kabupaten Tapanuli Utara","provinsi":"Sumatera Utara"}},{"type":"Feature","geometry":{"type":"Point","coordinates":[107.6844,-7.4858]},"properties":{"id":"pvmbg:160_2024:2023-11-30:0","tanggal":"2023-11-30","presisi_tanggal":"hari","waktu_utc":null,"sumber":"pvmbg-lapangan","tipe":null,"desa":null,"kecamatan":null,"kab_kode":"32.05","kab_nama":"Kabupaten Garut","provinsi":"Jawa Barat"}},{"type":"Feature","geometry":{"type":"Point","coordinates":[109.7807,-7.3282]},"properties":{"id":"pvmbg:239_2024:2023-12-01:0","tanggal":"2023-12-01","presisi_tanggal":"bulan","waktu_utc":null,"sumber":"pvmbg-lapangan","tipe":null,"desa":null,"kecamatan":null,"kab_kode":"33.04","kab_nama":"Kabupaten Banjarnegara","provinsi":"Jawa Tengah"}},{"type":"Feature","geometry":{"type":"Point","coordinates":[109.743,-7.3295]},"properties":{"id":"pvmbg:239_2024:2023-12-01:1","tanggal":"2023-12-01","presisi_tanggal":"bulan","waktu_utc":null,"sumber":"pvmbg-lapangan","tipe":null,"desa":null,"kecamatan":null,"kab_kode":"33.04","kab_nama":"Kabupaten Banjarnegara","provinsi":"Jawa Tengah"}},{"type":"Feature","geometry":{"type":"Point","coordinates":[109.7847,-7.3033]},"properties":{"id":"pvmbg:239_2024:2023-12-01:2","tanggal":"2023-12-01","presisi_tanggal":"bulan","waktu_utc":null,"sumber":"pvmbg-lapangan","tipe":null,"desa":null,"kecamatan":null,"kab_kode":"33.04","kab_nama":"Kabupaten Banjarnegara","provinsi":"Jawa Tengah"}},{"type":"Feature","geometry":{"type":"Point","coordinates":[109.3443,-7.538]},"properties":{"id":"pvmbg:73_2024:2023-12-04:0","tanggal":"2023-12-04","presisi_tanggal":"hari","waktu_utc":null,"sumber":"pvmbg-lapangan","tipe":null,"desa":null,"kecamatan":null,"kab_kode":"33.02","kab_nama":"Kabupaten Banyumas","provinsi":"Jawa Tengah"}},{"type":"Feature","geometry":{"type":"Point","coordinates":[108.223,-7.2387]},"properties":{"id":"pvmbg:368_2024:2023-12-06:0","tanggal":"2023-12-06","presisi_tanggal":"hari","waktu_utc":null,"sumber":"pvmbg-lapangan","tipe":null,"desa":null,"kecamatan":"cihaurbeuti ciamis Jabar","kab_kode":"32.07","kab_nama":"Kabupaten Ciamis","provinsi":"Jawa Barat"}},{"type":"Feature","geometry":{"type":"Point","coordinates":[109.6885,-7.2932]},"properties":{"id":"pvmbg:243_2024:2023-12-31:0","tanggal":"2023-12-31","presisi_tanggal":"tahun","waktu_utc":null,"sumber":"pvmbg-lapangan","tipe":null,"desa":null,"kecamatan":null,"kab_kode":"33.04","kab_nama":"Kabupaten Banjarnegara","provinsi":"Jawa Tengah"}},{"type":"Feature","geometry":{"type":"Point","coordinates":[109.6497,-7.3134]},"properties":{"id":"pvmbg:243_2024:2023-12-31:1","tanggal":"2023-12-31","presisi_tanggal":"tahun","waktu_utc":null,"sumber":"pvmbg-lapangan","tipe":null,"desa":null,"kecamatan":null,"kab_kode":"33.04","kab_nama":"Kabupaten Banjarnegara","provinsi":"Jawa Tengah"}},{"type":"Feature","geometry":{"type":"Point","coordinates":[109.646,-7.2899]},"properties":{"id":"pvmbg:358_2024:2023-12-31:0","tanggal":"2023-12-31","presisi_tanggal":"tahun","waktu_utc":null,"sumber":"pvmbg-lapangan","tipe":null,"desa":null,"kecamatan":null,"kab_kode":"33.04","kab_nama":"Kabupaten Banjarnegara","provinsi":"Jawa Tengah"}},{"type":"Feature","geometry":{"type":"Point","coordinates":[109.5717,-7.3018]},"properties":{"id":"pvmbg:358_2024:2023-12-31:1","tanggal":"2023-12-31","presisi_tanggal":"tahun","waktu_utc":null,"sumber":"pvmbg-lapangan","tipe":null,"desa":null,"kecamatan":null,"kab_kode":"33.04","kab_nama":"Kabupaten Banjarnegara","provinsi":"Jawa Tengah"}},{"type":"Feature","geometry":{"type":"Point","coordinates":[109.585,-7.2457]},"properties":{"id":"pvmbg:372_2024:2023-12-31:0","tanggal":"2023-12-31","presisi_tanggal":"tahun","waktu_utc":null,"sumber":"pvmbg-lapangan","tipe":null,"desa":null,"kecamatan":"pandanarum banjarnegara Jateng","kab_kode":"33.04","kab_nama":"Kabupaten Banjarnegara","provinsi":"Jawa Tengah"}},{"type":"Feature","geometry":{"type":"Point","coordinates":[108.058,-7.1562]},"properties":{"id":"pvmbg:162_2024:2024-01-04:0","tanggal":"2024-01-04","presisi_tanggal":"hari","waktu_utc":null,"sumber":"pvmbg-lapangan","tipe":null,"desa":null,"kecamatan":null,"kab_kode":"32.05","kab_nama":"Kabupaten Garut","provinsi":"Jawa Barat"}},{"type":"Feature","geometry":{"type":"Point","coordinates":[107.354,-6.6109]},"properties":{"id":"pvmbg:78_2024:2024-01-04:0","tanggal":"2024-01-04","presisi_tanggal":"hari","waktu_utc":null,"sumber":"pvmbg-lapangan","tipe":null,"desa":null,"kecamatan":"Tegalwar","kab_kode":"32.14","kab_nama":"Kabupaten Purwakarta","provinsi":"Jawa Barat"}},{"type":"Feature","geometry":{"type":"Point","coordinates":[107.739,-6.715]},"properties":{"id":"pvmbg:79_2024:2024-01-07:0","tanggal":"2024-01-07","presisi_tanggal":"hari","waktu_utc":null,"sumber":"pvmbg-lapangan","tipe":null,"desa":null,"kecamatan":"Kasomala","kab_kode":"32.13","kab_nama":"Kabupaten Subang","provinsi":"Jawa Barat"}},{"type":"Feature","geometry":{"type":"Point","coordinates":[107.0788,-6.9988]},"properties":{"id":"pvmbg:296_2024:2024-01-08:0","tanggal":"2024-01-08","presisi_tanggal":"hari","waktu_utc":null,"sumber":"pvmbg-lapangan","tipe":null,"desa":null,"kecamatan":"Campaka Cianjur","kab_kode":"32.03","kab_nama":"Kabupaten Cianjur","provinsi":"Jawa Barat"}},{"type":"Feature","geometry":{"type":"Point","coordinates":[107.0787,-7.0116]},"properties":{"id":"pvmbg:296_2024:2024-01-08:1","tanggal":"2024-01-08","presisi_tanggal":"hari","waktu_utc":null,"sumber":"pvmbg-lapangan","tipe":null,"desa":null,"kecamatan":"Campaka Cianjur","kab_kode":"32.03","kab_nama":"Kabupaten Cianjur","provinsi":"Jawa Barat"}},{"type":"Feature","geometry":{"type":"Point","coordinates":[107.1104,-7.2012]},"properties":{"id":"pvmbg:295_2024:2024-01-10:0","tanggal":"2024-01-10","presisi_tanggal":"hari","waktu_utc":null,"sumber":"pvmbg-lapangan","tipe":null,"desa":null,"kecamatan":"Pagelaran Ci","kab_kode":"32.03","kab_nama":"Kabupaten Cianjur","provinsi":"Jawa Barat"}},{"type":"Feature","geometry":{"type":"Point","coordinates":[107.166,-7.1447]},"properties":{"id":"pvmbg:295_2024:2024-01-10:1","tanggal":"2024-01-10","presisi_tanggal":"hari","waktu_utc":null,"sumber":"pvmbg-lapangan","tipe":null,"desa":null,"kecamatan":"Pagelaran Ci","kab_kode":"32.03","kab_nama":"Kabupaten Cianjur","provinsi":"Jawa Barat"}},{"type":"Feature","geometry":{"type":"Point","coordinates":[107.9231,-7.3507]},"properties":{"id":"pvmbg:159_2024:2024-01-11:0","tanggal":"2024-01-11","presisi_tanggal":"hari","waktu_utc":null,"sumber":"pvmbg-lapangan","tipe":null,"desa":null,"kecamatan":null,"kab_kode":"32.05","kab_nama":"Kabupaten Garut","provinsi":"Jawa Barat"}},{"type":"Feature","geometry":{"type":"Point","coordinates":[108.5863,-7.3018]},"properties":{"id":"pvmbg:241_2024:2024-01-11:0","tanggal":"2024-01-11","presisi_tanggal":"hari","waktu_utc":null,"sumber":"pvmbg-lapangan","tipe":null,"desa":null,"kecamatan":null,"kab_kode":"33.01","kab_nama":"Kabupaten Cilacap","provinsi":"Jawa Tengah"}},{"type":"Feature","geometry":{"type":"Point","coordinates":[108.3196,-7.2588]},"properties":{"id":"pvmbg:367_2024:2024-01-18:0","tanggal":"2024-01-18","presisi_tanggal":"hari","waktu_utc":null,"sumber":"pvmbg-lapangan","tipe":null,"desa":null,"kecamatan":"sadananya ciamis Jabar","kab_kode":"32.07","kab_nama":"Kabupaten Ciamis","provinsi":"Jawa Barat"}},{"type":"Feature","geometry":{"type":"Point","coordinates":[106.7812,-6.9172]},"properties":{"id":"pvmbg:175_2024:2024-01-24:0","tanggal":"2024-01-24","presisi_tanggal":"hari","waktu_utc":null,"sumber":"pvmbg-lapangan","tipe":null,"desa":null,"kecamatan":"cibadak kab. sukabumi","kab_kode":"32.02","kab_nama":"Kabupaten Sukabumi","provinsi":"Jawa Barat"}},{"type":"Feature","geometry":{"type":"Point","coordinates":[100.7868,-1.0403]},"properties":{"id":"pvmbg:249_2024:2024-01-24:0","tanggal":"2024-01-24","presisi_tanggal":"hari","waktu_utc":null,"sumber":"pvmbg-lapangan","tipe":null,"desa":null,"kecamatan":null,"kab_kode":"13.02","kab_nama":"Kabupaten Solok","provinsi":"Sumatera Barat"}},{"type":"Feature","geometry":{"type":"Point","coordinates":[109.7456,-7.2977]},"properties":{"id":"pvmbg:376_2024:2024-01-27:0","tanggal":"2024-01-27","presisi_tanggal":"hari","waktu_utc":null,"sumber":"pvmbg-lapangan","tipe":null,"desa":null,"kecamatan":null,"kab_kode":"33.04","kab_nama":"Kabupaten Banjarnegara","provinsi":"Jawa Tengah"}},{"type":"Feature","geometry":{"type":"Point","coordinates":[107.9353,-7.4241]},"properties":{"id":"pvmbg:668_2024:2024-01-27:0","tanggal":"2024-01-27","presisi_tanggal":"hari","waktu_utc":null,"sumber":"pvmbg-lapangan","tipe":null,"desa":null,"kecamatan":null,"kab_kode":"32.05","kab_nama":"Kabupaten Garut","provinsi":"Jawa Barat"}},{"type":"Feature","geometry":{"type":"Point","coordinates":[107.8762,-6.8781]},"properties":{"id":"pvmbg:444_2024:2024-01-31:0","tanggal":"2024-01-31","presisi_tanggal":"hari","waktu_utc":null,"sumber":"pvmbg-lapangan","tipe":null,"desa":null,"kecamatan":null,"kab_kode":"32.11","kab_nama":"Kabupaten Sumedang","provinsi":"Jawa Barat"}},{"type":"Feature","geometry":{"type":"Point","coordinates":[107.0401,-6.5817]},"properties":{"id":"pvmbg:356_2024:2024-02-01:0","tanggal":"2024-02-01","presisi_tanggal":"bulan","waktu_utc":null,"sumber":"pvmbg-lapangan","tipe":null,"desa":null,"kecamatan":null,"kab_kode":"32.01","kab_nama":"Kabupaten Bogor","provinsi":"Jawa Barat"}},{"type":"Feature","geometry":{"type":"Point","coordinates":[108.816,-7.2561]},"properties":{"id":"pvmbg:242_2024:2024-02-05:0","tanggal":"2024-02-05","presisi_tanggal":"hari","waktu_utc":null,"sumber":"pvmbg-lapangan","tipe":null,"desa":null,"kecamatan":null,"kab_kode":"33.01","kab_nama":"Kabupaten Cilacap","provinsi":"Jawa Tengah"}},{"type":"Feature","geometry":{"type":"Point","coordinates":[108.7766,-7.2476]},"properties":{"id":"pvmbg:357_2024:2024-02-05:0","tanggal":"2024-02-05","presisi_tanggal":"hari","waktu_utc":null,"sumber":"pvmbg-lapangan","tipe":null,"desa":null,"kecamatan":null,"kab_kode":"33.01","kab_nama":"Kabupaten Cilacap","provinsi":"Jawa Tengah"}},{"type":"Feature","geometry":{"type":"Point","coordinates":[108.9495,-7.3032]},"properties":{"id":"pvmbg:375_2024:2024-02-07:0","tanggal":"2024-02-07","presisi_tanggal":"hari","waktu_utc":null,"sumber":"pvmbg-lapangan","tipe":null,"desa":null,"kecamatan":null,"kab_kode":"33.29","kab_nama":"Kabupaten Brebes","provinsi":"Jawa Tengah"}},{"type":"Feature","geometry":{"type":"Point","coordinates":[107.2991,-6.9191]},"properties":{"id":"pvmbg:400_2024:2024-02-16:0","tanggal":"2024-02-16","presisi_tanggal":"hari","waktu_utc":null,"sumber":"pvmbg-lapangan","tipe":null,"desa":null,"kecamatan":null,"kab_kode":"32.17","kab_nama":"Kabupaten Bandung Barat","provinsi":"Jawa Barat"}},{"type":"Feature","geometry":{"type":"Point","coordinates":[107.318,-6.9211]},"properties":{"id":"pvmbg:400_2024:2024-02-16:1","tanggal":"2024-02-16","presisi_tanggal":"hari","waktu_utc":null,"sumber":"pvmbg-lapangan","tipe":null,"desa":null,"kecamatan":null,"kab_kode":"32.17","kab_nama":"Kabupaten Bandung Barat","provinsi":"Jawa Barat"}},{"type":"Feature","geometry":{"type":"Point","coordinates":[107.2885,-6.9219]},"properties":{"id":"pvmbg:400_2024:2024-02-16:2","tanggal":"2024-02-16","presisi_tanggal":"hari","waktu_utc":null,"sumber":"pvmbg-lapangan","tipe":null,"desa":null,"kecamatan":null,"kab_kode":"32.17","kab_nama":"Kabupaten Bandung Barat","provinsi":"Jawa Barat"}},{"type":"Feature","geometry":{"type":"Point","coordinates":[109.0884,-7.215]},"properties":{"id":"pvmbg:370_2024:2024-02-19:0","tanggal":"2024-02-19","presisi_tanggal":"hari","waktu_utc":null,"sumber":"pvmbg-lapangan","tipe":null,"desa":null,"kecamatan":"sirampog brebes Jateng","kab_kode":"33.29","kab_nama":"Kabupaten Brebes","provinsi":"Jawa Tengah"}},{"type":"Feature","geometry":{"type":"Point","coordinates":[125.2483,1.4277]},"properties":{"id":"pvmbg:364_2024:2024-02-22:0","tanggal":"2024-02-22","presisi_tanggal":"hari","waktu_utc":null,"sumber":"pvmbg-lapangan","tipe":null,"desa":null,"kecamatan":null,"kab_kode":"71.72","kab_nama":"Kota Bitung","provinsi":"Sulawesi Utara"}},{"type":"Feature","geometry":{"type":"Point","coordinates":[107.1936,-6.4112]},"properties":{"id":"pvmbg:369_2024:2024-02-25:0","tanggal":"2024-02-25","presisi_tanggal":"hari","waktu_utc":null,"sumber":"pvmbg-lapangan","tipe":null,"desa":null,"kecamatan":"bojongmangu bekasi Jabar","kab_kode":"32.16","kab_nama":"Kabupaten Bekasi","provinsi":"Jawa Barat"}},{"type":"Feature","geometry":{"type":"Point","coordinates":[108.838,-7.1606]},"properties":{"id":"pvmbg:446_2024:2024-02-25:0","tanggal":"2024-02-25","presisi_tanggal":"hari","waktu_utc":null,"sumber":"pvmbg-lapangan","tipe":null,"desa":null,"kecamatan":null,"kab_kode":"33.29","kab_nama":"Kabupaten Brebes","provinsi":"Jawa Tengah"}},{"type":"Feature","geometry":{"type":"Point","coordinates":[120.0838,-3.0768]},"properties":{"id":"pvmbg:373_2024:2024-02-26:0","tanggal":"2024-02-26","presisi_tanggal":"hari","waktu_utc":null,"sumber":"pvmbg-lapangan","tipe":null,"desa":null,"kecamatan":null,"kab_kode":"73.17","kab_nama":"Kabupaten Luwu","provinsi":"Sulawesi Selatan"}},{"type":"Feature","geometry":{"type":"Point","coordinates":[109.2066,-7.3558]},"properties":{"id":"pvmbg:714_2024:2024-03-06:0","tanggal":"2024-03-06","presisi_tanggal":"hari","waktu_utc":null,"sumber":"pvmbg-lapangan","tipe":null,"desa":null,"kecamatan":null,"kab_kode":"33.02","kab_nama":"Kabupaten Banyumas","provinsi":"Jawa Tengah"}},{"type":"Feature","geometry":{"type":"Point","coordinates":[108.9993,-7.3434]},"properties":{"id":"pvmbg:750_2024:2024-03-06:0","tanggal":"2024-03-06","presisi_tanggal":"hari","waktu_utc":null,"sumber":"pvmbg-lapangan","tipe":null,"desa":null,"kecamatan":null,"kab_kode":"33.02","kab_nama":"Kabupaten Banyumas","provinsi":"Jawa Tengah"}},{"type":"Feature","geometry":{"type":"Point","coordinates":[109.2545,-7.3473]},"properties":{"id":"pvmbg:751_2024:2024-03-06:0","tanggal":"2024-03-06","presisi_tanggal":"hari","waktu_utc":null,"sumber":"pvmbg-lapangan","tipe":null,"desa":null,"kecamatan":"Sumbang Banyumas","kab_kode":"33.02","kab_nama":"Kabupaten Banyumas","provinsi":"Jawa Tengah"}},{"type":"Feature","geometry":{"type":"Point","coordinates":[107.3862,-7.0223]},"properties":{"id":"pvmbg:188_2024:2024-03-10:0","tanggal":"2024-03-10","presisi_tanggal":"hari","waktu_utc":null,"sumber":"pvmbg-lapangan","tipe":null,"desa":null,"kecamatan":null,"kab_kode":"32.17","kab_nama":"Kabupaten Bandung Barat","provinsi":"Jawa Barat"}},{"type":"Feature","geometry":{"type":"Point","coordinates":[107.3196,-6.9079]},"properties":{"id":"pvmbg:556_2024:2024-03-10:0","tanggal":"2024-03-10","presisi_tanggal":"hari","waktu_utc":null,"sumber":"pvmbg-lapangan","tipe":null,"desa":null,"kecamatan":null,"kab_kode":"32.17","kab_nama":"Kabupaten Bandung Barat","provinsi":"Jawa Barat"}},{"type":"Feature","geometry":{"type":"Point","coordinates":[107.6902,-7.4682]},"properties":{"id":"pvmbg:563_2024:2024-03-11:0","tanggal":"2024-03-11","presisi_tanggal":"hari","waktu_utc":null,"sumber":"pvmbg-lapangan","tipe":null,"desa":null,"kecamatan":null,"kab_kode":"32.05","kab_nama":"Kabupaten Garut","provinsi":"Jawa Barat"}},{"type":"Feature","geometry":{"type":"Point","coordinates":[106.7983,-6.592]},"properties":{"id":"pvmbg:717_2024:2024-03-24:0","tanggal":"2024-03-24","presisi_tanggal":"hari","waktu_utc":null,"sumber":"pvmbg-lapangan","tipe":null,"desa":null,"kecamatan":null,"kab_kode":"32.71","kab_nama":"Kota Bogor","provinsi":"Jawa Barat"}},{"type":"Feature","geometry":{"type":"Point","coordinates":[106.495,-6.9137]},"properties":{"id":"pvmbg:406_2024:2024-03-25:0","tanggal":"2024-03-25","presisi_tanggal":"hari","waktu_utc":null,"sumber":"pvmbg-lapangan","tipe":null,"desa":null,"kecamatan":"Cikakak Kab. Sukabumi Jabar","kab_kode":"32.02","kab_nama":"Kabupaten Sukabumi","provinsi":"Jawa Barat"}},{"type":"Feature","geometry":{"type":"Point","coordinates":[125.2522,1.4608]},"properties":{"id":"pvmbg:827_2024:2024-04-07:0","tanggal":"2024-04-07","presisi_tanggal":"hari","waktu_utc":null,"sumber":"pvmbg-lapangan","tipe":null,"desa":null,"kecamatan":null,"kab_kode":"71.72","kab_nama":"Kota Bitung","provinsi":"Sulawesi Utara"}},{"type":"Feature","geometry":{"type":"Point","coordinates":[125.246,1.4503]},"properties":{"id":"pvmbg:827_2024:2024-04-07:1","tanggal":"2024-04-07","presisi_tanggal":"hari","waktu_utc":null,"sumber":"pvmbg-lapangan","tipe":null,"desa":null,"kecamatan":null,"kab_kode":"71.72","kab_nama":"Kota Bitung","provinsi":"Sulawesi Utara"}},{"type":"Feature","geometry":{"type":"Point","coordinates":[125.0162,1.6284]},"properties":{"id":"pvmbg:829_2024:2024-04-07:0","tanggal":"2024-04-07","presisi_tanggal":"hari","waktu_utc":null,"sumber":"pvmbg-lapangan","tipe":null,"desa":null,"kecamatan":"Likupang Selatan Minut","kab_kode":"71.06","kab_nama":"Kabupaten Minahasa Utara","provinsi":"Sulawesi Utara"}},{"type":"Feature","geometry":{"type":"Point","coordinates":[125.0451,1.6413]},"properties":{"id":"pvmbg:829_2024:2024-04-07:1","tanggal":"2024-04-07","presisi_tanggal":"hari","waktu_utc":null,"sumber":"pvmbg-lapangan","tipe":null,"desa":null,"kecamatan":"Likupang Selatan Minut","kab_kode":"71.06","kab_nama":"Kabupaten Minahasa Utara","provinsi":"Sulawesi Utara"}},{"type":"Feature","geometry":{"type":"Point","coordinates":[125.2519,1.4741]},"properties":{"id":"pvmbg:853_2024:2024-04-07:0","tanggal":"2024-04-07","presisi_tanggal":"hari","waktu_utc":null,"sumber":"pvmbg-lapangan","tipe":null,"desa":null,"kecamatan":null,"kab_kode":"71.72","kab_nama":"Kota Bitung","provinsi":"Sulawesi Utara"}},{"type":"Feature","geometry":{"type":"Point","coordinates":[125.2678,1.4991]},"properties":{"id":"pvmbg:853_2024:2024-04-07:1","tanggal":"2024-04-07","presisi_tanggal":"hari","waktu_utc":null,"sumber":"pvmbg-lapangan","tipe":null,"desa":null,"kecamatan":null,"kab_kode":"71.72","kab_nama":"Kota Bitung","provinsi":"Sulawesi Utara"}},{"type":"Feature","geometry":{"type":"Point","coordinates":[119.8399,-3.1448]},"properties":{"id":"pvmbg:601_2024:2024-04-13:0","tanggal":"2024-04-13","presisi_tanggal":"hari","waktu_utc":null,"sumber":"pvmbg-lapangan","tipe":null,"desa":null,"kecamatan":"Makale Kab. Tana Toraja Sulsel April 2024","kab_kode":"73.18","kab_nama":"Kabupaten Tana Toraja","provinsi":"Sulawesi Selatan"}},{"type":"Feature","geometry":{"type":"Point","coordinates":[119.8076,-3.1615]},"properties":{"id":"pvmbg:601_2024:2024-04-13:1","tanggal":"2024-04-13","presisi_tanggal":"hari","waktu_utc":null,"sumber":"pvmbg-lapangan","tipe":null,"desa":null,"kecamatan":"Makale Kab. Tana Toraja Sulsel April 2024","kab_kode":"73.18","kab_nama":"Kabupaten Tana Toraja","provinsi":"Sulawesi Selatan"}},{"type":"Feature","geometry":{"type":"Point","coordinates":[119.8373,-3.1463]},"properties":{"id":"pvmbg:B-124_2024:2024-04-13:0","tanggal":"2024-04-13","presisi_tanggal":"hari","waktu_utc":null,"sumber":"pvmbg-lapangan","tipe":null,"desa":null,"kecamatan":"Makale","kab_kode":"73.18","kab_nama":"Kabupaten Tana Toraja","provinsi":"Sulawesi Selatan"}},{"type":"Feature","geometry":{"type":"Point","coordinates":[125.007,1.7321]},"properties":{"id":"pvmbg:828_2024:2024-04-23:0","tanggal":"2024-04-23","presisi_tanggal":"hari","waktu_utc":null,"sumber":"pvmbg-lapangan","tipe":null,"desa":null,"kecamatan":null,"kab_kode":"71.06","kab_nama":"Kabupaten Minahasa Utara","provinsi":"Sulawesi Utara"}},{"type":"Feature","geometry":{"type":"Point","coordinates":[107.8671,-7.4241]},"properties":{"id":"pvmbg:678_2024:2024-04-25:0","tanggal":"2024-04-25","presisi_tanggal":"hari","waktu_utc":null,"sumber":"pvmbg-lapangan","tipe":null,"desa":null,"kecamatan":"Banjarwa","kab_kode":"32.05","kab_nama":"Kabupaten Garut","provinsi":"Jawa Barat"}},{"type":"Feature","geometry":{"type":"Point","coordinates":[107.6942,-7.4695]},"properties":{"id":"pvmbg:677_2024:2024-04-26:0","tanggal":"2024-04-26","presisi_tanggal":"hari","waktu_utc":null,"sumber":"pvmbg-lapangan","tipe":null,"desa":null,"kecamatan":"-edit","kab_kode":"32.05","kab_nama":"Kabupaten Garut","provinsi":"Jawa Barat"}},{"type":"Feature","geometry":{"type":"Point","coordinates":[108.2198,-7.2509]},"properties":{"id":"pvmbg:680_2024:2024-04-29:0","tanggal":"2024-04-29","presisi_tanggal":"hari","waktu_utc":null,"sumber":"pvmbg-lapangan","tipe":null,"desa":null,"kecamatan":null,"kab_kode":"32.07","kab_nama":"Kabupaten Ciamis","provinsi":"Jawa Barat"}},{"type":"Feature","geometry":{"type":"Point","coordinates":[108.2221,-7.2388]},"properties":{"id":"pvmbg:680_2024:2024-04-29:1","tanggal":"2024-04-29","presisi_tanggal":"hari","waktu_utc":null,"sumber":"pvmbg-lapangan","tipe":null,"desa":null,"kecamatan":null,"kab_kode":"32.07","kab_nama":"Kabupaten Ciamis","provinsi":"Jawa Barat"}},{"type":"Feature","geometry":{"type":"Point","coordinates":[108.2426,-7.1099]},"properties":{"id":"pvmbg:683_2024:2024-04-29:0","tanggal":"2024-04-29","presisi_tanggal":"hari","waktu_utc":null,"sumber":"pvmbg-lapangan","tipe":null,"desa":null,"kecamatan":null,"kab_kode":"32.07","kab_nama":"Kabupaten Ciamis","provinsi":"Jawa Barat"}},{"type":"Feature","geometry":{"type":"Point","coordinates":[108.2724,-7.2871]},"properties":{"id":"pvmbg:685_2024:2024-04-29:0","tanggal":"2024-04-29","presisi_tanggal":"hari","waktu_utc":null,"sumber":"pvmbg-lapangan","tipe":null,"desa":null,"kecamatan":null,"kab_kode":"32.07","kab_nama":"Kabupaten Ciamis","provinsi":"Jawa Barat"}},{"type":"Feature","geometry":{"type":"Point","coordinates":[124.9761,1.4549]},"properties":{"id":"pvmbg:713_2024:2024-05-02:0","tanggal":"2024-05-02","presisi_tanggal":"hari","waktu_utc":null,"sumber":"pvmbg-lapangan","tipe":null,"desa":null,"kecamatan":null,"kab_kode":"71.06","kab_nama":"Kabupaten Minahasa Utara","provinsi":"Sulawesi Utara"}},{"type":"Feature","geometry":{"type":"Point","coordinates":[120.1367,-3.3758]},"properties":{"id":"pvmbg:1000_2024:2024-05-03:0","tanggal":"2024-05-03","presisi_tanggal":"hari","waktu_utc":null,"sumber":"pvmbg-lapangan","tipe":null,"desa":null,"kecamatan":null,"kab_kode":"73.17","kab_nama":"Kabupaten Luwu","provinsi":"Sulawesi Selatan"}},{"type":"Feature","geometry":{"type":"Point","coordinates":[120.1429,-3.387]},"properties":{"id":"pvmbg:1000_2024:2024-05-03:1","tanggal":"2024-05-03","presisi_tanggal":"hari","waktu_utc":null,"sumber":"pvmbg-lapangan","tipe":null,"desa":null,"kecamatan":null,"kab_kode":"73.17","kab_nama":"Kabupaten Luwu","provinsi":"Sulawesi Selatan"}},{"type":"Feature","geometry":{"type":"Point","coordinates":[120.1359,-3.3952]},"properties":{"id":"pvmbg:1000_2024:2024-05-03:2","tanggal":"2024-05-03","presisi_tanggal":"hari","waktu_utc":null,"sumber":"pvmbg-lapangan","tipe":null,"desa":null,"kecamatan":null,"kab_kode":"73.17","kab_nama":"Kabupaten Luwu","provinsi":"Sulawesi Selatan"}},{"type":"Feature","geometry":{"type":"Point","coordinates":[120.1195,-3.393]},"properties":{"id":"pvmbg:1000_2024:2024-05-03:3","tanggal":"2024-05-03","presisi_tanggal":"hari","waktu_utc":null,"sumber":"pvmbg-lapangan","tipe":null,"desa":null,"kecamatan":null,"kab_kode":"73.17","kab_nama":"Kabupaten Luwu","provinsi":"Sulawesi Selatan"}},{"type":"Feature","geometry":{"type":"Point","coordinates":[120.1155,-3.4083]},"properties":{"id":"pvmbg:1000_2024:2024-05-03:4","tanggal":"2024-05-03","presisi_tanggal":"hari","waktu_utc":null,"sumber":"pvmbg-lapangan","tipe":null,"desa":null,"kecamatan":null,"kab_kode":"73.17","kab_nama":"Kabupaten Luwu","provinsi":"Sulawesi Selatan"}},{"type":"Feature","geometry":{"type":"Point","coordinates":[120.1374,-3.4083]},"properties":{"id":"pvmbg:1000_2024:2024-05-03:5","tanggal":"2024-05-03","presisi_tanggal":"hari","waktu_utc":null,"sumber":"pvmbg-lapangan","tipe":null,"desa":null,"kecamatan":null,"kab_kode":"73.17","kab_nama":"Kabupaten Luwu","provinsi":"Sulawesi Selatan"}},{"type":"Feature","geometry":{"type":"Point","coordinates":[120.1485,-3.4134]},"properties":{"id":"pvmbg:1000_2024:2024-05-03:6","tanggal":"2024-05-03","presisi_tanggal":"hari","waktu_utc":null,"sumber":"pvmbg-lapangan","tipe":null,"desa":null,"kecamatan":null,"kab_kode":"73.17","kab_nama":"Kabupaten Luwu","provinsi":"Sulawesi Selatan"}},{"type":"Feature","geometry":{"type":"Point","coordinates":[120.1659,-3.2683]},"properties":{"id":"pvmbg:1000_2024:2024-05-03:7","tanggal":"2024-05-03","presisi_tanggal":"hari","waktu_utc":null,"sumber":"pvmbg-lapangan","tipe":null,"desa":null,"kecamatan":null,"kab_kode":"73.17","kab_nama":"Kabupaten Luwu","provinsi":"Sulawesi Selatan"}},{"type":"Feature","geometry":{"type":"Point","coordinates":[120.2646,-3.4602]},"properties":{"id":"pvmbg:966_2024:2024-05-03:0","tanggal":"2024-05-03","presisi_tanggal":"hari","waktu_utc":null,"sumber":"pvmbg-lapangan","tipe":null,"desa":null,"kecamatan":"Suli Barat","kab_kode":"73.17","kab_nama":"Kabupaten Luwu","provinsi":"Sulawesi Selatan"}},{"type":"Feature","geometry":{"type":"Point","coordinates":[120.2447,-3.4653]},"properties":{"id":"pvmbg:966_2024:2024-05-03:1","tanggal":"2024-05-03","presisi_tanggal":"hari","waktu_utc":null,"sumber":"pvmbg-lapangan","tipe":null,"desa":null,"kecamatan":"Suli Barat","kab_kode":"73.17","kab_nama":"Kabupaten Luwu","provinsi":"Sulawesi Selatan"}},{"type":"Feature","geometry":{"type":"Point","coordinates":[120.2344,-3.4598]},"properties":{"id":"pvmbg:966_2024:2024-05-03:2","tanggal":"2024-05-03","presisi_tanggal":"hari","waktu_utc":null,"sumber":"pvmbg-lapangan","tipe":null,"desa":null,"kecamatan":"Suli Barat","kab_kode":"73.17","kab_nama":"Kabupaten Luwu","provinsi":"Sulawesi Selatan"}},{"type":"Feature","geometry":{"type":"Point","coordinates":[120.1367,-3.3758]},"properties":{"id":"pvmbg:967_2024:2024-05-03:0","tanggal":"2024-05-03","presisi_tanggal":"hari","waktu_utc":null,"sumber":"pvmbg-lapangan","tipe":null,"desa":null,"kecamatan":"Latimojong","kab_kode":"73.17","kab_nama":"Kabupaten Luwu","provinsi":"Sulawesi Selatan"}},{"type":"Feature","geometry":{"type":"Point","coordinates":[120.1429,-3.387]},"properties":{"id":"pvmbg:967_2024:2024-05-03:1","tanggal":"2024-05-03","presisi_tanggal":"hari","waktu_utc":null,"sumber":"pvmbg-lapangan","tipe":null,"desa":null,"kecamatan":"Latimojong","kab_kode":"73.17","kab_nama":"Kabupaten Luwu","provinsi":"Sulawesi Selatan"}},{"type":"Feature","geometry":{"type":"Point","coordinates":[120.1359,-3.3952]},"properties":{"id":"pvmbg:967_2024:2024-05-03:2","tanggal":"2024-05-03","presisi_tanggal":"hari","waktu_utc":null,"sumber":"pvmbg-lapangan","tipe":null,"desa":null,"kecamatan":"Latimojong","kab_kode":"73.17","kab_nama":"Kabupaten Luwu","provinsi":"Sulawesi Selatan"}},{"type":"Feature","geometry":{"type":"Point","coordinates":[120.1195,-3.393]},"properties":{"id":"pvmbg:967_2024:2024-05-03:3","tanggal":"2024-05-03","presisi_tanggal":"hari","waktu_utc":null,"sumber":"pvmbg-lapangan","tipe":null,"desa":null,"kecamatan":"Latimojong","kab_kode":"73.17","kab_nama":"Kabupaten Luwu","provinsi":"Sulawesi Selatan"}},{"type":"Feature","geometry":{"type":"Point","coordinates":[120.1155,-3.4083]},"properties":{"id":"pvmbg:967_2024:2024-05-03:4","tanggal":"2024-05-03","presisi_tanggal":"hari","waktu_utc":null,"sumber":"pvmbg-lapangan","tipe":null,"desa":null,"kecamatan":"Latimojong","kab_kode":"73.17","kab_nama":"Kabupaten Luwu","provinsi":"Sulawesi Selatan"}},{"type":"Feature","geometry":{"type":"Point","coordinates":[120.1374,-3.4083]},"properties":{"id":"pvmbg:967_2024:2024-05-03:5","tanggal":"2024-05-03","presisi_tanggal":"hari","waktu_utc":null,"sumber":"pvmbg-lapangan","tipe":null,"desa":null,"kecamatan":"Latimojong","kab_kode":"73.17","kab_nama":"Kabupaten Luwu","provinsi":"Sulawesi Selatan"}},{"type":"Feature","geometry":{"type":"Point","coordinates":[120.1485,-3.4134]},"properties":{"id":"pvmbg:967_2024:2024-05-03:6","tanggal":"2024-05-03","presisi_tanggal":"hari","waktu_utc":null,"sumber":"pvmbg-lapangan","tipe":null,"desa":null,"kecamatan":"Latimojong","kab_kode":"73.17","kab_nama":"Kabupaten Luwu","provinsi":"Sulawesi Selatan"}},{"type":"Feature","geometry":{"type":"Point","coordinates":[120.1659,-3.2683]},"properties":{"id":"pvmbg:967_2024:2024-05-03:7","tanggal":"2024-05-03","presisi_tanggal":"hari","waktu_utc":null,"sumber":"pvmbg-lapangan","tipe":null,"desa":null,"kecamatan":"Latimojong","kab_kode":"73.17","kab_nama":"Kabupaten Luwu","provinsi":"Sulawesi Selatan"}},{"type":"Feature","geometry":{"type":"Point","coordinates":[120.2646,-3.4602]},"properties":{"id":"pvmbg:998_2024:2024-05-03:0","tanggal":"2024-05-03","presisi_tanggal":"hari","waktu_utc":null,"sumber":"pvmbg-lapangan","tipe":null,"desa":null,"kecamatan":null,"kab_kode":"73.17","kab_nama":"Kabupaten Luwu","provinsi":"Sulawesi Selatan"}},{"type":"Feature","geometry":{"type":"Point","coordinates":[120.2447,-3.4653]},"properties":{"id":"pvmbg:998_2024:2024-05-03:1","tanggal":"2024-05-03","presisi_tanggal":"hari","waktu_utc":null,"sumber":"pvmbg-lapangan","tipe":null,"desa":null,"kecamatan":null,"kab_kode":"73.17","kab_nama":"Kabupaten Luwu","provinsi":"Sulawesi Selatan"}},{"type":"Feature","geometry":{"type":"Point","coordinates":[120.2344,-3.4598]},"properties":{"id":"pvmbg:998_2024:2024-05-03:2","tanggal":"2024-05-03","presisi_tanggal":"hari","waktu_utc":null,"sumber":"pvmbg-lapangan","tipe":null,"desa":null,"kecamatan":null,"kab_kode":"73.17","kab_nama":"Kabupaten Luwu","provinsi":"Sulawesi Selatan"}},{"type":"Feature","geometry":{"type":"Point","coordinates":[100.4222,-0.1258]},"properties":{"id":"pvmbg:996_2024:2024-05-08:0","tanggal":"2024-05-08","presisi_tanggal":"hari","waktu_utc":null,"sumber":"pvmbg-lapangan","tipe":null,"desa":null,"kecamatan":null,"kab_kode":"13.07","kab_nama":"Kabupaten Lima Puluh Kota","provinsi":"Sumatera Barat"}},{"type":"Feature","geometry":{"type":"Point","coordinates":[100.3792,-0.0835]},"properties":{"id":"pvmbg:B-296_2024:2024-05-08:0","tanggal":"2024-05-08","presisi_tanggal":"hari","waktu_utc":null,"sumber":"pvmbg-lapangan","tipe":null,"desa":null,"kecamatan":null,"kab_kode":"13.07","kab_nama":"Kabupaten Lima Puluh Kota","provinsi":"Sumatera Barat"}},{"type":"Feature","geometry":{"type":"Point","coordinates":[100.3866,-0.0472]},"properties":{"id":"pvmbg:B-296_2024:2024-05-08:1","tanggal":"2024-05-08","presisi_tanggal":"hari","waktu_utc":null,"sumber":"pvmbg-lapangan","tipe":null,"desa":null,"kecamatan":null,"kab_kode":"13.07","kab_nama":"Kabupaten Lima Puluh Kota","provinsi":"Sumatera Barat"}},{"type":"Feature","geometry":{"type":"Point","coordinates":[100.3694,-0.0511]},"properties":{"id":"pvmbg:B-296_2024:2024-05-08:2","tanggal":"2024-05-08","presisi_tanggal":"hari","waktu_utc":null,"sumber":"pvmbg-lapangan","tipe":null,"desa":null,"kecamatan":null,"kab_kode":"13.07","kab_nama":"Kabupaten Lima Puluh Kota","provinsi":"Sumatera Barat"}},{"type":"Feature","geometry":{"type":"Point","coordinates":[100.5211,-0.3133]},"properties":{"id":"pvmbg:2500_2024:2024-05-11:0","tanggal":"2024-05-11","presisi_tanggal":"hari","waktu_utc":null,"sumber":"pvmbg-lapangan","tipe":null,"desa":null,"kecamatan":null,"kab_kode":"13.04","kab_nama":"Kabupaten Tanah Datar","provinsi":"Sumatera Barat"}},{"type":"Feature","geometry":{"type":"Point","coordinates":[100.5577,-0.4075]},"properties":{"id":"pvmbg:2500_2024:2024-05-11:1","tanggal":"2024-05-11","presisi_tanggal":"hari","waktu_utc":null,"sumber":"pvmbg-lapangan","tipe":null,"desa":null,"kecamatan":null,"kab_kode":"13.04","kab_nama":"Kabupaten Tanah Datar","provinsi":"Sumatera Barat"}},{"type":"Feature","geometry":{"type":"Point","coordinates":[100.4395,-0.3396]},"properties":{"id":"pvmbg:2500_2024:2024-05-11:2","tanggal":"2024-05-11","presisi_tanggal":"hari","waktu_utc":null,"sumber":"pvmbg-lapangan","tipe":null,"desa":null,"kecamatan":null,"kab_kode":"13.06","kab_nama":"Kabupaten Agam","provinsi":"Sumatera Barat"}},{"type":"Feature","geometry":{"type":"Point","coordinates":[100.5142,-0.464]},"properties":{"id":"pvmbg:711_2024:2024-05-11:0","tanggal":"2024-05-11","presisi_tanggal":"hari","waktu_utc":null,"sumber":"pvmbg-lapangan","tipe":null,"desa":null,"kecamatan":null,"kab_kode":"13.04","kab_nama":"Kabupaten Tanah Datar","provinsi":"Sumatera Barat"}},{"type":"Feature","geometry":{"type":"Point","coordinates":[100.4976,-0.1543]},"properties":{"id":"pvmbg:997_2024:2024-05-12:0","tanggal":"2024-05-12","presisi_tanggal":"hari","waktu_utc":null,"sumber":"pvmbg-lapangan","tipe":null,"desa":null,"kecamatan":null,"kab_kode":"13.07","kab_nama":"Kabupaten Lima Puluh Kota","provinsi":"Sumatera Barat"}},{"type":"Feature","geometry":{"type":"Point","coordinates":[100.5614,-0.1733]},"properties":{"id":"pvmbg:997_2024:2024-05-12:1","tanggal":"2024-05-12","presisi_tanggal":"hari","waktu_utc":null,"sumber":"pvmbg-lapangan","tipe":null,"desa":null,"kecamatan":null,"kab_kode":"13.07","kab_nama":"Kabupaten Lima Puluh Kota","provinsi":"Sumatera Barat"}},{"type":"Feature","geometry":{"type":"Point","coordinates":[100.5361,-0.1609]},"properties":{"id":"pvmbg:997_2024:2024-05-12:2","tanggal":"2024-05-12","presisi_tanggal":"hari","waktu_utc":null,"sumber":"pvmbg-lapangan","tipe":null,"desa":null,"kecamatan":null,"kab_kode":"13.07","kab_nama":"Kabupaten Lima Puluh Kota","provinsi":"Sumatera Barat"}},{"type":"Feature","geometry":{"type":"Point","coordinates":[100.5276,-0.1561]},"properties":{"id":"pvmbg:997_2024:2024-05-12:3","tanggal":"2024-05-12","presisi_tanggal":"hari","waktu_utc":null,"sumber":"pvmbg-lapangan","tipe":null,"desa":null,"kecamatan":null,"kab_kode":"13.07","kab_nama":"Kabupaten Lima Puluh Kota","provinsi":"Sumatera Barat"}},{"type":"Feature","geometry":{"type":"Point","coordinates":[107.2406,-7.0258]},"properties":{"id":"pvmbg:307_2024:2024-05-13:0","tanggal":"2024-05-13","presisi_tanggal":"hari","waktu_utc":null,"sumber":"pvmbg-lapangan","tipe":null,"desa":null,"kecamatan":null,"kab_kode":"32.17","kab_nama":"Kabupaten Bandung Barat","provinsi":"Jawa Barat"}},{"type":"Feature","geometry":{"type":"Point","coordinates":[124.7439,0.8978]},"properties":{"id":"pvmbg:1103_2024:2024-05-31:0","tanggal":"2024-05-31","presisi_tanggal":"hari","waktu_utc":null,"sumber":"pvmbg-lapangan","tipe":null,"desa":null,"kecamatan":null,"kab_kode":"71.07","kab_nama":"Kabupaten Minahasa Tenggara","provinsi":"Sulawesi Utara"}},{"type":"Feature","geometry":{"type":"Point","coordinates":[120.2096,-3.3574]},"properties":{"id":"pvmbg:999_2024:2024-06-03:0","tanggal":"2024-06-03","presisi_tanggal":"hari","waktu_utc":null,"sumber":"pvmbg-lapangan","tipe":null,"desa":null,"kecamatan":null,"kab_kode":"73.17","kab_nama":"Kabupaten Luwu","provinsi":"Sulawesi Selatan"}},{"type":"Feature","geometry":{"type":"Point","coordinates":[104.6188,-5.332]},"properties":{"id":"pvmbg:308_2024:2024-06-06:0","tanggal":"2024-06-06","presisi_tanggal":"hari","waktu_utc":null,"sumber":"pvmbg-lapangan","tipe":null,"desa":null,"kecamatan":"Ulu Belu","kab_kode":"18.06","kab_nama":"Kabupaten Tanggamus","provinsi":"Lampung"}},{"type":"Feature","geometry":{"type":"Point","coordinates":[104.6145,-5.313]},"properties":{"id":"pvmbg:308_2024:2024-06-06:1","tanggal":"2024-06-06","presisi_tanggal":"hari","waktu_utc":null,"sumber":"pvmbg-lapangan","tipe":null,"desa":null,"kecamatan":"Ulu Belu","kab_kode":"18.06","kab_nama":"Kabupaten Tanggamus","provinsi":"Lampung"}},{"type":"Feature","geometry":{"type":"Point","coordinates":[121.6735,-8.8367]},"properties":{"id":"pvmbg:826_2024:2024-06-07:0","tanggal":"2024-06-07","presisi_tanggal":"hari","waktu_utc":null,"sumber":"pvmbg-lapangan","tipe":null,"desa":null,"kecamatan":null,"kab_kode":"53.08","kab_nama":"Kabupaten Ende","provinsi":"Nusa Tenggara Timur"}},{"type":"Feature","geometry":{"type":"Point","coordinates":[107.9782,-7.3647]},"properties":{"id":"pvmbg:1097_2024:2024-06-29:0","tanggal":"2024-06-29","presisi_tanggal":"hari","waktu_utc":null,"sumber":"pvmbg-lapangan","tipe":null,"desa":null,"kecamatan":null,"kab_kode":"32.06","kab_nama":"Kabupaten Tasikmalaya","provinsi":"Jawa Barat"}},{"type":"Feature","geometry":{"type":"Point","coordinates":[108.0014,-7.3678]},"properties":{"id":"pvmbg:1097_2024:2024-06-29:1","tanggal":"2024-06-29","presisi_tanggal":"hari","waktu_utc":null,"sumber":"pvmbg-lapangan","tipe":null,"desa":null,"kecamatan":null,"kab_kode":"32.06","kab_nama":"Kabupaten Tasikmalaya","provinsi":"Jawa Barat"}},{"type":"Feature","geometry":{"type":"Point","coordinates":[108.0286,-7.3679]},"properties":{"id":"pvmbg:1097_2024:2024-06-29:2","tanggal":"2024-06-29","presisi_tanggal":"hari","waktu_utc":null,"sumber":"pvmbg-lapangan","tipe":null,"desa":null,"kecamatan":null,"kab_kode":"32.06","kab_nama":"Kabupaten Tasikmalaya","provinsi":"Jawa Barat"}},{"type":"Feature","geometry":{"type":"Point","coordinates":[108.0379,-7.3932]},"properties":{"id":"pvmbg:1097_2024:2024-06-29:3","tanggal":"2024-06-29","presisi_tanggal":"hari","waktu_utc":null,"sumber":"pvmbg-lapangan","tipe":null,"desa":null,"kecamatan":null,"kab_kode":"32.06","kab_nama":"Kabupaten Tasikmalaya","provinsi":"Jawa Barat"}},{"type":"Feature","geometry":{"type":"Point","coordinates":[108.1188,-7.1156]},"properties":{"id":"pvmbg:1108_2024:2024-06-29:0","tanggal":"2024-06-29","presisi_tanggal":"hari","waktu_utc":null,"sumber":"pvmbg-lapangan","tipe":null,"desa":null,"kecamatan":"Kadipaten Tasikma","kab_kode":"32.06","kab_nama":"Kabupaten Tasikmalaya","provinsi":"Jawa Barat"}},{"type":"Feature","geometry":{"type":"Point","coordinates":[108.1831,-7.5148]},"properties":{"id":"pvmbg:1109_2024:2024-06-29:0","tanggal":"2024-06-29","presisi_tanggal":"hari","waktu_utc":null,"sumber":"pvmbg-lapangan","tipe":null,"desa":null,"kecamatan":null,"kab_kode":"32.06","kab_nama":"Kabupaten Tasikmalaya","provinsi":"Jawa Barat"}},{"type":"Feature","geometry":{"type":"Point","coordinates":[106.7495,-7.1104]},"properties":{"id":"pvmbg:1180_2024:2024-06-29:0","tanggal":"2024-06-29","presisi_tanggal":"hari","waktu_utc":null,"sumber":"pvmbg-lapangan","tipe":null,"desa":null,"kecamatan":null,"kab_kode":"32.02","kab_nama":"Kabupaten Sukabumi","provinsi":"Jawa Barat"}},{"type":"Feature","geometry":{"type":"Point","coordinates":[106.876,-7.0713]},"properties":{"id":"pvmbg:1180_2024:2024-06-29:1","tanggal":"2024-06-29","presisi_tanggal":"hari","waktu_utc":null,"sumber":"pvmbg-lapangan","tipe":null,"desa":null,"kecamatan":null,"kab_kode":"32.02","kab_nama":"Kabupaten Sukabumi","provinsi":"Jawa Barat"}},{"type":"Feature","geometry":{"type":"Point","coordinates":[107.9306,-7.4204]},"properties":{"id":"pvmbg:1185_2024:2024-06-29:0","tanggal":"2024-06-29","presisi_tanggal":"hari","waktu_utc":null,"sumber":"pvmbg-lapangan","tipe":null,"desa":null,"kecamatan":null,"kab_kode":"32.05","kab_nama":"Kabupaten Garut","provinsi":"Jawa Barat"}},{"type":"Feature","geometry":{"type":"Point","coordinates":[107.9126,-7.4505]},"properties":{"id":"pvmbg:1185_2024:2024-06-29:1","tanggal":"2024-06-29","presisi_tanggal":"hari","waktu_utc":null,"sumber":"pvmbg-lapangan","tipe":null,"desa":null,"kecamatan":null,"kab_kode":"32.05","kab_nama":"Kabupaten Garut","provinsi":"Jawa Barat"}},{"type":"Feature","geometry":{"type":"Point","coordinates":[107.8953,-7.4464]},"properties":{"id":"pvmbg:1185_2024:2024-06-29:2","tanggal":"2024-06-29","presisi_tanggal":"hari","waktu_utc":null,"sumber":"pvmbg-lapangan","tipe":null,"desa":null,"kecamatan":null,"kab_kode":"32.05","kab_nama":"Kabupaten Garut","provinsi":"Jawa Barat"}},{"type":"Feature","geometry":{"type":"Point","coordinates":[107.8985,-7.4616]},"properties":{"id":"pvmbg:1219_2024:2024-06-29:0","tanggal":"2024-06-29","presisi_tanggal":"hari","waktu_utc":null,"sumber":"pvmbg-lapangan","tipe":null,"desa":null,"kecamatan":null,"kab_kode":"32.05","kab_nama":"Kabupaten Garut","provinsi":"Jawa Barat"}},{"type":"Feature","geometry":{"type":"Point","coordinates":[107.9026,-7.4966]},"properties":{"id":"pvmbg:1219_2024:2024-06-29:1","tanggal":"2024-06-29","presisi_tanggal":"hari","waktu_utc":null,"sumber":"pvmbg-lapangan","tipe":null,"desa":null,"kecamatan":null,"kab_kode":"32.05","kab_nama":"Kabupaten Garut","provinsi":"Jawa Barat"}},{"type":"Feature","geometry":{"type":"Point","coordinates":[107.8985,-7.4616]},"properties":{"id":"pvmbg:2_2024:2024-06-29:0","tanggal":"2024-06-29","presisi_tanggal":"hari","waktu_utc":null,"sumber":"pvmbg-lapangan","tipe":null,"desa":null,"kecamatan":null,"kab_kode":"32.05","kab_nama":"Kabupaten Garut","provinsi":"Jawa Barat"}},{"type":"Feature","geometry":{"type":"Point","coordinates":[107.9026,-7.4966]},"properties":{"id":"pvmbg:2_2024:2024-06-29:1","tanggal":"2024-06-29","presisi_tanggal":"hari","waktu_utc":null,"sumber":"pvmbg-lapangan","tipe":null,"desa":null,"kecamatan":null,"kab_kode":"32.05","kab_nama":"Kabupaten Garut","provinsi":"Jawa Barat"}},{"type":"Feature","geometry":{"type":"Point","coordinates":[108.0191,-7.3365]},"properties":{"id":"pvmbg:309_2024:2024-06-29:0","tanggal":"2024-06-29","presisi_tanggal":"hari","waktu_utc":null,"sumber":"pvmbg-lapangan","tipe":null,"desa":null,"kecamatan":null,"kab_kode":"32.06","kab_nama":"Kabupaten Tasikmalaya","provinsi":"Jawa Barat"}},{"type":"Feature","geometry":{"type":"Point","coordinates":[108.0317,-7.3253]},"properties":{"id":"pvmbg:309_2024:2024-06-29:1","tanggal":"2024-06-29","presisi_tanggal":"hari","waktu_utc":null,"sumber":"pvmbg-lapangan","tipe":null,"desa":null,"kecamatan":null,"kab_kode":"32.06","kab_nama":"Kabupaten Tasikmalaya","provinsi":"Jawa Barat"}},{"type":"Feature","geometry":{"type":"Point","coordinates":[107.9833,-7.3372]},"properties":{"id":"pvmbg:309_2024:2024-06-29:2","tanggal":"2024-06-29","presisi_tanggal":"hari","waktu_utc":null,"sumber":"pvmbg-lapangan","tipe":null,"desa":null,"kecamatan":null,"kab_kode":"32.06","kab_nama":"Kabupaten Tasikmalaya","provinsi":"Jawa Barat"}},{"type":"Feature","geometry":{"type":"Point","coordinates":[106.7998,-7.2011]},"properties":{"id":"pvmbg:1184_2024:2024-06-30:0","tanggal":"2024-06-30","presisi_tanggal":"hari","waktu_utc":null,"sumber":"pvmbg-lapangan","tipe":null,"desa":null,"kecamatan":null,"kab_kode":"32.02","kab_nama":"Kabupaten Sukabumi","provinsi":"Jawa Barat"}},{"type":"Feature","geometry":{"type":"Point","coordinates":[112.4177,-8.0644]},"properties":{"id":"pvmbg:B-258_2024:2024-06-30:0","tanggal":"2024-06-30","presisi_tanggal":"hari","waktu_utc":null,"sumber":"pvmbg-lapangan","tipe":null,"desa":null,"kecamatan":null,"kab_kode":"35.05","kab_nama":"Kabupaten Blitar","provinsi":"Jawa Timur"}},{"type":"Feature","geometry":{"type":"Point","coordinates":[127.3168,0.7829]},"properties":{"id":"pvmbg:1189_2024:2024-08-25:0","tanggal":"2024-08-25","presisi_tanggal":"hari","waktu_utc":null,"sumber":"pvmbg-lapangan","tipe":null,"desa":null,"kecamatan":"Pulau Ternate","kab_kode":"82.71","kab_nama":"Kota Ternate","provinsi":"Maluku Utara"}},{"type":"Feature","geometry":{"type":"Point","coordinates":[115.5605,-8.3786]},"properties":{"id":"pvmbg:83_2024:2024-08-26:0","tanggal":"2024-08-26","presisi_tanggal":"hari","waktu_utc":null,"sumber":"pvmbg-lapangan","tipe":null,"desa":null,"kecamatan":null,"kab_kode":"51.07","kab_nama":"Kabupaten Karangasem","provinsi":"Bali"}},{"type":"Feature","geometry":{"type":"Point","coordinates":[106.9042,-7.0571]},"properties":{"id":"pvmbg:409_2024:2024-09-05:0","tanggal":"2024-09-05","presisi_tanggal":"hari","waktu_utc":null,"sumber":"pvmbg-lapangan","tipe":null,"desa":null,"kecamatan":null,"kab_kode":"32.02","kab_nama":"Kabupaten Sukabumi","provinsi":"Jawa Barat"}},{"type":"Feature","geometry":{"type":"Point","coordinates":[107.6784,-7.1934]},"properties":{"id":"pvmbg:1356_2024:2024-09-18:0","tanggal":"2024-09-18","presisi_tanggal":"hari","waktu_utc":null,"sumber":"pvmbg-lapangan","tipe":null,"desa":null,"kecamatan":null,"kab_kode":"32.04","kab_nama":"Kabupaten Bandung","provinsi":"Jawa Barat"}},{"type":"Feature","geometry":{"type":"Point","coordinates":[107.6791,-7.1796]},"properties":{"id":"pvmbg:1356_2024:2024-09-18:1","tanggal":"2024-09-18","presisi_tanggal":"hari","waktu_utc":null,"sumber":"pvmbg-lapangan","tipe":null,"desa":null,"kecamatan":null,"kab_kode":"32.04","kab_nama":"Kabupaten Bandung","provinsi":"Jawa Barat"}},{"type":"Feature","geometry":{"type":"Point","coordinates":[107.5245,-6.8114]},"properties":{"id":"pvmbg:1500_2024:2024-10-07:0","tanggal":"2024-10-07","presisi_tanggal":"hari","waktu_utc":null,"sumber":"pvmbg-lapangan","tipe":null,"desa":null,"kecamatan":null,"kab_kode":"32.17","kab_nama":"Kabupaten Bandung Barat","provinsi":"Jawa Barat"}},{"type":"Feature","geometry":{"type":"Point","coordinates":[107.5245,-6.8114]},"properties":{"id":"pvmbg:332_2024:2024-10-07:0","tanggal":"2024-10-07","presisi_tanggal":"hari","waktu_utc":null,"sumber":"pvmbg-lapangan","tipe":null,"desa":null,"kecamatan":null,"kab_kode":"32.17","kab_nama":"Kabupaten Bandung Barat","provinsi":"Jawa Barat"}},{"type":"Feature","geometry":{"type":"Point","coordinates":[98.2761,2.9879]},"properties":{"id":"pvmbg:404_2024:2024-10-10:0","tanggal":"2024-10-10","presisi_tanggal":"hari","waktu_utc":null,"sumber":"pvmbg-lapangan","tipe":null,"desa":null,"kecamatan":null,"kab_kode":"12.06","kab_nama":"Kabupaten Karo","provinsi":"Sumatera Utara"}},{"type":"Feature","geometry":{"type":"Point","coordinates":[98.7004,2.6296]},"properties":{"id":"pvmbg:185_2024:2024-10-11:0","tanggal":"2024-10-11","presisi_tanggal":"hari","waktu_utc":null,"sumber":"pvmbg-lapangan","tipe":null,"desa":null,"kecamatan":null,"kab_kode":"12.17","kab_nama":"Kabupaten Samosir","provinsi":"Sumatera Utara"}},{"type":"Feature","geometry":{"type":"Point","coordinates":[112.1404,-8.1951]},"properties":{"id":"pvmbg:1502_2024:2024-11-01:0","tanggal":"2024-11-01","presisi_tanggal":"bulan","waktu_utc":null,"sumber":"pvmbg-lapangan","tipe":null,"desa":null,"kecamatan":null,"kab_kode":"35.05","kab_nama":"Kabupaten Blitar","provinsi":"Jawa Timur"}},{"type":"Feature","geometry":{"type":"Point","coordinates":[112.1404,-8.1951]},"properties":{"id":"pvmbg:403_2024:2024-11-01:0","tanggal":"2024-11-01","presisi_tanggal":"bulan","waktu_utc":null,"sumber":"pvmbg-lapangan","tipe":null,"desa":null,"kecamatan":null,"kab_kode":"35.05","kab_nama":"Kabupaten Blitar","provinsi":"Jawa Timur"}},{"type":"Feature","geometry":{"type":"Point","coordinates":[119.4146,-2.1624]},"properties":{"id":"pvmbg:1501_2024:2024-11-02:0","tanggal":"2024-11-02","presisi_tanggal":"hari","waktu_utc":null,"sumber":"pvmbg-lapangan","tipe":null,"desa":null,"kecamatan":null,"kab_kode":"76.06","kab_nama":"Kabupaten Mamuju Tengah","provinsi":"Sulawesi Barat"}},{"type":"Feature","geometry":{"type":"Point","coordinates":[119.4146,-2.1624]},"properties":{"id":"pvmbg:218_2024:2024-11-02:0","tanggal":"2024-11-02","presisi_tanggal":"hari","waktu_utc":null,"sumber":"pvmbg-lapangan","tipe":null,"desa":null,"kecamatan":null,"kab_kode":"76.06","kab_nama":"Kabupaten Mamuju Tengah","provinsi":"Sulawesi Barat"}},{"type":"Feature","geometry":{"type":"Point","coordinates":[106.9996,-7.2187]},"properties":{"id":"pvmbg:413_2024:2024-11-22:0","tanggal":"2024-11-22","presisi_tanggal":"hari","waktu_utc":null,"sumber":"pvmbg-lapangan","tipe":null,"desa":null,"kecamatan":null,"kab_kode":"32.03","kab_nama":"Kabupaten Cianjur","provinsi":"Jawa Barat"}},{"type":"Feature","geometry":{"type":"Point","coordinates":[98.516,3.2203]},"properties":{"id":"pvmbg:414_2024:2024-11-24:0","tanggal":"2024-11-24","presisi_tanggal":"hari","waktu_utc":null,"sumber":"pvmbg-lapangan","tipe":null,"desa":null,"kecamatan":null,"kab_kode":"12.06","kab_nama":"Kabupaten Karo","provinsi":"Sumatera Utara"}},{"type":"Feature","geometry":{"type":"Point","coordinates":[98.535,3.2219]},"properties":{"id":"pvmbg:414_2024:2024-11-24:1","tanggal":"2024-11-24","presisi_tanggal":"hari","waktu_utc":null,"sumber":"pvmbg-lapangan","tipe":null,"desa":null,"kecamatan":null,"kab_kode":"12.06","kab_nama":"Kabupaten Karo","provinsi":"Sumatera Utara"}},{"type":"Feature","geometry":{"type":"Point","coordinates":[98.5803,3.3289]},"properties":{"id":"pvmbg:254_2024:2024-11-26:0","tanggal":"2024-11-26","presisi_tanggal":"hari","waktu_utc":null,"sumber":"pvmbg-lapangan","tipe":null,"desa":null,"kecamatan":null,"kab_kode":"12.07","kab_nama":"Kabupaten Deli Serdang","provinsi":"Sumatera Utara"}},{"type":"Feature","geometry":{"type":"Point","coordinates":[125.007,1.7321]},"properties":{"id":"pvmbg:752_2024:2025-04-23:0","tanggal":"2025-04-23","presisi_tanggal":"hari","waktu_utc":null,"sumber":"pvmbg-lapangan","tipe":null,"desa":null,"kecamatan":null,"kab_kode":"71.06","kab_nama":"Kabupaten Minahasa Utara","provinsi":"Sulawesi Utara"}}]}
